article_id,article_version,article_type,code_table_row,brand_name,eff_date,end_date,comments,hcpc_code_id,hcpc_code_version,last_updated,long_description,short_description
52527,90,3,1,Besremi (ropeginterferon alfa-2b-njft) ,2022-04-24 00:00:00,,Apparent on its Face,C9399,101,2026-04-24 12:57:19,UNCLASSIFIED DRUGS OR BIOLOGICALS,Unclassified drugs or biolog
52527,90,3,2,"Kesimpta® (ofatumumab) 

Can be billed under J3490, J3590 as well",2022-11-19 00:00:00,,Apparent on its Face,C9399,101,2026-04-24 12:57:19,UNCLASSIFIED DRUGS OR BIOLOGICALS,Unclassified drugs or biolog
52527,90,3,3,"Abatacept*
Orencia*
Orencia Clickjet*
Note: If being administered IV use modifier “JA”; if administered subcutaneously use modifier “JB” (subcutaneous injection is considered self-administered) ",2021-03-27 00:00:00,,Acceptable Evidentiary Criteria Available,J0129,101,2026-04-24 12:57:19,"INJECTION, ABATACEPT, 10 MG (CODE MAY BE USED FOR MEDICARE WHEN DRUG ADMINISTERED UNDER THE DIRECT SUPERVISION OF A PHYSICIAN, NOT FOR USE WHEN DRUG IS SELF ADMINISTERED)",Abatacept injection
52527,90,3,4,"Injection, adalimumab, 1 mg	Humira®",2025-01-01 00:00:00,,Apparent on its Face,J0139,101,2026-04-24 12:57:19,"INJECTION, ADALIMUMAB, 1 MG","Inj, adalimumab, 1 mg"
52527,90,3,5,"Caverjet®, <br> Edex®",2003-03-15 00:00:00,,Apparent on its Face,J0270,101,2026-04-24 12:57:19,"INJECTION, ALPROSTADIL, 1.25 MCG (CODE MAY BE USED FOR MEDICARE WHEN DRUG ADMINISTERED UNDER THE DIRECT SUPERVISION OF A PHYSICIAN, NOT FOR USE WHEN DRUG IS SELF ADMINISTERED)",Alprostadil for injection
52527,90,3,6,Apokyn,2017-05-31 00:00:00,,Apparent on its Face,J0364,101,2026-04-24 12:57:19,"INJECTION, APOMORPHINE HYDROCHLORIDE, 1 MG",Apomorphine hydrochloride
52527,90,3,7,"Belimumab*
Benlysta*
Note: If being administered IV use modifier “JA”; if administered subcutaneously use modifier “JB” (subcutaneous injection is considered self-administered) ",2021-03-27 00:00:00,,Acceptable Evidentiary Criteria Available,J0490,101,2026-04-24 12:57:19,"INJECTION, BELIMUMAB, 10 MG",Belimumab injection
52527,90,3,8,"LANADELUMAB-FYO
(Takhzyro)",2019-10-01 00:00:00,,Apparent on its Face,J0593,101,2026-04-24 12:57:19,"INJECTION, LANADELUMAB-FLYO, 1 MG (CODE MAY BE USED FOR MEDICARE WHEN DRUG ADMINISTERED UNDER DIRECT SUPERVISION OF A PHYSICIAN, NOT FOR USE WHEN DRUG IS SELF-ADMINISTERED)","Inj., lanadelumab-flyo, 1 mg"
52527,90,3,9,"C1 Inhibitor (Human)
Berinert
Cinryze
Haegarda
Note: Prior to 01/01/2019 billed under J3490",2017-09-25 00:00:00,,Apparent on its Face,J0599,101,2026-04-24 12:57:19,"INJECTION, C-1 ESTERASE INHIBITOR (HUMAN), (HAEGARDA), 10 UNITS","Inj., haegarda 10 units"
52527,90,3,10,"Calcimar
Fortical-DSC
Miacalcin
Osteocalcin
Salmonine",2003-03-15 00:00:00,,Apparent on its Face,J0630,101,2026-04-24 12:57:19,"INJECTION, CALCITONIN SALMON, UP TO 400 UNITS",Calcitonin salmon injection
52527,90,3,11,Acthar® Gel* (use modifier “JA”; if administered subcutaneously use modifier “JB” (subcutaneous injection is considered self-administered) ,2023-10-01 00:00:00,,Apparent on its Face,J0801,101,2026-04-24 12:57:19,"INJECTION, CORTICOTROPIN (ACTHAR GEL), UP TO 40 UNITS",Inj. acthar gel to 40 units
52527,90,3,12,Purified Cortrophin Gel ®*(use modifier “JA”; if administered subcutaneously use modifier “JB” (subcutaneous injection is considered self-administered) ,2023-10-01 00:00:00,,Apparent on its Face,J0802,101,2026-04-24 12:57:19,"INJECTION, CORTICOTROPIN (ANI), UP TO 40 UNITS","Inj. (ani), up to 40 units"
52527,90,3,13,Fuzeon,2007-05-16 00:00:00,,Apparent on its Face,J1324,101,2026-04-24 12:57:19,"INJECTION, ENFUVIRTIDE, 1 MG",Enfuvirtide injection
52527,90,3,14,"Enbrel®
Enbrel Mini
Enbrel Sure Click
Brenzys
Also see J3590 Etanercept-szzs (Erelzi)",2003-03-15 00:00:00,,Apparent on its Face,J1438,101,2026-04-24 12:57:19,"INJECTION, ETANERCEPT, 25 MG (CODE MAY BE USED FOR MEDICARE WHEN DRUG ADMINISTERED UNDER THE DIRECT SUPERVISION OF A PHYSICIAN, NOT FOR USE WHEN DRUG IS SELF ADMINISTERED)",Etanercept injection
52527,90,3,15,"Copaxone
Glatopa
",2007-05-16 00:00:00,,Apparent on its Face,J1595,101,2026-04-24 12:57:19,"INJECTION, GLATIRAMER ACETATE, 20 MG",Injection glatiramer acetate
52527,90,3,16,"Guselkumab
Tremfya *Note: If being administered IV use modifier “JA”; if administered subcutaneously use modifier “JB” (subcutaneous injection is considered self-administered) ",2021-05-15 00:00:00,,Acceptable Evidentiary Criteria Available,J1628,101,2026-04-24 12:57:19,"INJECTION, GUSELKUMAB, 1 MG","Inj., guselkumab, 1 mg"
52527,90,3,17,Supprelin,2007-05-16 00:00:00,,Apparent on its Face,J1675,101,2026-04-24 12:57:19,"INJECTION, HISTRELIN ACETATE, 10 MICROGRAMS",Histrelin acetate
52527,90,3,18,Firazyr,2013-10-23 00:00:00,,Apparent on its Face,J1744,101,2026-04-24 12:57:19,"INJECTION, ICATIBANT, 1 MG",Icatibant injection
52527,90,3,19,Insulin via insulin pump (fiasp) ,2023-08-20 00:00:00,,Apparent on its Face,J1811,101,2026-04-24 12:57:19,"INSULIN (FIASP) FOR ADMINISTRATION THROUGH DME (I.E., INSULIN PUMP) PER 50 UNITS",Fiasp for insulin pump use
52527,90,3,20,Inj. Insulin (fiasp) *Note: If being administered IV use modifier “JA”; if administered subcutaneously use modifier “JB” (subcutaneous injection is considered self-administered),2023-08-13 00:00:00,,Apparent on its Face,J1812,101,2026-04-24 12:57:19,"INSULIN (FIASP), PER 5 UNITS",Inj. insulin (fiasp)
52527,90,3,21,Insulin via insulin pump (lyumjev),2023-08-20 00:00:00,,Apparent on its Face,J1813,101,2026-04-24 12:57:19,"INSULIN (LYUMJEV) FOR ADMINISTRATION THROUGH DME (I.E., INSULIN PUMP) PER 50 UNITS",Lyumjev for insulin pump use
52527,90,3,22,"Inj. insulin (lyumjev) 
U-100 and U-200
 *Note: If being administered IV use modifier “JA”; if administered subcutaneously use modifier “JB” (subcutaneous injection is considered self-administered)",2023-08-13 00:00:00,,Apparent on its Face,J1814,101,2026-04-24 12:57:19,"INSULIN (LYUMJEV), PER 5 UNITS",Inj. insulin (lyumjev)
52527,90,3,23,"Humalog®, <br> Humulin® R, <br> Humalin® 50/50, <br> Lente® Iletin® II, <br> Novolin® ",2003-03-15 00:00:00,,Apparent on its Face,J1815,101,2026-04-24 12:57:19,"INJECTION, INSULIN, PER 5 UNITS",Insulin injection
52527,90,3,24,All Insulin products,2022-11-19 00:00:00,,Apparent on its Face,J1815,101,2026-04-24 12:57:19,"INJECTION, INSULIN, PER 5 UNITS",Insulin injection
52527,90,3,25,All Insulin Products,2022-11-19 00:00:00,,Apparent on its Face,J1817,101,2026-04-24 12:57:19,"INSULIN FOR ADMINISTRATION THROUGH DME (I.E., INSULIN PUMP) PER 50 UNITS",Insulin for insulin pump use
52527,90,3,26,"Humalog,<br> Humulin,<br> Iletin etc.",2007-05-16 00:00:00,,Apparent on its Face,J1817,101,2026-04-24 12:57:19,"INSULIN FOR ADMINISTRATION THROUGH DME (I.E., INSULIN PUMP) PER 50 UNITS",Insulin for insulin pump use
52527,90,3,27,"Avonex Pen
Rebif 
Rebif Rebidose",2017-05-31 00:00:00,,Apparent on its Face,J1826,101,2026-04-24 12:57:19,"INJECTION, INTERFERON BETA-1A, 30 MCG",Interferon beta-1a inj
52527,90,3,28,"Betaseron®
Extavia",2003-03-15 00:00:00,,Apparent on its Face,J1830,101,2026-04-24 12:57:19,"INJECTION, INTERFERON BETA-1B, 0.25 MG (CODE MAY BE USED FOR MEDICARE WHEN DRUG ADMINISTERED UNDER THE DIRECT SUPERVISION OF A PHYSICIAN, NOT FOR USE WHEN DRUG IS SELF ADMINISTERED)",Interferon beta-1b / .25 mg
52527,90,3,29,furosemide (Furoscix),2023-08-20 00:00:00,,Apparent on its Face,J1941,101,2026-04-24 12:57:19,"INJECTION, FUROSEMIDE (FUROSCIX), 20 MG","Inj, furoscix, 20 mg"
52527,90,3,30,Increlex,2007-05-16 00:00:00,,Apparent on its Face,J2170,101,2026-04-24 12:57:19,"INJECTION, MECASERMIN, 1 MG",Mecasermin injection
52527,90,3,31,Relistor,2013-10-23 00:00:00,,Apparent on its Face,J2212,101,2026-04-24 12:57:19,"INJECTION, METHYLNALTREXONE, 0.1 MG",Methylnaltrexone injection
52527,90,3,32,Omvoh mirikizumab-mrkz*  (use modifier “JA”; if administered subcutaneously use modifier “JB” (subcutaneous injection is considered self-administered),2024-07-01 00:00:00,,Apparent on its Face,J2267,101,2026-04-24 12:57:19,"INJECTION, MIRIKIZUMAB-MRKZ, 1 MG","Inj, mirikizumab-mrkz, 1 mg"
52527,90,3,33,"Sandostatin*
Note: If being administered IV use modifier “JA”; if administered subcutaneously use modifier “JB” (subcutaneous injection is considered self-administered) ",2005-08-15 00:00:00,,Apparent on its Face,J2354,101,2026-04-24 12:57:19,"INJECTION, OCTREOTIDE, NON-DEPOT FORM FOR SUBCUTANEOUS OR INTRAVENOUS INJECTION, 25 MCG","Octreotide inj, non-depot"
52527,90,3,34,Papaverine Hydrochloride,2013-10-23 00:00:00,,Apparent on its Face,J2440,101,2026-04-24 12:57:19,"INJECTION, PAPAVERINE HCL, UP TO 60 MG",Papaverin hcl injection
52527,90,3,35,"Genotropin®<br> Humatrope®<br> Norditropin®<br> Nutropin®
Omnitrope
Saizen 
Serostim
Tev-Tropin DSC
Zomacton
Zorbtive",2003-03-15 00:00:00,,Apparent on its Face,J2941,101,2026-04-24 12:57:19,"INJECTION, SOMATROPIN, 1 MG",Somatropin injection
52527,90,3,36,"Imitrex®
Alsuma DSC
Imitrex STATdose Refill
Imitrex STATdose System
Onzetra Xsail
Sumavel DosePro
Zecuity DSC
Zembrace SymTouch
",2003-03-15 00:00:00,,Apparent on its Face,J3030,101,2026-04-24 12:57:19,"INJECTION, SUMATRIPTAN SUCCINATE, 6 MG (CODE MAY BE USED FOR MEDICARE WHEN DRUG ADMINISTERED UNDER THE DIRECT SUPERVISION OF A PHYSICIAN, NOT FOR USE WHEN DRUG IS SELF ADMINISTERED)",Sumatriptan succinate / 6 mg
52527,90,3,37,"Fremanezumab-vfrm
AJOVY",2019-09-09 00:00:00,,Apparent on its Face,J3031,101,2026-04-24 12:57:19,"INJECTION, FREMANEZUMAB-VFRM, 1 MG (CODE MAY BE USED FOR MEDICARE WHEN DRUG ADMINISTERED UNDER THE DIRECT SUPERVISION OF A PHYSICIAN, NOT FOR USE WHEN DRUG IS SELF-ADMINISTERED)","Inj., fremanezumab-vfrm 1 mg"
52527,90,3,38,Forteo® ,2006-10-15 00:00:00,,Apparent on its Face,J3110,101,2026-04-24 12:57:19,"INJECTION, TERIPARATIDE, 10 MCG",Teriparatide injection
52527,90,3,39,"Stelara  
USTEKINUMAB, FOR SUBCUTANEOUS INJECTION, 1 MG",2022-11-01 00:00:00,,Apparent on its Face,J3357,101,2026-04-24 12:57:19,"USTEKINUMAB, FOR SUBCUTANEOUS INJECTION, 1 MG","Ustekinumab sub cu inj, 1 mg"
52527,90,3,40,"SteQeyma* Note: If being administered IV use modifier “JA”; if administered subcutaneously use modifier “JB” (subcutaneous injection is considered self-administered)

Can be billed with J3490, J3590, or C9399 ",2025-06-30 00:00:00,,Apparent on its Face,J3490,101,2026-04-24 12:57:19,UNCLASSIFIED DRUGS,Drugs unclassified injection
52527,90,3,41,Ebglyss (lebrikizumab-lbkz) ,2025-06-30 00:00:00,,Apparent on its Face,J3490,101,2026-04-24 12:57:19,UNCLASSIFIED DRUGS,Drugs unclassified injection
52527,90,3,42,"Mipomersen Sodium 
Kynamro
Note: If billed under any other miscellaneous code (i.e., J3590, J9999, or C9399) same rules apply.

",2013-10-23 00:00:00,,Apparent on its Face,J3490,101,2026-04-24 12:57:19,UNCLASSIFIED DRUGS,Drugs unclassified injection
52527,90,3,43,"Pasireotide Diaspartate 
SIGNIFOR
Note: If billed under any other miscellaneous code (i.e., J3590, J9999, or C9399) same rules apply. (J2502 is only to be used when the LAR form is administered IM under the direct supervision of a physician)

",2013-10-23 00:00:00,,Apparent on its Face,J3490,101,2026-04-24 12:57:19,UNCLASSIFIED DRUGS,Drugs unclassified injection
52527,90,3,44,"Liraglutide-GLP-1 agonist DM 
Victoza
Saxenda
Note: If billed under any other miscellaneous code (i.e., J3590, J9999, or C9399) same rules apply.

",2013-10-23 00:00:00,,Apparent on its Face,J3490,101,2026-04-24 12:57:19,UNCLASSIFIED DRUGS,Drugs unclassified injection
52527,90,3,45,"Exenatide
Byetta
Note: If billed under any other miscellaneous code (i.e., J3590, J9999, or C9399) same rules apply.
 ",2005-08-15 00:00:00,,Apparent on its Face,J3490,101,2026-04-24 12:57:19,UNCLASSIFIED DRUGS,Drugs unclassified injection
52527,90,3,46,"Pramlintide Acetate
SymlinPen 60 or 120
Note: If billed under any other miscellaneous code (i.e., J3590, J9999, or C9399) same rules apply.
",2005-08-15 00:00:00,,Apparent on its Face,J3490,101,2026-04-24 12:57:19,UNCLASSIFIED DRUGS,Drugs unclassified injection
52527,90,3,47,"Trimix (alprostadil, papaverine and phentolamine)
Quadramix (alprostadil, papaverine, phentolamine and atropine)
Note: If billed under any other miscellaneous code (i.e., J3590, J7999, J9999, or C9399) same rules apply.



 . ",2010-08-15 00:00:00,,Apparent on its Face,J3490,101,2026-04-24 12:57:19,UNCLASSIFIED DRUGS,Drugs unclassified injection
52527,90,3,48,"Methotrexate - Solution Auto-injector Non Chemotherapeutic
Otrexup
Rasuvo
Note: If billed under any other miscellaneous code (i.e., J3590, J9999, or C9399) same rules apply.

",2015-10-01 00:00:00,,Apparent on its Face,J3490,101,2026-04-24 12:57:19,UNCLASSIFIED DRUGS,Drugs unclassified injection
52527,90,3,49,"Secukinumab
Cosentyx
Note: If billed under any other miscellaneous code (i.e., J3590, J9999, or C9399) same rules apply.

",2015-10-01 00:00:00,,Apparent on its Face,J3490,101,2026-04-24 12:57:19,UNCLASSIFIED DRUGS,Drugs unclassified injection
52527,90,3,50,"Dulaglutide
Trulicity 
Note: If billed under any other miscellaneous code (i.e., J3590, J9999, or C9399) same rules apply.",2015-10-01 00:00:00,,Apparent on its Face,J3490,101,2026-04-24 12:57:19,UNCLASSIFIED DRUGS,Drugs unclassified injection
52527,90,3,51,"Alirocumib 
Praluent
Note: If billed under any other miscellaneous code (i.e., J3590, J9999, or C9399) same rules apply",2016-10-17 00:00:00,,Apparent on its Face,J3490,101,2026-04-24 12:57:19,UNCLASSIFIED DRUGS,Drugs unclassified injection
52527,90,3,52,"Albiglutide, SQ 
Tanzeum 
Note: If billed under any other miscellaneous code (i.e., J3590, J9999, or C9399) same rules apply",2017-05-31 00:00:00,,Apparent on its Face,J3490,101,2026-04-24 12:57:19,UNCLASSIFIED DRUGS,Drugs unclassified injection
52527,90,3,53,"Metreleptin 
Myalept
Note: If billed under any other miscellaneous code (i.e., J3590, J9999, or C9399) same rules apply 
",2017-05-31 00:00:00,,Apparent on its Face,J3490,101,2026-04-24 12:57:19,UNCLASSIFIED DRUGS,Drugs unclassified injection
52527,90,3,54,"Tesamorelin 
Egrifta
Note: If billed under any other miscellaneous code (i.e., J3590, J9999, or C9399) same rules apply
",2017-05-31 00:00:00,,Apparent on its Face,J3490,101,2026-04-24 12:57:19,UNCLASSIFIED DRUGS,Drugs unclassified injection
52527,90,3,55,"Asfotase-alfa 
Strensiq 
Note: If billed under any other miscellaneous code (i.e., J3590, J9999, or C9399) same rules apply",2017-05-31 00:00:00,,Apparent on its Face,J3490,101,2026-04-24 12:57:19,UNCLASSIFIED DRUGS,Drugs unclassified injection
52527,90,3,56,"Dupilumab
Dupixent

Note: If billed under any other miscellaneous code (i.e., J3590, J9999, or C9399) same rules apply",2018-09-28 00:00:00,,Apparent on its Face,J3490,101,2026-04-24 12:57:19,UNCLASSIFIED DRUGS,Drugs unclassified injection
52527,90,3,57,"Evolocumab 
Repatha
Repatha Pushtronex System
Repatha SureClick
Note: If billed under any other miscellaneous code (i.e., J3590, J9999, or C9399) same rules apply

",2017-05-31 00:00:00,,Apparent on its Face,J3490,101,2026-04-24 12:57:19,UNCLASSIFIED DRUGS,Drugs unclassified injection
52527,90,3,58,"Exenatide XR 
Bydureon 
Note: If billed under any other miscellaneous code (i.e., J3590, J9999, or C9399) same rules apply",2017-05-31 00:00:00,,Apparent on its Face,J3490,101,2026-04-24 12:57:19,UNCLASSIFIED DRUGS,Drugs unclassified injection
52527,90,3,59,"Ixekizumab
Taltz
Note: If billed under any other miscellaneous code (i.e., J3590, J9999, or C9399) same rules apply",2019-09-09 00:00:00,,Apparent on its Face,J3490,101,2026-04-24 12:57:19,UNCLASSIFIED DRUGS,Drugs unclassified injection
52527,90,3,60,"Golimumab - Non-IV Form
Simponi - Non-IV Form

Note: If billed under any other miscellaneous code (i.e., J3590, J9999, or C9399) same rules apply",2016-10-17 00:00:00,,Apparent on its Face,J3490,101,2026-04-24 12:57:19,UNCLASSIFIED DRUGS,Drugs unclassified injection
52527,90,3,61,"Tralokinumab-Idrm (Adbry™)

This can also be billed with J3590 and C9399",2022-11-01 00:00:00,,Apparent on its Face,J3490,101,2026-04-24 12:57:19,UNCLASSIFIED DRUGS,Drugs unclassified injection
52527,90,3,62,"Tirzepatide (Monjaro, Zetbound)

Also billed under: J3590 and C9399",2022-11-19 00:00:00,,Apparent on its Face,J3490,101,2026-04-24 12:57:19,UNCLASSIFIED DRUGS,Drugs unclassified injection
52527,90,3,63,"All Insulin Products

Also can be billed under J3590 and C9399",2022-11-19 00:00:00,,Apparent on its Face,J3490,101,2026-04-24 12:57:19,UNCLASSIFIED DRUGS,Drugs unclassified injection
52527,90,3,64,"If billed under any other miscellaneous code (i.e., J3590, J9999, or C9399) same rules apply.

ABRILADA (adalimumab-afzb) is biosimilar* to HUMIRA (adalimumab).
HADLIMA (adalimumab-bwwd) is biosimilar* to HUMIRA (adalimumab)
HULIO® (adalimumab-fkjp) is biosimilar* to HUMIRA (adalimumab)
HYRIMOZ (adalimumab-adaz) is biosimilar* to HUMIRA (adalimumab)
YUSIMRY (adalimumab-aqvh) is biosimilar* to HUMIRA (adalimumab)

",2023-06-25 00:00:00,,Apparent on its Face,J3490,101,2026-04-24 12:57:19,UNCLASSIFIED DRUGS,Drugs unclassified injection
52527,90,3,65,"Vedolizumab*
Entyvio* (J3490, J3590, C9399) 
(use modifier “JA”; if administered subcutaneously use modifier “JB” (subcutaneous injection is considered self-administered) ",2024-01-13 00:00:00,,Apparent on its Face,J3490,101,2026-04-24 12:57:19,UNCLASSIFIED DRUGS,Drugs unclassified injection
52527,90,3,66,"Yuflyma (J3490, J3590, C9399)",2024-01-13 00:00:00,,Apparent on its Face,J3490,101,2026-04-24 12:57:19,UNCLASSIFIED DRUGS,Drugs unclassified injection
52527,90,3,67,"Adalimumab-atto
Amjevita
Biosimilar to Adalimumab (Humira)
Note: If billed under any other miscellaneous code (i.e., J3490, J9999, or C9399) same rules apply",2019-09-09 00:00:00,,Apparent on its Face,J3590,101,2026-04-24 12:57:19,UNCLASSIFIED BIOLOGICS,Unclassified biologics
52527,90,3,68,"Brodalumab
Siliq
Note: If billed under any other miscellaneous code (i.e., J3490, J9999, or C9399) same rules apply",2019-09-09 00:00:00,,Apparent on its Face,J3590,101,2026-04-24 12:57:19,UNCLASSIFIED BIOLOGICS,Unclassified biologics
52527,90,3,69,"Abaloparatide 
Tymlos
Note: If billed under any other miscellaneous code (i.e., J3490, J9999, or C9399) same rules apply",2019-09-09 00:00:00,,Apparent on its Face,J3590,101,2026-04-24 12:57:19,UNCLASSIFIED BIOLOGICS,Unclassified biologics
52527,90,3,70,"Sarilumab
Kevzara
Note: If billed under any other miscellaneous code (i.e., J3490, J9999, or C9399) same rules apply",2019-09-09 00:00:00,,Apparent on its Face,J3590,101,2026-04-24 12:57:19,UNCLASSIFIED BIOLOGICS,Unclassified biologics
52527,90,3,71,"Semaglutide
Ozempic
Wegovy
Note: If billed under any other miscellaneous code (i.e., J3490, J9999, or C9399) same rules apply",2019-09-09 00:00:00,,Apparent on its Face,J3590,101,2026-04-24 12:57:19,UNCLASSIFIED BIOLOGICS,Unclassified biologics
52527,90,3,72,"Erenumab-aoooe
Aimovig
Note: If billed under any other miscellaneous code (i.e., J3490, J9999, or C9399) same rules apply",2019-09-09 00:00:00,,Apparent on its Face,J3590,101,2026-04-24 12:57:19,UNCLASSIFIED BIOLOGICS,Unclassified biologics
52527,90,3,73,"Galcanezumab-gnlm
Emgality
Note: If billed under any other miscellaneous code (i.e., J3490, J9999, or C9399) same rules apply",2019-09-09 00:00:00,,Apparent on its Face,J3590,101,2026-04-24 12:57:19,UNCLASSIFIED BIOLOGICS,Unclassified biologics
52527,90,3,74,"Adalimumab-adbm
Cyltezo

Note: If billed under any other miscellaneous code (i.e., J3490, J9999, or C9399) same rules apply",2018-09-28 00:00:00,,Apparent on its Face,J3590,101,2026-04-24 12:57:19,UNCLASSIFIED BIOLOGICS,Unclassified biologics
52527,90,3,75,"Adalimumab-bwwd (Hadlima) biosimilar to Adalimumab
Note: If billed under any other miscellaneous code (i.e., J3490, J9999, or C9399) same rules apply",2019-09-09 00:00:00,,Apparent on its Face,J3590,101,2026-04-24 12:57:19,UNCLASSIFIED BIOLOGICS,Unclassified biologics
52527,90,3,76,"Adalimumab-adaz (Hyrimoz)
Note: If billed under any other miscellaneous code (i.e., J3490, J9999, or C9399) same rules apply",2019-09-09 00:00:00,,Apparent on its Face,J3590,101,2026-04-24 12:57:19,UNCLASSIFIED BIOLOGICS,Unclassified biologics
52527,90,3,77,"Etanercept-SZZS
Erelzi
Note: If billed under any other miscellaneous code (i.e., J3490, J9999, or C9399) same rules apply",2016-10-17 00:00:00,,Apparent on its Face,J3590,101,2026-04-24 12:57:19,UNCLASSIFIED BIOLOGICS,Unclassified biologics
52527,90,3,78,"Parathyroid Hormone 
Natpara
Note: If billed under any other miscellaneous code (i.e., J3490, J9999, or C9399) same rules apply
",2015-04-15 00:00:00,,Apparent on its Face,J3590,101,2026-04-24 12:57:19,UNCLASSIFIED BIOLOGICS,Unclassified biologics
52527,90,3,79,"Anakinra
Kineret
Note: If billed under any other miscellaneous code (i.e., J3490, J9999, or C9399) same rules apply",2007-05-16 00:00:00,,Apparent on its Face,J3590,101,2026-04-24 12:57:19,UNCLASSIFIED BIOLOGICS,Unclassified biologics
52527,90,3,80,"Peg-interferon Alfa 2B
Pegintron
Sylantra
Note: If billed under any other miscellaneous code (i.e., J3490, J9999, or C9399) same rules apply
",2007-05-16 00:00:00,,Apparent on its Face,J3590,101,2026-04-24 12:57:19,UNCLASSIFIED BIOLOGICS,Unclassified biologics
52527,90,3,81,"Peginterferon Alpha-2A
Pegasys
Pegasys Proclick
Note: If billed under any other miscellaneous code (i.e., J3490, J9999, or C9399) same rules apply
",2007-05-16 00:00:00,,Apparent on its Face,J3590,101,2026-04-24 12:57:19,UNCLASSIFIED BIOLOGICS,Unclassified biologics
52527,90,3,82,"Pegvisomant
Somavert
Note: If billed under any other miscellaneous code (i.e., J3490, J9999, or C9399) same rules apply
",2007-05-16 00:00:00,,Apparent on its Face,J3590,101,2026-04-24 12:57:19,UNCLASSIFIED BIOLOGICS,Unclassified biologics
52527,90,3,83,"Somapacitan-beco
Sogroya",2021-03-27 00:00:00,,Apparent on its Face,J3590,101,2026-04-24 12:57:19,UNCLASSIFIED BIOLOGICS,Unclassified biologics
52527,90,3,84,"Risankizumab-rzaa (Skyrizi™) 

This can also be billed with J3490 or C9399 as well as J3590.",2022-05-15 00:00:00,,Apparent on its Face,J3590,101,2026-04-24 12:57:19,UNCLASSIFIED BIOLOGICS,Unclassified biologics
52527,90,3,85,"Peginterferon Alpha 2A
Roferon A
Pegasys Proclick",2007-05-16 00:00:00,,Apparent on its Face,J9213,101,2026-04-24 12:57:19,"INJECTION, INTERFERON, ALFA-2A, RECOMBINANT, 3 MILLION UNITS",Interferon alfa-2a inj
52527,90,3,86,Actimmune,2007-05-16 00:00:00,,Apparent on its Face,J9216,101,2026-04-24 12:57:19,"INJECTION, INTERFERON, GAMMA 1-B, 3 MILLION UNITS",Interferon gamma 1-b inj
52527,90,3,87,"Lupron®
Eligard®",2003-03-15 00:00:00,,Apparent on its Face,J9218,101,2026-04-24 12:57:19,"LEUPROLIDE ACETATE, PER 1 MG",Leuprolide acetate injeciton
52527,90,3,88,"INJECTION, SERMORELIN ACETATE, 1 MICROGRAM
Geref Diagnostic",2023-10-25 00:00:00,,Apparent on its Face,Q0515,101,2026-04-24 12:57:19,"INJECTION, SERMORELIN ACETATE, 1 MICROGRAM",Sermorelin acetate injection
52527,90,3,89,"Injection, INJECTION, INTERFERON BETA-1A, 1 MCG FOR INTRAMUSCULAR USE  
Avonex",2021-06-04 00:00:00,,Acceptable Evidentiary Criteria Available,Q3027,101,2026-04-24 12:57:19,"INJECTION, INTERFERON BETA-1A, 1 MCG FOR INTRAMUSCULAR USE",Inj beta interferon im 1 mcg
52527,90,3,90,"INJECTION, INTERFERON BETA-1A, 1 MCG FOR SUBCUTANEOUS USE 
Rebif      ",2021-06-04 00:00:00,,Acceptable Evidentiary Criteria Available,Q3028,101,2026-04-24 12:57:19,"INJECTION, INTERFERON BETA-1A, 1 MCG FOR SUBCUTANEOUS USE",Inj beta interferon sq 1 mcg
52527,90,3,91,"Inj ustekinumab-srlf, 1 mg*Note: If being administered IV use modifier “JA”; if administered subcutaneously use modifier “JB” (subcutaneous injection is considered self-administered)",2025-07-01 00:00:00,,Apparent on its Face,Q5098,101,2026-04-24 12:57:19,"INJECTION, USTEKINUMAB-SRLF (IMULDOSA), BIOSIMILAR, 1 MG","Inj ustekinumab-srlf, 1 mg"
52527,90,3,92,"Inj ustekinumab-stba, 1 mg *Note: If being administered IV use modifier “JA”; if administered subcutaneously use modifier “JB” (subcutaneous injection is considered self-administered)",2025-07-01 00:00:00,,Apparent on its Face,Q5099,101,2026-04-24 12:57:19,"INJECTION, USTEKINUMAB-STBA (STEQEYMA), BIOSIMILAR, 1 MG","Inj ustekinumab-stba, 1 mg"
52527,90,3,93,"Inj ustekinumab-kfce, 1 mg *Note: If being administered IV use modifier “JA”; if administered subcutaneously use modifier “JB” (subcutaneous injection is considered self-administered)",2025-07-01 00:00:00,,Apparent on its Face,Q5100,101,2026-04-24 12:57:19,"INJECTION, USTEKINUMAB-KFCE (YESINTEK), BIOSIMILAR, 1 MG","Inj ustekinumab-kfce, 1 mg"
52527,90,3,94,"Injection, adalimumab-fkjp, biosimilar, 1 mg",2025-01-01 00:00:00,,Apparent on its Face,Q5140,101,2026-04-24 12:57:19,"INJECTION, ADALIMUMAB-FKJP, BIOSIMILAR, 1 MG","Inj adalimumab-fkjp, 1 mg"
52527,90,3,95,"Injection, adalimumab-aaty, biosimilar, 1 mg",2025-01-01 00:00:00,,Apparent on its Face,Q5141,101,2026-04-24 12:57:19,"INJECTION, ADALIMUMAB-AATY, BIOSIMILAR, 1 MG","Inj adalimumab-aaty, 1 mg"
52527,90,3,96,"Injection, adalimumab-ryvk biosimilar, 1 mg",2025-01-01 00:00:00,,Apparent on its Face,Q5142,101,2026-04-24 12:57:19,"INJECTION, ADALIMUMAB-RYVK BIOSIMILAR, 1 MG","Inj adalimumab-ryvk, 1 mg"
52527,90,3,97,"Injection, adalimumab-adbm, biosimilar, 1 mg",2025-01-01 00:00:00,,Apparent on its Face,Q5143,101,2026-04-24 12:57:19,"INJECTION, ADALIMUMAB-ADBM, BIOSIMILAR, 1 MG","Inj adalimumab-adbm, 1 mg"
52527,90,3,98,"Injection, adalimumab-aacf (idacio), biosimilar, 1 mg",2025-01-01 00:00:00,,Apparent on its Face,Q5144,101,2026-04-24 12:57:19,"INJECTION, ADALIMUMAB-AACF (IDACIO), BIOSIMILAR, 1 MG","Inj, idacio, 1 mg"
52527,90,3,99,"Injection, adalimumab-afzb (abrilada), biosimilar, 1 mg",2025-01-01 00:00:00,,Apparent on its Face,Q5145,101,2026-04-24 12:57:19,"INJECTION, ADALIMUMAB-AFZB (ABRILADA), BIOSIMILAR, 1 MG","Inj, abrilada, 1 mg"
52527,90,3,100,"Injection, ustekinumab-ttwe (pyzchiva), subcutaneous, 1 mg
	pyzchiva
",2025-01-01 00:00:00,,Acceptable Evidentiary Criteria Available,Q9996,101,2026-04-24 12:57:19,"INJECTION, USTEKINUMAB-TTWE (PYZCHIVA), SUBCUTANEOUS, 1 MG",Ustekinumab- ttwe sub cu inj
52527,90,3,101,"Injection, ustekinumab-aekn (selarsdi), 1 mg	ustekinumab-aekn (selarsdi)*Note: If being administered IV use modifier “JA”; if administered subcutaneously use modifier “JB” (subcutaneous injection is considered self-administered)",2025-01-01 00:00:00,,Acceptable Evidentiary Criteria Available,Q9998,101,2026-04-24 12:57:19,"INJECTION, USTEKINUMAB-AEKN (SELARSDI), BIOSIMILAR, 1 MG","Inj ustekinumab-aekn, 1 mg"
52527,90,3,102,Otulfi*Note: If being administered IV use modifier “JA”; if administered subcutaneously use modifier “JB” (subcutaneous injection is considered self-administered),2025-06-30 00:00:00,,Apparent on its Face,Q9999,101,2026-04-24 12:57:19,"INJECTION, USTEKINUMAB-AAUZ (OTULFI), BIOSIMILAR, 1 MG",Inj ustekinumab-aauz 1 mg
52527,90,3,103,"nemolizumab-ilto (Nemluvio)

Can alos be billed with code J3490 and C9399",2026-06-14 00:00:00,,Apparent on its Face,J3590,101,2026-04-24 12:57:19,UNCLASSIFIED BIOLOGICS,Unclassified biologics
52527,90,3,104,Abatacept (Orencia),2016-10-17 00:00:00,2017-04-17 00:00:00,Apparent on its Face,J0129,101,2026-04-24 12:57:19,"INJECTION, ABATACEPT, 10 MG (CODE MAY BE USED FOR MEDICARE WHEN DRUG ADMINISTERED UNDER THE DIRECT SUPERVISION OF A PHYSICIAN, NOT FOR USE WHEN DRUG IS SELF ADMINISTERED)",Abatacept injection
52527,90,3,105,"Abatacept; Orencia when self administered
Note: J0129 Abatacept should only be used for Medicare when administered under the direct supervision of a physician, not for use when drug is self administered. If filing for self-administered form for Medicare denial, use J3490, J3590, or C9399 listed within this document.",2016-10-17 00:00:00,2020-01-23 00:00:00,Apparent on its Face,J0129,101,2026-04-24 12:57:19,"INJECTION, ABATACEPT, 10 MG (CODE MAY BE USED FOR MEDICARE WHEN DRUG ADMINISTERED UNDER THE DIRECT SUPERVISION OF A PHYSICIAN, NOT FOR USE WHEN DRUG IS SELF ADMINISTERED)",Abatacept injection
52527,90,3,106,Muse,2003-03-15 00:00:00,2017-04-17 00:00:00,Apparent on its Face,J0275,101,2026-04-24 12:57:19,"ALPROSTADIL URETHRAL SUPPOSITORY (CODE MAY BE USED FOR MEDICARE WHEN DRUG ADMINISTERED UNDER THE DIRECT SUPERVISION OF A PHYSICIAN, NOT FOR USE WHEN DRUG IS SELF ADMINISTERED)",Alprostadil urethral suppos
52527,90,3,107,"Immune Globulin
Cuvitru",2021-03-27 00:00:00,2021-03-27 00:00:00,Apparent on its Face,J1555,101,2026-04-24 12:57:19,"INJECTION, IMMUNE GLOBULIN (CUVITRU), 100 MG","Inj cuvitru, 100 mg"
52527,90,3,108,"Immune Globulin-klhw
Xemblify
",2021-03-27 00:00:00,2021-03-27 00:00:00,Apparent on its Face,J1558,101,2026-04-24 12:57:19,"INJECTION, IMMUNE GLOBULIN (XEMBIFY), 100 MG","Inj. xembify, 100 mg"
52527,90,3,109,Hizentra,2013-10-23 00:00:00,2020-12-31 00:00:00,Apparent on its Face,J1559,101,2026-04-24 12:57:19,"INJECTION, IMMUNE GLOBULIN (HIZENTRA), 100 MG",Hizentra injection
52527,90,3,110,"Simponi
Note: If billing for any other form of this drug, use J3490. Removing J1602 from list as code is for IV form only and references Simponi Aria.",2016-10-17 00:00:00,2016-10-17 00:00:00,Apparent on its Face,J1602,101,2026-04-24 12:57:19,"INJECTION, GOLIMUMAB, 1 MG, FOR INTRAVENOUS USE",Golimumab for iv use 1mg
52527,90,3,111,Tremfya,2020-05-01 00:00:00,2020-05-01 00:00:00,Acceptable Evidentiary Criteria Available,J1628,101,2026-04-24 12:57:19,"INJECTION, GUSELKUMAB, 1 MG","Inj., guselkumab, 1 mg"
52527,90,3,112,Regitine,2013-10-23 00:00:00,2019-07-24 00:00:00,Apparent on its Face,J2760,101,2026-04-24 12:57:19,"INJECTION, PHENTOLAMINE MESYLATE, UP TO 5 MG",Phentolaine mesylate inj
52527,90,3,113,Stelara,2020-05-01 00:00:00,2020-05-01 00:00:00,Acceptable Evidentiary Criteria Available,J3357,101,2026-04-24 12:57:19,"USTEKINUMAB, FOR SUBCUTANEOUS INJECTION, 1 MG","Ustekinumab sub cu inj, 1 mg"
52527,90,3,114,"Otrexup (Methotrexate - Solution Auto-injector Non Chemotherapeutic)
See under J3490 Methotrexate Solution Auto-injector Non Chemotherapeutic",2015-10-01 00:00:00,2017-04-18 00:00:00,Apparent on its Face,J3490,101,2026-04-24 12:57:19,UNCLASSIFIED DRUGS,Drugs unclassified injection
52527,90,3,115,"Insulin Glargine (pen injector) 
Toujeo SoloStar
Lantus
Note: If billed under any other miscellaneous code (i.e., J3590, J9999, or C9399) same rules apply.
",2015-10-01 00:00:00,2022-11-19 00:00:00,Apparent on its Face,J3490,101,2026-04-24 12:57:19,UNCLASSIFIED DRUGS,Drugs unclassified injection
52527,90,3,116,"Abatacept, SQ 
Orencia
Orencia Prefilled Syringe
Orencia Clickjet
Note: Note: If billed under any other miscellaneous code (i.e., J3590, J9999, or C9399) same rules applySpecial Instruction:
(Note: J0129 Abatacept is only to be used when administered by IV infusion under direct supervision of a physician) 
Note: End dating and adding code J0129 with additional information

",2017-05-31 00:00:00,2021-03-27 00:00:00,Apparent on its Face,J3490,101,2026-04-24 12:57:19,UNCLASSIFIED DRUGS,Drugs unclassified injection
52527,90,3,117,"Quadmix (alprostadil, atropine, papaverine, phentolamine)
Note: If billed under any other miscellaneous code (i.e., J3590, J9999, or C9399) same rules apply
Note End dating as this is a duplicate entry see under J3490 with Timix and Quadramix",2017-05-31 00:00:00,2021-02-10 00:00:00,Apparent on its Face,J3490,101,2026-04-24 12:57:19,UNCLASSIFIED DRUGS,Drugs unclassified injection
52527,90,3,118,"Tezspire (Tezepelumab-Ekko) 
CUrrently billed with unlisted codes J34490, J3590 or C9399 for ASC and facility POS
Effective 07/01/2022 use J2356

Note: If being administered IV use modifier “JA”; if administered subcutaneously use modifier “JB” (subcutaneous injection is considered self-administered)",2022-07-10 00:00:00,2022-07-10 00:00:00,Apparent on its Face,J3490,101,2026-04-24 12:57:19,UNCLASSIFIED DRUGS,Drugs unclassified injection
52527,90,3,119,"Omvoh
mirikizumab-mrkz
(J3490, J3590, C9399)
(use modifier “JA”; if administered subcutaneously use modifier “JB” (subcutaneous injection is considered self-administered) ",2024-01-13 00:00:00,2024-06-30 00:00:00,Apparent on its Face,J3490,101,2026-04-24 12:57:19,UNCLASSIFIED DRUGS,Drugs unclassified injection
52527,90,3,120,"Etanercept-szzs
Erelzi
Biosimilar to Etanercept (Enbrel) under J1438
Note: If billed under any other miscellaneous code (i.e., J3490, J9999, or C9399) same rules apply

**End dating 09/09/2019 entry only as this is already listed under J3490 effective 10/17/2016 which still applies.",2019-09-09 00:00:00,2019-09-09 00:00:00,Apparent on its Face,J3590,101,2026-04-24 12:57:19,UNCLASSIFIED BIOLOGICS,Unclassified biologics
52527,90,3,121,"Peginterferon Beta-1A 
Plegridy
Note: If billed under any other miscellaneous code (i.e., J3490, J9999, or C9399) same rules apply
Note: End dating as this is listed under J9213",2016-10-17 00:00:00,2021-03-27 00:00:00,Apparent on its Face,J3590,101,2026-04-24 12:57:19,UNCLASSIFIED BIOLOGICS,Unclassified biologics
52527,90,3,122,"Raptiva
removing no longer available",2007-05-16 00:00:00,2017-04-18 00:00:00,Apparent on its Face,J3590,101,2026-04-24 12:57:19,UNCLASSIFIED BIOLOGICS,Unclassified biologics
52571,143,3,1,Bydureon (exenatide extended release for injectable suspension) ,2012-08-06 00:00:00,,Apparent on its Face,C9399,102,2026-07-10 13:46:46,UNCLASSIFIED DRUGS OR BIOLOGICALS,Unclassified drugs or biolog
52571,143,3,2,Victoza (liraglutide),2010-05-01 00:00:00,,Acceptable Evidentiary Criteria Available,C9399,102,2026-07-10 13:46:46,UNCLASSIFIED DRUGS OR BIOLOGICALS,Unclassified drugs or biolog
52571,143,3,3,Simponi (golimumab),2010-05-01 00:00:00,,Presumption of Long-Term Non-Acute Administration,C9399,102,2026-07-10 13:46:46,UNCLASSIFIED DRUGS OR BIOLOGICALS,Unclassified drugs or biolog
52571,143,3,4,Egrifta (tesamorelin),2011-06-04 00:00:00,,Presumption of Long-Term Non-Acute Administration,C9399,102,2026-07-10 13:46:46,UNCLASSIFIED DRUGS OR BIOLOGICALS,Unclassified drugs or biolog
52571,143,3,5,Kineret 100 mg (anakinra),2003-04-13 00:00:00,,Apparent on its Face,C9399,102,2026-07-10 13:46:46,UNCLASSIFIED DRUGS OR BIOLOGICALS,Unclassified drugs or biolog
52571,143,3,6, Byetta (exenatide injection),2006-01-19 00:00:00,,Apparent on its Face,C9399,102,2026-07-10 13:46:46,UNCLASSIFIED DRUGS OR BIOLOGICALS,Unclassified drugs or biolog
52571,143,3,7,"Pegasys, Pegasys Proclick (peginterferon alfa-2a)",2006-03-05 00:00:00,,Apparent on its Face,C9399,102,2026-07-10 13:46:46,UNCLASSIFIED DRUGS OR BIOLOGICALS,Unclassified drugs or biolog
52571,143,3,8,Sylatron (peginterferon alfa-2b) ,2012-05-19 00:00:00,,Presumption of Long-Term Non-Acute Administration,C9399,102,2026-07-10 13:46:46,UNCLASSIFIED DRUGS OR BIOLOGICALS,Unclassified drugs or biolog
52571,143,3,9,Signifor (pasireotide),2013-06-17 00:00:00,,Presumption of Long-Term Non-Acute Administration,C9399,102,2026-07-10 13:46:46,UNCLASSIFIED DRUGS OR BIOLOGICALS,Unclassified drugs or biolog
52571,143,3,10,Trulicity (dulaglutide)       ,2015-09-28 00:00:00,,Apparent on its Face,C9399,102,2026-07-10 13:46:46,UNCLASSIFIED DRUGS OR BIOLOGICALS,Unclassified drugs or biolog
52571,143,3,11,Otrexup (methotrexate injection) ,2015-09-28 00:00:00,,Apparent on its Face,C9399,102,2026-07-10 13:46:46,UNCLASSIFIED DRUGS OR BIOLOGICALS,Unclassified drugs or biolog
52571,143,3,12,Plegridy (peginterferon beta-1a) ,2015-09-28 00:00:00,,Apparent on its Face,C9399,102,2026-07-10 13:46:46,UNCLASSIFIED DRUGS OR BIOLOGICALS,Unclassified drugs or biolog
52571,143,3,13,Cosentyx (secukinumab),2015-09-28 00:00:00,,Apparent on its Face,C9399,102,2026-07-10 13:46:46,UNCLASSIFIED DRUGS OR BIOLOGICALS,Unclassified drugs or biolog
52571,143,3,14,Tanzeum 30mg (albiglutide for subcutaneous injection) ,2014-12-01 00:00:00,,Apparent on its Face,C9399,102,2026-07-10 13:46:46,UNCLASSIFIED DRUGS OR BIOLOGICALS,Unclassified drugs or biolog
52571,143,3,15,Rebif 1 mcg (interferon beta-1a),2014-01-01 00:00:00,,Apparent on its Face,C9399,102,2026-07-10 13:46:46,UNCLASSIFIED DRUGS OR BIOLOGICALS,Unclassified drugs or biolog
52571,143,3,16,"Myalept 11 mg (metreleptin for injection) 

",2014-10-13 00:00:00,,Apparent on its Face,C9399,102,2026-07-10 13:46:46,UNCLASSIFIED DRUGS OR BIOLOGICALS,Unclassified drugs or biolog
52571,143,3,17,Praluent (alirocumab),2016-01-18 00:00:00,,Apparent on its Face,C9399,102,2026-07-10 13:46:46,UNCLASSIFIED DRUGS OR BIOLOGICALS,Unclassified drugs or biolog
52571,143,3,18,Repatha (evolocumab),2016-01-18 00:00:00,,Apparent on its Face,C9399,102,2026-07-10 13:46:46,UNCLASSIFIED DRUGS OR BIOLOGICALS,Unclassified drugs or biolog
52571,143,3,19,Natpara (parathyroid hormone),2016-01-18 00:00:00,,Apparent on its Face,C9399,102,2026-07-10 13:46:46,UNCLASSIFIED DRUGS OR BIOLOGICALS,Unclassified drugs or biolog
52571,143,3,20,Strensiq (asfotase alfa) ,2016-05-23 00:00:00,,Apparent on its Face,C9399,102,2026-07-10 13:46:46,UNCLASSIFIED DRUGS OR BIOLOGICALS,Unclassified drugs or biolog
52571,143,3,21,TriMix,2016-10-31 00:00:00,,Apparent on its Face,C9399,102,2026-07-10 13:46:46,UNCLASSIFIED DRUGS OR BIOLOGICALS,Unclassified drugs or biolog
52571,143,3,22, PegIntron (pegylated interferon alfa-2b) ,2016-10-31 00:00:00,,Apparent on its Face,C9399,102,2026-07-10 13:46:46,UNCLASSIFIED DRUGS OR BIOLOGICALS,Unclassified drugs or biolog
52571,143,3,23,Saxenda (liraglutide),2016-10-31 00:00:00,,Apparent on its Face,C9399,102,2026-07-10 13:46:46,UNCLASSIFIED DRUGS OR BIOLOGICALS,Unclassified drugs or biolog
52571,143,3,24,Somavert (pegvisomant),2016-10-31 00:00:00,,Apparent on its Face,C9399,102,2026-07-10 13:46:46,UNCLASSIFIED DRUGS OR BIOLOGICALS,Unclassified drugs or biolog
52571,143,3,25,Symlin (pramlintide acetate injection),2016-10-31 00:00:00,,Apparent on its Face,C9399,102,2026-07-10 13:46:46,UNCLASSIFIED DRUGS OR BIOLOGICALS,Unclassified drugs or biolog
52571,143,3,26,Toujeo (insulin glargine injection),2016-10-31 00:00:00,,Apparent on its Face,C9399,102,2026-07-10 13:46:46,UNCLASSIFIED DRUGS OR BIOLOGICALS,Unclassified drugs or biolog
52571,143,3,27,Taltz (ixekizumab),2016-10-31 00:00:00,,Apparent on its Face,C9399,102,2026-07-10 13:46:46,UNCLASSIFIED DRUGS OR BIOLOGICALS,Unclassified drugs or biolog
52571,143,3,28,Siliq (brodalumab),2017-11-16 00:00:00,,Apparent on its Face,C9399,102,2026-07-10 13:46:46,UNCLASSIFIED DRUGS OR BIOLOGICALS,Unclassified drugs or biolog
52571,143,3,29,Amjevita (adalimumab-atto),2017-11-16 00:00:00,,Apparent on its Face,C9399,102,2026-07-10 13:46:46,UNCLASSIFIED DRUGS OR BIOLOGICALS,Unclassified drugs or biolog
52571,143,3,30,Dupixent (dupilumab),2017-11-16 00:00:00,,Apparent on its Face,C9399,102,2026-07-10 13:46:46,UNCLASSIFIED DRUGS OR BIOLOGICALS,Unclassified drugs or biolog
52571,143,3,31,Erelzi (etanercept-SZZS),2017-11-16 00:00:00,,Apparent on its Face,C9399,102,2026-07-10 13:46:46,UNCLASSIFIED DRUGS OR BIOLOGICALS,Unclassified drugs or biolog
52571,143,3,32,"Kynamro (mipomersen sodium)
",2017-11-16 00:00:00,,Apparent on its Face,C9399,102,2026-07-10 13:46:46,UNCLASSIFIED DRUGS OR BIOLOGICALS,Unclassified drugs or biolog
52571,143,3,33,Quad-Mix,2017-11-16 00:00:00,,Apparent on its Face,C9399,102,2026-07-10 13:46:46,UNCLASSIFIED DRUGS OR BIOLOGICALS,Unclassified drugs or biolog
52571,143,3,34," Rasuvo (methotrexate, injection for subcutaneous use)",2017-11-16 00:00:00,,Apparent on its Face,C9399,102,2026-07-10 13:46:46,UNCLASSIFIED DRUGS OR BIOLOGICALS,Unclassified drugs or biolog
52571,143,3,35,Tymlos (abaloparatide),2019-12-02 00:00:00,,Apparent on its Face,C9399,102,2026-07-10 13:46:46,UNCLASSIFIED DRUGS OR BIOLOGICALS,Unclassified drugs or biolog
52571,143,3,36,Kevzara (sarilumab),2019-12-02 00:00:00,,Apparent on its Face,C9399,102,2026-07-10 13:46:46,UNCLASSIFIED DRUGS OR BIOLOGICALS,Unclassified drugs or biolog
52571,143,3,37,Ozempic (semaglutide),2019-12-02 00:00:00,,Apparent on its Face,C9399,102,2026-07-10 13:46:46,UNCLASSIFIED DRUGS OR BIOLOGICALS,Unclassified drugs or biolog
52571,143,3,38,Aimovig (erenumab-aooe),2019-12-02 00:00:00,,Apparent on its Face,C9399,102,2026-07-10 13:46:46,UNCLASSIFIED DRUGS OR BIOLOGICALS,Unclassified drugs or biolog
52571,143,3,39,Lantus (insulin glargine injection),2019-12-02 00:00:00,,Apparent on its Face,C9399,102,2026-07-10 13:46:46,UNCLASSIFIED DRUGS OR BIOLOGICALS,Unclassified drugs or biolog
52571,143,3,40,Emgality (galcanezumab-gnlm),2019-12-02 00:00:00,,Apparent on its Face,C9399,102,2026-07-10 13:46:46,UNCLASSIFIED DRUGS OR BIOLOGICALS,Unclassified drugs or biolog
52571,143,3,41,Cyltezo (adalimumab-adbm),2019-12-02 00:00:00,,Apparent on its Face,C9399,102,2026-07-10 13:46:46,UNCLASSIFIED DRUGS OR BIOLOGICALS,Unclassified drugs or biolog
52571,143,3,42,"Besremi (ropeginterferon alfa-2b, injection for subcutaneous use)",2022-06-06 00:00:00,,Apparent on its Face,C9399,102,2026-07-10 13:46:46,UNCLASSIFIED DRUGS OR BIOLOGICALS,Unclassified drugs or biolog
52571,143,3,43,"Skyrizi (risankizumab-rzaa, injection for subcutaneous use)",2022-06-06 00:00:00,,Apparent on its Face,C9399,102,2026-07-10 13:46:46,UNCLASSIFIED DRUGS OR BIOLOGICALS,Unclassified drugs or biolog
52571,143,3,44,"Sogroya (somapacitan-beco, injection for subcutaneous use)",2022-06-06 00:00:00,,Apparent on its Face,C9399,102,2026-07-10 13:46:46,UNCLASSIFIED DRUGS OR BIOLOGICALS,Unclassified drugs or biolog
52571,143,3,45,"Kesimpta* (ofatumumab, injection for subcutaneous use)",2022-09-19 00:00:00,,Apparent on its Face,C9399,102,2026-07-10 13:46:46,UNCLASSIFIED DRUGS OR BIOLOGICALS,Unclassified drugs or biolog
52571,143,3,46,Adbry (tralokinumab-Idrm) ,2022-11-14 00:00:00,,Apparent on its Face,C9399,102,2026-07-10 13:46:46,UNCLASSIFIED DRUGS OR BIOLOGICALS,Unclassified drugs or biolog
52571,143,3,47,Mounjaro (tirzepatide),2023-03-27 00:00:00,,Apparent on its Face,C9399,102,2026-07-10 13:46:46,UNCLASSIFIED DRUGS OR BIOLOGICALS,Unclassified drugs or biolog
52571,143,3,48,Idacio (adalimumab-aacf),2023-06-25 00:00:00,,Apparent on its Face,C9399,102,2026-07-10 13:46:46,UNCLASSIFIED DRUGS OR BIOLOGICALS,Unclassified drugs or biolog
52571,143,3,49,Abrilada (adalimumab-afzb) is biosimilar to Humira (adalimumab),2023-06-25 00:00:00,,Apparent on its Face,C9399,102,2026-07-10 13:46:46,UNCLASSIFIED DRUGS OR BIOLOGICALS,Unclassified drugs or biolog
52571,143,3,50,Hadlima (adalimumab-bwwd) is biosimilar to Humira (adalimumab),2023-06-25 00:00:00,,Apparent on its Face,C9399,102,2026-07-10 13:46:46,UNCLASSIFIED DRUGS OR BIOLOGICALS,Unclassified drugs or biolog
52571,143,3,51,Hulio  (adalimumab-fkjp) is biosimilar to Humira (adalimumab),2023-06-25 00:00:00,,Apparent on its Face,C9399,102,2026-07-10 13:46:46,UNCLASSIFIED DRUGS OR BIOLOGICALS,Unclassified drugs or biolog
52571,143,3,52,Hyrimoz (adalimumab-adaz) is biosimilar to Humira (adalimumab),2023-06-25 00:00:00,,Apparent on its Face,C9399,102,2026-07-10 13:46:46,UNCLASSIFIED DRUGS OR BIOLOGICALS,Unclassified drugs or biolog
52571,143,3,53,Yusimry (adalimumab-aqvh) is biosimilar to Humira (adalimumab),2023-06-25 00:00:00,,Apparent on its Face,C9399,102,2026-07-10 13:46:46,UNCLASSIFIED DRUGS OR BIOLOGICALS,Unclassified drugs or biolog
52571,143,3,54,Entyvio (vedolizumab),2024-01-14 00:00:00,,Apparent on its Face,C9399,102,2026-07-10 13:46:46,UNCLASSIFIED DRUGS OR BIOLOGICALS,Unclassified drugs or biolog
52571,143,3,55,Yuflyma (adalimumab-aaty),2024-01-14 00:00:00,,Apparent on its Face,C9399,102,2026-07-10 13:46:46,UNCLASSIFIED DRUGS OR BIOLOGICALS,Unclassified drugs or biolog
52571,143,3,56,Wegovy (semaglutide),2024-06-30 00:00:00,,Apparent on its Face,C9399,102,2026-07-10 13:46:46,UNCLASSIFIED DRUGS OR BIOLOGICALS,Unclassified drugs or biolog
52571,143,3,57,Zepbound (tirzepatide),2024-06-30 00:00:00,,Apparent on its Face,C9399,102,2026-07-10 13:46:46,UNCLASSIFIED DRUGS OR BIOLOGICALS,Unclassified drugs or biolog
52571,143,3,58,Ebglyss (lebrikizumab-lbkz),2025-06-01 00:00:00,,Apparent on its Face,C9399,102,2026-07-10 13:46:46,UNCLASSIFIED DRUGS OR BIOLOGICALS,Unclassified drugs or biolog
52571,143,3,59,Nemluvio (nemolizumab-ilto),2026-06-15 00:00:00,,Apparent on its Face,C9399,102,2026-07-10 13:46:46,UNCLASSIFIED DRUGS OR BIOLOGICALS,Unclassified drugs or biolog
52571,143,3,60,Bimzelx (bimekizumab-bkzx),2026-08-30 00:00:00,,Apparent on its Face,C9399,102,2026-07-10 13:46:46,UNCLASSIFIED DRUGS OR BIOLOGICALS,Unclassified drugs or biolog
52571,143,3,61,"Orencia, subcutaneous use*",2017-11-16 00:00:00,,Apparent on its Face,J0129,102,2026-07-10 13:46:46,"INJECTION, ABATACEPT, 10 MG (CODE MAY BE USED FOR MEDICARE WHEN DRUG ADMINISTERED UNDER THE DIRECT SUPERVISION OF A PHYSICIAN, NOT FOR USE WHEN DRUG IS SELF ADMINISTERED)",Abatacept injection
52571,143,3,62,Humira (adalimumab)   ,2025-03-16 00:00:00,,Apparent on its Face,J0139,102,2026-07-10 13:46:46,"INJECTION, ADALIMUMAB, 1 MG","Inj, adalimumab, 1 mg"
52571,143,3,63,"Caverject, Prostaglandin E1",2002-11-29 00:00:00,,Presumption of Long-Term Non-Acute Administration,J0270,102,2026-07-10 13:46:46,"INJECTION, ALPROSTADIL, 1.25 MCG (CODE MAY BE USED FOR MEDICARE WHEN DRUG ADMINISTERED UNDER THE DIRECT SUPERVISION OF A PHYSICIAN, NOT FOR USE WHEN DRUG IS SELF ADMINISTERED)",Alprostadil for injection
52571,143,3,64,Muse,2016-10-31 00:00:00,,Apparent on its Face,J0275,102,2026-07-10 13:46:46,"ALPROSTADIL URETHRAL SUPPOSITORY (CODE MAY BE USED FOR MEDICARE WHEN DRUG ADMINISTERED UNDER THE DIRECT SUPERVISION OF A PHYSICIAN, NOT FOR USE WHEN DRUG IS SELF ADMINISTERED)",Alprostadil urethral suppos
52571,143,3,65,Apokyn,2017-11-16 00:00:00,,Apparent on its Face,J0364,102,2026-07-10 13:46:46,"INJECTION, APOMORPHINE HYDROCHLORIDE, 1 MG",Apomorphine hydrochloride
52571,143,3,66,"Benlysta (belimumab) subcutaneous use*
",2019-12-02 00:00:00,,Apparent on its Face,J0490,102,2026-07-10 13:46:46,"INJECTION, BELIMUMAB, 10 MG",Belimumab injection
52571,143,3,67,Takhzyro (lanadelumab-flyo),2019-12-02 00:00:00,,Apparent on its Face,J0593,102,2026-07-10 13:46:46,"INJECTION, LANADELUMAB-FLYO, 1 MG (CODE MAY BE USED FOR MEDICARE WHEN DRUG ADMINISTERED UNDER DIRECT SUPERVISION OF A PHYSICIAN, NOT FOR USE WHEN DRUG IS SELF-ADMINISTERED)","Inj., lanadelumab-flyo, 1 mg"
52571,143,3,68,"Haegarda (injection, c-1 esterase inhibitor [human])",2019-01-01 00:00:00,,Apparent on its Face,J0599,102,2026-07-10 13:46:46,"INJECTION, C-1 ESTERASE INHIBITOR (HUMAN), (HAEGARDA), 10 UNITS","Inj., haegarda 10 units"
52571,143,3,69,"Miacalcin, Calcimar, Calcitonin-salmon",2011-12-26 00:00:00,,Apparent on its Face,J0630,102,2026-07-10 13:46:46,"INJECTION, CALCITONIN SALMON, UP TO 400 UNITS",Calcitonin salmon injection
52571,143,3,70,"Acthar Gel, subcutaneous use*",2023-10-01 00:00:00,,Apparent on its Face,J0801,102,2026-07-10 13:46:46,"INJECTION, CORTICOTROPIN (ACTHAR GEL), UP TO 40 UNITS",Inj. acthar gel to 40 units
52571,143,3,71,"Purified Cortrophin Gel, subcutaneous use*",2023-10-01 00:00:00,,Apparent on its Face,J0802,102,2026-07-10 13:46:46,"INJECTION, CORTICOTROPIN (ANI), UP TO 40 UNITS","Inj. (ani), up to 40 units"
52571,143,3,72,Fuzeon,2004-11-26 00:00:00,,Apparent on its Face,J1324,102,2026-07-10 13:46:46,"INJECTION, ENFUVIRTIDE, 1 MG",Enfuvirtide injection
52571,143,3,73, Enbrel,1999-12-20 00:00:00,,Apparent on its Face,J1438,102,2026-07-10 13:46:46,"INJECTION, ETANERCEPT, 25 MG (CODE MAY BE USED FOR MEDICARE WHEN DRUG ADMINISTERED UNDER THE DIRECT SUPERVISION OF A PHYSICIAN, NOT FOR USE WHEN DRUG IS SELF ADMINISTERED)",Etanercept injection
52571,143,3,74,"Copaxone, Glatopa",2003-04-12 00:00:00,,Apparent on its Face,J1595,102,2026-07-10 13:46:46,"INJECTION, GLATIRAMER ACETATE, 20 MG",Injection glatiramer acetate
52571,143,3,75,Tremfya (guselkumab)*,2022-06-06 00:00:00,,Acceptable Evidentiary Criteria Available,J1628,102,2026-07-10 13:46:46,"INJECTION, GUSELKUMAB, 1 MG","Inj., guselkumab, 1 mg"
52571,143,3,76, Firazyr (icatibant),2012-05-19 00:00:00,,Apparent on its Face,J1744,102,2026-07-10 13:46:46,"INJECTION, ICATIBANT, 1 MG",Icatibant injection
52571,143,3,77,Zymfentra (infliximab-dyyb) ,2024-09-01 00:00:00,,Apparent on its Face,J1748,102,2026-07-10 13:46:46,"INJECTION, INFLIXIMAB-DYYB (ZYMFENTRA), 10 MG","Inj, zymfentra, 10 mg"
52571,143,3,78,Fiasp for insulin pump,2023-09-03 00:00:00,,Apparent on its Face,J1811,102,2026-07-10 13:46:46,"INSULIN (FIASP) FOR ADMINISTRATION THROUGH DME (I.E., INSULIN PUMP) PER 50 UNITS",Fiasp for insulin pump use
52571,143,3,79,Fiasp injection*,2023-09-03 00:00:00,,Apparent on its Face,J1812,102,2026-07-10 13:46:46,"INSULIN (FIASP), PER 5 UNITS",Inj. insulin (fiasp)
52571,143,3,80,Lyumjev for insulin pump,2023-09-03 00:00:00,,Apparent on its Face,J1813,102,2026-07-10 13:46:46,"INSULIN (LYUMJEV) FOR ADMINISTRATION THROUGH DME (I.E., INSULIN PUMP) PER 50 UNITS",Lyumjev for insulin pump use
52571,143,3,81,Lyumjev injection*,2023-09-03 00:00:00,,Apparent on its Face,J1814,102,2026-07-10 13:46:46,"INSULIN (LYUMJEV), PER 5 UNITS",Inj. insulin (lyumjev)
52571,143,3,82,"Humalog, Humulin, Lantus, Levemir, Novolin, Novolog",2002-08-01 00:00:00,,Apparent on its Face,J1815,102,2026-07-10 13:46:46,"INJECTION, INSULIN, PER 5 UNITS",Insulin injection
52571,143,3,83,"Humalog, Humulin, Novolin, Novolog, Insulin Lispro, Apidra Solostar",2009-04-30 00:00:00,,Apparent on its Face,J1817,102,2026-07-10 13:46:46,"INSULIN FOR ADMINISTRATION THROUGH DME (I.E., INSULIN PUMP) PER 50 UNITS",Insulin for insulin pump use
52571,143,3,84,Avonex,2022-06-06 00:00:00,,Apparent on its Face,J1826,102,2026-07-10 13:46:46,"INJECTION, INTERFERON BETA-1A, 30 MCG",Interferon beta-1a inj
52571,143,3,85,"Betaseron, Extavia",1999-04-19 00:00:00,,Apparent on its Face,J1830,102,2026-07-10 13:46:46,"INJECTION, INTERFERON BETA-1B, 0.25 MG (CODE MAY BE USED FOR MEDICARE WHEN DRUG ADMINISTERED UNDER THE DIRECT SUPERVISION OF A PHYSICIAN, NOT FOR USE WHEN DRUG IS SELF ADMINISTERED)",Interferon beta-1b / .25 mg
52571,143,3,86,Furoscix injection ,2023-09-03 00:00:00,,Apparent on its Face,J1941,102,2026-07-10 13:46:46,"INJECTION, FUROSEMIDE (FUROSCIX), 20 MG","Inj, furoscix, 20 mg"
52571,143,3,87,Increlex,2016-10-31 00:00:00,,Apparent on its Face,J2170,102,2026-07-10 13:46:46,"INJECTION, MECASERMIN, 1 MG",Mecasermin injection
52571,143,3,88,Relistor (methylnatrexone bromide),2009-04-20 00:00:00,,Apparent on its Face,J2212,102,2026-07-10 13:46:46,"INJECTION, METHYLNALTREXONE, 0.1 MG",Methylnaltrexone injection
52571,143,3,89,Omvoh (mirikizumab-mrkz)*,2024-07-01 00:00:00,,Apparent on its Face,J2267,102,2026-07-10 13:46:46,"INJECTION, MIRIKIZUMAB-MRKZ, 1 MG","Inj, mirikizumab-mrkz, 1 mg"
52571,143,3,90,"Sandostatin, subcutaneous use*",2016-10-31 00:00:00,,Apparent on its Face,J2354,102,2026-07-10 13:46:46,"INJECTION, OCTREOTIDE, NON-DEPOT FORM FOR SUBCUTANEOUS OR INTRAVENOUS INJECTION, 25 MCG","Octreotide inj, non-depot"
52571,143,3,91,"Genotropin, Humatrope, Norditropin, Nutropin, Omnitrope, Saizen, Serostim, Zomacton, Zorbtive",1999-12-20 00:00:00,,Apparent on its Face,J2941,102,2026-07-10 13:46:46,"INJECTION, SOMATROPIN, 1 MG",Somatropin injection
52571,143,3,92,"Imitrex, Sumavel, Dosepro, Zembrace",2002-11-29 00:00:00,,Apparent on its Face,J3030,102,2026-07-10 13:46:46,"INJECTION, SUMATRIPTAN SUCCINATE, 6 MG (CODE MAY BE USED FOR MEDICARE WHEN DRUG ADMINISTERED UNDER THE DIRECT SUPERVISION OF A PHYSICIAN, NOT FOR USE WHEN DRUG IS SELF ADMINISTERED)",Sumatriptan succinate / 6 mg
52571,143,3,93,Ajovy (fremanezumab-vfrm),2019-12-02 00:00:00,,Apparent on its Face,J3031,102,2026-07-10 13:46:46,"INJECTION, FREMANEZUMAB-VFRM, 1 MG (CODE MAY BE USED FOR MEDICARE WHEN DRUG ADMINISTERED UNDER THE DIRECT SUPERVISION OF A PHYSICIAN, NOT FOR USE WHEN DRUG IS SELF-ADMINISTERED)","Inj., fremanezumab-vfrm 1 mg"
52571,143,3,94,Forteo,2006-09-01 00:00:00,,Apparent on its Face,J3110,102,2026-07-10 13:46:46,"INJECTION, TERIPARATIDE, 10 MCG",Teriparatide injection
52571,143,3,95,"Stelara (ustekinumab) Subcutaneous
",2022-06-06 00:00:00,,Acceptable Evidentiary Criteria Available,J3357,102,2026-07-10 13:46:46,"USTEKINUMAB, FOR SUBCUTANEOUS INJECTION, 1 MG","Ustekinumab sub cu inj, 1 mg"
52571,143,3,96,PegIntron (pegylated interferon alfa-2b) ,2016-10-31 00:00:00,,Apparent on its Face,J3490,102,2026-07-10 13:46:46,UNCLASSIFIED DRUGS,Drugs unclassified injection
52571,143,3,97,Symlin (pramlintide acetate injection),2016-10-31 00:00:00,,Apparent on its Face,J3490,102,2026-07-10 13:46:46,UNCLASSIFIED DRUGS,Drugs unclassified injection
52571,143,3,98,Somavert (pegvisomant),2016-10-31 00:00:00,,Apparent on its Face,J3490,102,2026-07-10 13:46:46,UNCLASSIFIED DRUGS,Drugs unclassified injection
52571,143,3,99,TriMix,2016-10-31 00:00:00,,Apparent on its Face,J3490,102,2026-07-10 13:46:46,UNCLASSIFIED DRUGS,Drugs unclassified injection
52571,143,3,100,Saxenda (liraglutide),2016-10-31 00:00:00,,Apparent on its Face,J3490,102,2026-07-10 13:46:46,UNCLASSIFIED DRUGS,Drugs unclassified injection
52571,143,3,101,Bydureon (exenatide extended release for injectable suspension) ,2012-08-06 00:00:00,,Apparent on its Face,J3490,102,2026-07-10 13:46:46,UNCLASSIFIED DRUGS,Drugs unclassified injection
52571,143,3,102,Kineret 100 mg (anakinra),2003-04-13 00:00:00,,Apparent on its Face,J3490,102,2026-07-10 13:46:46,UNCLASSIFIED DRUGS,Drugs unclassified injection
52571,143,3,103,Byetta (exenatide injection) ,2006-01-19 00:00:00,,Apparent on its Face,J3490,102,2026-07-10 13:46:46,UNCLASSIFIED DRUGS,Drugs unclassified injection
52571,143,3,104,Simponi (golimumab) ,2010-05-01 00:00:00,,Presumption of Long-Term Non-Acute Administration,J3490,102,2026-07-10 13:46:46,UNCLASSIFIED DRUGS,Drugs unclassified injection
52571,143,3,105,Egrifta (tesamorelin) ,2011-06-04 00:00:00,,Presumption of Long-Term Non-Acute Administration,J3490,102,2026-07-10 13:46:46,UNCLASSIFIED DRUGS,Drugs unclassified injection
52571,143,3,106,Sylatron (peginterferon alfa-2b) ,2012-05-19 00:00:00,,Presumption of Long-Term Non-Acute Administration,J3490,102,2026-07-10 13:46:46,UNCLASSIFIED DRUGS,Drugs unclassified injection
52571,143,3,107,Signifor (pasireotide) ,2013-06-17 00:00:00,,Apparent on its Face,J3490,102,2026-07-10 13:46:46,UNCLASSIFIED DRUGS,Drugs unclassified injection
52571,143,3,108,Natpara (parathyroid hormone) ,2016-01-18 00:00:00,,Apparent on its Face,J3490,102,2026-07-10 13:46:46,UNCLASSIFIED DRUGS,Drugs unclassified injection
52571,143,3,109,Repatha (evolocumab) ,2016-01-18 00:00:00,,Apparent on its Face,J3490,102,2026-07-10 13:46:46,UNCLASSIFIED DRUGS,Drugs unclassified injection
52571,143,3,110,Praluent (alirocumab) ,2016-01-18 00:00:00,,Apparent on its Face,J3490,102,2026-07-10 13:46:46,UNCLASSIFIED DRUGS,Drugs unclassified injection
52571,143,3,111,Tanzeum 30 mg (albiglutide for subcutaneous injection) ,2014-12-01 00:00:00,,Presumption of Long-Term Non-Acute Administration,J3490,102,2026-07-10 13:46:46,UNCLASSIFIED DRUGS,Drugs unclassified injection
52571,143,3,112,Rebif 1 mcg (interferon beta 1a),2014-01-01 00:00:00,,Apparent on its Face,J3490,102,2026-07-10 13:46:46,UNCLASSIFIED DRUGS,Drugs unclassified injection
52571,143,3,113,Victoza (liraglutide) ,2010-05-01 00:00:00,,Apparent on its Face,J3490,102,2026-07-10 13:46:46,UNCLASSIFIED DRUGS,Drugs unclassified injection
52571,143,3,114,"Pegasys, Pegasys Proclick (peginterferon alfa-2a) ",2006-03-05 00:00:00,,Apparent on its Face,J3490,102,2026-07-10 13:46:46,UNCLASSIFIED DRUGS,Drugs unclassified injection
52571,143,3,115,Trulicity (dulaglutide) ,2015-09-28 00:00:00,,Apparent on its Face,J3490,102,2026-07-10 13:46:46,UNCLASSIFIED DRUGS,Drugs unclassified injection
52571,143,3,116,Otrexup (methotrexate injection) ,2015-09-28 00:00:00,,Apparent on its Face,J3490,102,2026-07-10 13:46:46,UNCLASSIFIED DRUGS,Drugs unclassified injection
52571,143,3,117,Cosentyx (secukinumab),2015-09-28 00:00:00,,Apparent on its Face,J3490,102,2026-07-10 13:46:46,UNCLASSIFIED DRUGS,Drugs unclassified injection
52571,143,3,118,Strensiq (asfotase alfa),2016-05-23 00:00:00,,Apparent on its Face,J3490,102,2026-07-10 13:46:46,UNCLASSIFIED DRUGS,Drugs unclassified injection
52571,143,3,119,"Myalept 11 mg (metreleptin for injection)

",2014-10-13 00:00:00,,Apparent on its Face,J3490,102,2026-07-10 13:46:46,UNCLASSIFIED DRUGS,Drugs unclassified injection
52571,143,3,120,Toujeo (insulin glargine injection),2016-10-31 00:00:00,,Apparent on its Face,J3490,102,2026-07-10 13:46:46,UNCLASSIFIED DRUGS,Drugs unclassified injection
52571,143,3,121,Plegridy (peginterferon beta-1a),2015-09-28 00:00:00,,Apparent on its Face,J3490,102,2026-07-10 13:46:46,UNCLASSIFIED DRUGS,Drugs unclassified injection
52571,143,3,122,Taltz (ixekizumab),2016-10-31 00:00:00,,Apparent on its Face,J3490,102,2026-07-10 13:46:46,UNCLASSIFIED DRUGS,Drugs unclassified injection
52571,143,3,123,Amjevita (adalimumab-atto),2017-11-16 00:00:00,,Apparent on its Face,J3490,102,2026-07-10 13:46:46,UNCLASSIFIED DRUGS,Drugs unclassified injection
52571,143,3,124,Dupixent (dupilumab),2017-11-16 00:00:00,,Apparent on its Face,J3490,102,2026-07-10 13:46:46,UNCLASSIFIED DRUGS,Drugs unclassified injection
52571,143,3,125,Erelzi (etanercept-SZZS),2017-11-16 00:00:00,,Apparent on its Face,J3490,102,2026-07-10 13:46:46,UNCLASSIFIED DRUGS,Drugs unclassified injection
52571,143,3,126,"Kynamro (mipomersen sodium)
",2017-11-16 00:00:00,,Apparent on its Face,J3490,102,2026-07-10 13:46:46,UNCLASSIFIED DRUGS,Drugs unclassified injection
52571,143,3,127,Tymlos (abaloparatide),2019-12-02 00:00:00,,Apparent on its Face,J3490,102,2026-07-10 13:46:46,UNCLASSIFIED DRUGS,Drugs unclassified injection
52571,143,3,128,Kevzara (sarilumab),2019-12-02 00:00:00,,Apparent on its Face,J3490,102,2026-07-10 13:46:46,UNCLASSIFIED DRUGS,Drugs unclassified injection
52571,143,3,129,Ozempic (semaglutide),2019-12-02 00:00:00,,Apparent on its Face,J3490,102,2026-07-10 13:46:46,UNCLASSIFIED DRUGS,Drugs unclassified injection
52571,143,3,130,"Aimovig (erenumab-aooe)
",2019-12-02 00:00:00,,Apparent on its Face,J3490,102,2026-07-10 13:46:46,UNCLASSIFIED DRUGS,Drugs unclassified injection
52571,143,3,131,Lantus (insulin glargine injection),2019-12-02 00:00:00,,Apparent on its Face,J3490,102,2026-07-10 13:46:46,UNCLASSIFIED DRUGS,Drugs unclassified injection
52571,143,3,132,Emgality (galcanezumab-gnlm),2019-12-02 00:00:00,,Apparent on its Face,J3490,102,2026-07-10 13:46:46,UNCLASSIFIED DRUGS,Drugs unclassified injection
52571,143,3,133,"Cyltezo (adalimumab-adbm)
",2019-12-02 00:00:00,,Apparent on its Face,J3490,102,2026-07-10 13:46:46,UNCLASSIFIED DRUGS,Drugs unclassified injection
52571,143,3,134,Quad-Mix,2017-11-16 00:00:00,,Apparent on its Face,J3490,102,2026-07-10 13:46:46,UNCLASSIFIED DRUGS,Drugs unclassified injection
52571,143,3,135," Rasuvo (methotrexate, injection for subcutaneous use)",2017-11-16 00:00:00,,Apparent on its Face,J3490,102,2026-07-10 13:46:46,UNCLASSIFIED DRUGS,Drugs unclassified injection
52571,143,3,136,Siliq (brodalumab),2017-11-16 00:00:00,,Apparent on its Face,J3490,102,2026-07-10 13:46:46,UNCLASSIFIED DRUGS,Drugs unclassified injection
52571,143,3,137,"Besremi (ropeginterferon alfa-2b, injection for subcutaneous use)",2022-06-06 00:00:00,,Apparent on its Face,J3490,102,2026-07-10 13:46:46,UNCLASSIFIED DRUGS,Drugs unclassified injection
52571,143,3,138,"Skyrizi (risankizumab-rzaa, injection for subcutaneous use)",2022-06-06 00:00:00,,Apparent on its Face,J3490,102,2026-07-10 13:46:46,UNCLASSIFIED DRUGS,Drugs unclassified injection
52571,143,3,139,"Sogroya (somapacitan-beco, injection for subcutaneous use)",2022-06-06 00:00:00,,Apparent on its Face,J3490,102,2026-07-10 13:46:46,UNCLASSIFIED DRUGS,Drugs unclassified injection
52571,143,3,140,"Kesimpta* (ofatumumab, injection for subcutaneous use)",2022-09-19 00:00:00,,Apparent on its Face,J3490,102,2026-07-10 13:46:46,UNCLASSIFIED DRUGS,Drugs unclassified injection
52571,143,3,141,Adbry (tralokinumab-idrm) ,2022-11-14 00:00:00,,Apparent on its Face,J3490,102,2026-07-10 13:46:46,UNCLASSIFIED DRUGS,Drugs unclassified injection
52571,143,3,142,Mounjaro (tirzepatide),2023-03-27 00:00:00,,Apparent on its Face,J3490,102,2026-07-10 13:46:46,UNCLASSIFIED DRUGS,Drugs unclassified injection
52571,143,3,143,Idacio (adalimumab-aacf),2023-06-25 00:00:00,,Apparent on its Face,J3490,102,2026-07-10 13:46:46,UNCLASSIFIED DRUGS,Drugs unclassified injection
52571,143,3,144,Abrilada (adalimumab-afzb) is biosimilar to Humira (adalimumab),2023-06-25 00:00:00,,Apparent on its Face,J3490,102,2026-07-10 13:46:46,UNCLASSIFIED DRUGS,Drugs unclassified injection
52571,143,3,145,Hadlima (adalimumab-bwwd) is biosimilar to Humira (adalimumab),2023-06-25 00:00:00,,Apparent on its Face,J3490,102,2026-07-10 13:46:46,UNCLASSIFIED DRUGS,Drugs unclassified injection
52571,143,3,146,Hulio (adalimumab-fkjp) is biosimilar to Humira (adalimumab),2023-06-25 00:00:00,,Apparent on its Face,J3490,102,2026-07-10 13:46:46,UNCLASSIFIED DRUGS,Drugs unclassified injection
52571,143,3,147,Hyrimoz (adalimumab-adaz) is biosimilar to Humira (adalimumab),2023-06-25 00:00:00,,Apparent on its Face,J3490,102,2026-07-10 13:46:46,UNCLASSIFIED DRUGS,Drugs unclassified injection
52571,143,3,148,Yusimry (adalimumab-aqvh) is biosimilar to Humira (adalimumab),2023-06-25 00:00:00,,Apparent on its Face,J3490,102,2026-07-10 13:46:46,UNCLASSIFIED DRUGS,Drugs unclassified injection
52571,143,3,149,Entyvio (vedolizumab),2024-01-14 00:00:00,,Apparent on its Face,J3490,102,2026-07-10 13:46:46,UNCLASSIFIED DRUGS,Drugs unclassified injection
52571,143,3,150,Yuflyma (adalimumab-aaty),2024-01-14 00:00:00,,Apparent on its Face,J3490,102,2026-07-10 13:46:46,UNCLASSIFIED DRUGS,Drugs unclassified injection
52571,143,3,151,Wegovy (semaglutide),2024-06-30 00:00:00,,Apparent on its Face,J3490,102,2026-07-10 13:46:46,UNCLASSIFIED DRUGS,Drugs unclassified injection
52571,143,3,152,Zepbound (tirzepatide),2024-06-30 00:00:00,,Apparent on its Face,J3490,102,2026-07-10 13:46:46,UNCLASSIFIED DRUGS,Drugs unclassified injection
52571,143,3,153,Ebglyss (lebrikizumab-lbkz),2025-06-01 00:00:00,,Apparent on its Face,J3490,102,2026-07-10 13:46:46,UNCLASSIFIED DRUGS,Drugs unclassified injection
52571,143,3,154,Nemluvio (nemolizumab-ilto),2026-06-15 00:00:00,,Apparent on its Face,J3490,102,2026-07-10 13:46:46,UNCLASSIFIED DRUGS,Drugs unclassified injection
52571,143,3,155,Bimzelx (bimekizumab-bkzx),2026-08-30 00:00:00,,Apparent on its Face,J3490,102,2026-07-10 13:46:46,UNCLASSIFIED DRUGS,Drugs unclassified injection
52571,143,3,156,Bimzelx (bimekizumab-bkzx),2026-08-30 00:00:00,,Apparent on its Face,J3590,102,2026-07-10 13:46:46,UNCLASSIFIED BIOLOGICS,Unclassified biologics
52571,143,3,157,Nemluvio (nemolizumab-ilto),2026-06-15 00:00:00,,Apparent on its Face,J3590,102,2026-07-10 13:46:46,UNCLASSIFIED BIOLOGICS,Unclassified biologics
52571,143,3,158,Ebglyss (lebrikizumab-lbkz),2025-06-01 00:00:00,,Apparent on its Face,J3590,102,2026-07-10 13:46:46,UNCLASSIFIED BIOLOGICS,Unclassified biologics
52571,143,3,159,Wegovy (semaglutide),2024-06-30 00:00:00,,Apparent on its Face,J3590,102,2026-07-10 13:46:46,UNCLASSIFIED BIOLOGICS,Unclassified biologics
52571,143,3,160,Zepbound (tirzepatide),2024-06-30 00:00:00,,Apparent on its Face,J3590,102,2026-07-10 13:46:46,UNCLASSIFIED BIOLOGICS,Unclassified biologics
52571,143,3,161,Entyvio (vedolizumab),2024-01-14 00:00:00,,Apparent on its Face,J3590,102,2026-07-10 13:46:46,UNCLASSIFIED BIOLOGICS,Unclassified biologics
52571,143,3,162,Yuflyma (adalimumab-aaty),2024-01-14 00:00:00,,Apparent on its Face,J3590,102,2026-07-10 13:46:46,UNCLASSIFIED BIOLOGICS,Unclassified biologics
52571,143,3,163,Idacio (adalimumab-aacf),2023-06-25 00:00:00,,Apparent on its Face,J3590,102,2026-07-10 13:46:46,UNCLASSIFIED BIOLOGICS,Unclassified biologics
52571,143,3,164,Abrilada (adalimumab-afzb) is biosimilar to Humira (adalimumab),2023-06-25 00:00:00,,Apparent on its Face,J3590,102,2026-07-10 13:46:46,UNCLASSIFIED BIOLOGICS,Unclassified biologics
52571,143,3,165,Hadlima (adalimumab-bwwd) is biosimilar to Humira (adalimumab),2023-06-25 00:00:00,,Apparent on its Face,J3590,102,2026-07-10 13:46:46,UNCLASSIFIED BIOLOGICS,Unclassified biologics
52571,143,3,166,Hulio (adalimumab-fkjp) is biosimilar to Humira (adalimumab),2023-06-25 00:00:00,,Apparent on its Face,J3590,102,2026-07-10 13:46:46,UNCLASSIFIED BIOLOGICS,Unclassified biologics
52571,143,3,167,Hyrimoz (adalimumab-adaz) is biosimilar to Humira (adalimumab),2023-06-25 00:00:00,,Apparent on its Face,J3590,102,2026-07-10 13:46:46,UNCLASSIFIED BIOLOGICS,Unclassified biologics
52571,143,3,168,Yusimry (adalimumab-aqvh) is biosimilar to Humira (adalimumab),2023-06-25 00:00:00,,Apparent on its Face,J3590,102,2026-07-10 13:46:46,UNCLASSIFIED BIOLOGICS,Unclassified biologics
52571,143,3,169,Mounjaro (tirzepatide),2023-03-27 00:00:00,,Apparent on its Face,J3590,102,2026-07-10 13:46:46,UNCLASSIFIED BIOLOGICS,Unclassified biologics
52571,143,3,170,Adbry (tralokinumab-idrm) ,2022-11-14 00:00:00,,Apparent on its Face,J3590,102,2026-07-10 13:46:46,UNCLASSIFIED BIOLOGICS,Unclassified biologics
52571,143,3,171,"Kesimpta* (ofatumumab, injection for subcutaneous use)",2022-09-19 00:00:00,,Apparent on its Face,J3590,102,2026-07-10 13:46:46,UNCLASSIFIED BIOLOGICS,Unclassified biologics
52571,143,3,172,"Besremi (ropeginterferon alfa-2b, injection for subcutaneous use)",2022-06-06 00:00:00,,Apparent on its Face,J3590,102,2026-07-10 13:46:46,UNCLASSIFIED BIOLOGICS,Unclassified biologics
52571,143,3,173,"Skyrizi (risankizumab-rzaa, injection for subcutaneous use)",2022-06-06 00:00:00,,Apparent on its Face,J3590,102,2026-07-10 13:46:46,UNCLASSIFIED BIOLOGICS,Unclassified biologics
52571,143,3,174,"Sogroya (somapacitan-beco, injection for subcutaneous use)",2022-06-06 00:00:00,,Apparent on its Face,J3590,102,2026-07-10 13:46:46,UNCLASSIFIED BIOLOGICS,Unclassified biologics
52571,143,3,175,Amjevita (adalimumab-atto),2017-11-16 00:00:00,,Apparent on its Face,J3590,102,2026-07-10 13:46:46,UNCLASSIFIED BIOLOGICS,Unclassified biologics
52571,143,3,176,Dupixent (dupilumab),2017-11-16 00:00:00,,Apparent on its Face,J3590,102,2026-07-10 13:46:46,UNCLASSIFIED BIOLOGICS,Unclassified biologics
52571,143,3,177,Erelzi (etanercept-SZZS),2017-11-16 00:00:00,,Apparent on its Face,J3590,102,2026-07-10 13:46:46,UNCLASSIFIED BIOLOGICS,Unclassified biologics
52571,143,3,178,"Kynamro (mipomersen sodium)
",2017-11-16 00:00:00,,Apparent on its Face,J3590,102,2026-07-10 13:46:46,UNCLASSIFIED BIOLOGICS,Unclassified biologics
52571,143,3,179,Quad-Mix,2017-11-16 00:00:00,,Apparent on its Face,J3590,102,2026-07-10 13:46:46,UNCLASSIFIED BIOLOGICS,Unclassified biologics
52571,143,3,180,"Rasuvo (methotrexate, injection for subcutaneous use)",2017-11-16 00:00:00,,Apparent on its Face,J3590,102,2026-07-10 13:46:46,UNCLASSIFIED BIOLOGICS,Unclassified biologics
52571,143,3,181,Siliq (brodalumab),2017-11-16 00:00:00,,Apparent on its Face,J3590,102,2026-07-10 13:46:46,UNCLASSIFIED BIOLOGICS,Unclassified biologics
52571,143,3,182,Taltz (ixekizumab),2016-10-31 00:00:00,,Apparent on its Face,J3590,102,2026-07-10 13:46:46,UNCLASSIFIED BIOLOGICS,Unclassified biologics
52571,143,3,183,Toujeo (insulin glargine injection),2016-10-31 00:00:00,,Apparent on its Face,J3590,102,2026-07-10 13:46:46,UNCLASSIFIED BIOLOGICS,Unclassified biologics
52571,143,3,184,"Myalept 11 mg (metreleptin for injection) 

",2014-10-13 00:00:00,,Apparent on its Face,J3590,102,2026-07-10 13:46:46,UNCLASSIFIED BIOLOGICS,Unclassified biologics
52571,143,3,185,Tanzeum 30 mg (albiglutide for subcutaneous injection),2014-12-01 00:00:00,,Apparent on its Face,J3590,102,2026-07-10 13:46:46,UNCLASSIFIED BIOLOGICS,Unclassified biologics
52571,143,3,186,Rebif 1 mcg (interferon beta 1a) ,2014-01-01 00:00:00,,Apparent on its Face,J3590,102,2026-07-10 13:46:46,UNCLASSIFIED BIOLOGICS,Unclassified biologics
52571,143,3,187,Strensiq (asfotase alfa) ,2016-05-23 00:00:00,,Apparent on its Face,J3590,102,2026-07-10 13:46:46,UNCLASSIFIED BIOLOGICS,Unclassified biologics
52571,143,3,188,Kineret 100 mg (anakinra),2003-04-13 00:00:00,,Apparent on its Face,J3590,102,2026-07-10 13:46:46,UNCLASSIFIED BIOLOGICS,Unclassified biologics
52571,143,3,189,Byetta (exenatide injection) ,2006-01-19 00:00:00,,Presumption of Long-Term Non-Acute Administration,J3590,102,2026-07-10 13:46:46,UNCLASSIFIED BIOLOGICS,Unclassified biologics
52571,143,3,190,Simponi (golimumab),2010-05-10 00:00:00,,Presumption of Long-Term Non-Acute Administration,J3590,102,2026-07-10 13:46:46,UNCLASSIFIED BIOLOGICS,Unclassified biologics
52571,143,3,191,Trulicity (dulaglutide),2015-09-28 00:00:00,,Apparent on its Face,J3590,102,2026-07-10 13:46:46,UNCLASSIFIED BIOLOGICS,Unclassified biologics
52571,143,3,192,Otrexup (methotrexate injection),2015-09-28 00:00:00,,Apparent on its Face,J3590,102,2026-07-10 13:46:46,UNCLASSIFIED BIOLOGICS,Unclassified biologics
52571,143,3,193,Plegridy (peginterferon beta-1a),2015-09-28 00:00:00,,Apparent on its Face,J3590,102,2026-07-10 13:46:46,UNCLASSIFIED BIOLOGICS,Unclassified biologics
52571,143,3,194,Cosentyx (secukinumab),2015-09-28 00:00:00,,Presumption of Long-Term Non-Acute Administration,J3590,102,2026-07-10 13:46:46,UNCLASSIFIED BIOLOGICS,Unclassified biologics
52571,143,3,195,Egrifta (tesamorelin),2011-06-04 00:00:00,,Presumption of Long-Term Non-Acute Administration,J3590,102,2026-07-10 13:46:46,UNCLASSIFIED BIOLOGICS,Unclassified biologics
52571,143,3,196,Signifor (pasireotide) ,2013-06-17 00:00:00,,Apparent on its Face,J3590,102,2026-07-10 13:46:46,UNCLASSIFIED BIOLOGICS,Unclassified biologics
52571,143,3,197,Praluent (alirocumab) ,2016-01-16 00:00:00,,Apparent on its Face,J3590,102,2026-07-10 13:46:46,UNCLASSIFIED BIOLOGICS,Unclassified biologics
52571,143,3,198,Repatha (evolocumab) ,2016-01-18 00:00:00,,Apparent on its Face,J3590,102,2026-07-10 13:46:46,UNCLASSIFIED BIOLOGICS,Unclassified biologics
52571,143,3,199,Natpara (parathyroid hormone),2016-01-18 00:00:00,,Apparent on its Face,J3590,102,2026-07-10 13:46:46,UNCLASSIFIED BIOLOGICS,Unclassified biologics
52571,143,3,200,Bydureon (exenatide extended release for injectable suspension)  ,2012-08-06 00:00:00,,Apparent on its Face,J3590,102,2026-07-10 13:46:46,UNCLASSIFIED BIOLOGICS,Unclassified biologics
52571,143,3,201,"Pegasys, Pegasys Proclick (peginterferon alfa-2a) ",2006-03-05 00:00:00,,Apparent on its Face,J3590,102,2026-07-10 13:46:46,UNCLASSIFIED BIOLOGICS,Unclassified biologics
52571,143,3,202,Victoza (liraglutide),2010-05-01 00:00:00,,Apparent on its Face,J3590,102,2026-07-10 13:46:46,UNCLASSIFIED BIOLOGICS,Unclassified biologics
52571,143,3,203,Sylatron (peginterferon alfa-2b),2012-05-19 00:00:00,,Apparent on its Face,J3590,102,2026-07-10 13:46:46,UNCLASSIFIED BIOLOGICS,Unclassified biologics
52571,143,3,204,Saxenda (liraglutide),2016-10-31 00:00:00,,Apparent on its Face,J3590,102,2026-07-10 13:46:46,UNCLASSIFIED BIOLOGICS,Unclassified biologics
52571,143,3,205,TriMix,2016-10-31 00:00:00,,Apparent on its Face,J3590,102,2026-07-10 13:46:46,UNCLASSIFIED BIOLOGICS,Unclassified biologics
52571,143,3,206,Somavert (pegvisomant),2016-10-31 00:00:00,,Apparent on its Face,J3590,102,2026-07-10 13:46:46,UNCLASSIFIED BIOLOGICS,Unclassified biologics
52571,143,3,207,Symlin (pramlintide acetate injection),2016-10-31 00:00:00,,Apparent on its Face,J3590,102,2026-07-10 13:46:46,UNCLASSIFIED BIOLOGICS,Unclassified biologics
52571,143,3,208,PegIntron (pegylated interferon alfa-2b),2016-10-31 00:00:00,,Apparent on its Face,J3590,102,2026-07-10 13:46:46,UNCLASSIFIED BIOLOGICS,Unclassified biologics
52571,143,3,209,Tymlos (abaloparatide),2019-12-02 00:00:00,,Apparent on its Face,J3590,102,2026-07-10 13:46:46,UNCLASSIFIED BIOLOGICS,Unclassified biologics
52571,143,3,210,Kevzara (sarilumab),2019-12-02 00:00:00,,Apparent on its Face,J3590,102,2026-07-10 13:46:46,UNCLASSIFIED BIOLOGICS,Unclassified biologics
52571,143,3,211,Ozempic (semaglutide),2019-12-02 00:00:00,,Apparent on its Face,J3590,102,2026-07-10 13:46:46,UNCLASSIFIED BIOLOGICS,Unclassified biologics
52571,143,3,212,Aimovig (erenumab-aooe),2019-12-02 00:00:00,,Apparent on its Face,J3590,102,2026-07-10 13:46:46,UNCLASSIFIED BIOLOGICS,Unclassified biologics
52571,143,3,213,Lantus (insulin glargine injection),2019-12-02 00:00:00,,Apparent on its Face,J3590,102,2026-07-10 13:46:46,UNCLASSIFIED BIOLOGICS,Unclassified biologics
52571,143,3,214,Emgality (galcanezumab-gnlm),2019-12-02 00:00:00,,Apparent on its Face,J3590,102,2026-07-10 13:46:46,UNCLASSIFIED BIOLOGICS,Unclassified biologics
52571,143,3,215,"Cyltezo (adalimumab-adbm)
",2019-12-02 00:00:00,,Apparent on its Face,J3590,102,2026-07-10 13:46:46,UNCLASSIFIED BIOLOGICS,Unclassified biologics
52571,143,3,216,N/A,2016-10-31 00:00:00,,Apparent on its Face,J9213,102,2026-07-10 13:46:46,"INJECTION, INTERFERON, ALFA-2A, RECOMBINANT, 3 MILLION UNITS",Interferon alfa-2a inj
52571,143,3,217,Actimmune,2016-10-31 00:00:00,,Apparent on its Face,J9216,102,2026-07-10 13:46:46,"INJECTION, INTERFERON, GAMMA 1-B, 3 MILLION UNITS",Interferon gamma 1-b inj
52571,143,3,218,"Lupron, Eligard",1999-12-20 00:00:00,,Apparent on its Face,J9218,102,2026-07-10 13:46:46,"LEUPROLIDE ACETATE, PER 1 MG",Leuprolide acetate injeciton
52571,143,3,219,N/A,2016-10-23 00:00:00,,Apparent on its Face,Q0515,102,2026-07-10 13:46:46,"INJECTION, SERMORELIN ACETATE, 1 MICROGRAM",Sermorelin acetate injection
52571,143,3,220,Imuldosa (ustekinumab-srlf)*,2025-08-31 00:00:00,,Apparent on its Face,Q5098,102,2026-07-10 13:46:46,"INJECTION, USTEKINUMAB-SRLF (IMULDOSA), BIOSIMILAR, 1 MG","Inj ustekinumab-srlf, 1 mg"
52571,143,3,221,Steqeyma (ustekinumab-stba)*,2025-07-01 00:00:00,,Apparent on its Face,Q5099,102,2026-07-10 13:46:46,"INJECTION, USTEKINUMAB-STBA (STEQEYMA), BIOSIMILAR, 1 MG","Inj ustekinumab-stba, 1 mg"
52571,143,3,222,Yesintek (ustekinumab-kfce)*,2025-08-31 00:00:00,,Apparent on its Face,Q5100,102,2026-07-10 13:46:46,"INJECTION, USTEKINUMAB-KFCE (YESINTEK), BIOSIMILAR, 1 MG","Inj ustekinumab-kfce, 1 mg"
52571,143,3,223,Wezlana (ustekinumab-auub),2024-07-01 00:00:00,,Apparent on its Face,Q5137,102,2026-07-10 13:46:46,"INJECTION, USTEKINUMAB-AUUB (WEZLANA), BIOSIMILAR, SUBCUTANEOUS, 1 MG","Inj, wezlana, sub cu, 1 mg"
52571,143,3,224,Hulio (adalimumab-fkjp),2025-03-16 00:00:00,,Apparent on its Face,Q5140,102,2026-07-10 13:46:46,"INJECTION, ADALIMUMAB-FKJP, BIOSIMILAR, 1 MG","Inj adalimumab-fkjp, 1 mg"
52571,143,3,225,Yuflyma (adalimumab-aaty),2025-03-16 00:00:00,,Apparent on its Face,Q5141,102,2026-07-10 13:46:46,"INJECTION, ADALIMUMAB-AATY, BIOSIMILAR, 1 MG","Inj adalimumab-aaty, 1 mg"
52571,143,3,226,Simlandi (adalimumab-ryvk),2025-03-16 00:00:00,,Apparent on its Face,Q5142,102,2026-07-10 13:46:46,"INJECTION, ADALIMUMAB-RYVK BIOSIMILAR, 1 MG","Inj adalimumab-ryvk, 1 mg"
52571,143,3,227,Cyltezo (adalimumab-adbm),2025-03-16 00:00:00,,Apparent on its Face,Q5143,102,2026-07-10 13:46:46,"INJECTION, ADALIMUMAB-ADBM, BIOSIMILAR, 1 MG","Inj adalimumab-adbm, 1 mg"
52571,143,3,228,Idacio (adalimumab-aacf),2025-03-16 00:00:00,,Apparent on its Face,Q5144,102,2026-07-10 13:46:46,"INJECTION, ADALIMUMAB-AACF (IDACIO), BIOSIMILAR, 1 MG","Inj, idacio, 1 mg"
52571,143,3,229,Abrilada (adalimumab-afzb),2025-03-16 00:00:00,,Apparent on its Face,Q5145,102,2026-07-10 13:46:46,"INJECTION, ADALIMUMAB-AFZB (ABRILADA), BIOSIMILAR, 1 MG","Inj, abrilada, 1 mg"
52571,143,3,230,Starjemza (ustekinumab-hmny)*,2026-08-30 00:00:00,,Apparent on its Face,Q5164,102,2026-07-10 13:46:46,"INJECTION, USTEKINUMAB-HMNY (STARJEMZA), BIOSIMILAR, 1 MG","Ustekinumab-hmny, 1 mg"
52571,143,3,231,Pyzchiva (ustekinumab-ttwe),2025-03-16 00:00:00,,Apparent on its Face,Q9996,102,2026-07-10 13:46:46,"INJECTION, USTEKINUMAB-TTWE (PYZCHIVA), SUBCUTANEOUS, 1 MG",Ustekinumab- ttwe sub cu inj
52571,143,3,232,Selarsdi (ustekinumab-aekn)*,2025-03-16 00:00:00,,Apparent on its Face,Q9998,102,2026-07-10 13:46:46,"INJECTION, USTEKINUMAB-AEKN (SELARSDI), BIOSIMILAR, 1 MG","Inj ustekinumab-aekn, 1 mg"
52571,143,3,233,Otulfi (ustekinumab-aauz)*,2025-06-01 00:00:00,,Apparent on its Face,Q9999,102,2026-07-10 13:46:46,"INJECTION, USTEKINUMAB-AAUZ (OTULFI), BIOSIMILAR, 1 MG",Inj ustekinumab-aauz 1 mg
52571,143,3,234,methylnatrexone bromide (Relistor®),2009-04-20 00:00:00,2012-12-31 00:00:00,,C9399,102,2026-07-10 13:46:46,UNCLASSIFIED DRUGS OR BIOLOGICALS,Unclassified drugs or biolog
52571,143,3,235,Icatibant <br> (Firazyr ®)<br> ,2012-05-19 00:00:00,2012-12-31 00:00:00,,C9399,102,2026-07-10 13:46:46,UNCLASSIFIED DRUGS OR BIOLOGICALS,Unclassified drugs or biolog
52571,143,3,236,Daclizumab (Zinbryta&#8482),2016-10-31 00:00:00,2021-01-01 00:00:00,Apparent on its Face,C9399,102,2026-07-10 13:46:46,UNCLASSIFIED DRUGS OR BIOLOGICALS,Unclassified drugs or biolog
52571,143,3,237,"Orencia®, subcutaneous only",2017-11-16 00:00:00,2019-12-02 00:00:00,Apparent on its Face,C9399,102,2026-07-10 13:46:46,UNCLASSIFIED DRUGS OR BIOLOGICALS,Unclassified drugs or biolog
52571,143,3,238,Omvoh (mirikizumab-mrkz)* EFFECTIVE 7/1/2024 REPLACED BY CODE J2267 (SEE EXCLUDED CPT/HCPCS Codes TABLE ABOVE),2024-01-14 00:00:00,2024-07-01 00:00:00,Apparent on its Face,C9399,102,2026-07-10 13:46:46,UNCLASSIFIED DRUGS OR BIOLOGICALS,Unclassified drugs or biolog
52571,143,3,239,"WEZLANA (ustekinumab-auub)* EFFECTIVE 7/1/2024, REPLACED BY CODE Q5137 (SEE EXCLUDED CPT/HCPCS Codes TABLE ABOVE)",2024-03-17 00:00:00,2024-07-01 00:00:00,Apparent on its Face,C9399,102,2026-07-10 13:46:46,UNCLASSIFIED DRUGS OR BIOLOGICALS,Unclassified drugs or biolog
52571,143,3,240,Steqeyma (ustekinumab-stba)*,2025-06-01 00:00:00,2025-07-01 00:00:00,Apparent on its Face,C9399,102,2026-07-10 13:46:46,UNCLASSIFIED DRUGS OR BIOLOGICALS,Unclassified drugs or biolog
52571,143,3,241,Xembify<sup>®</sup>,2022-06-06 00:00:00,2022-06-06 00:00:00,Apparent on its Face,J1558,102,2026-07-10 13:46:46,"INJECTION, IMMUNE GLOBULIN (XEMBIFY), 100 MG","Inj. xembify, 100 mg"
52571,143,3,242,Hizentra&reg;,2011-06-18 00:00:00,2021-01-01 00:00:00,Presumption of Long-Term Non-Acute Administration,J1559,102,2026-07-10 13:46:46,"INJECTION, IMMUNE GLOBULIN (HIZENTRA), 100 MG",Hizentra injection
52571,143,3,243,Injection Pasireotide long acting 1 mg,2016-10-31 00:00:00,2021-04-05 00:00:00,Apparent on its Face,J2502,102,2026-07-10 13:46:46,"INJECTION, PASIREOTIDE LONG ACTING, 1 MG","Inj, pasireotide long acting"
52571,143,3,244,"Actemra®
(tocilizumab)
subcutaneous use*
",2019-12-02 00:00:00,2021-01-01 00:00:00,Apparent on its Face,J3262,102,2026-07-10 13:46:46,"INJECTION, TOCILIZUMAB, 1 MG",Tocilizumab injection
52571,143,3,245,methylnatrexone bromide (Relistor®),2009-04-20 00:00:00,2012-12-31 00:00:00,,J3490,102,2026-07-10 13:46:46,UNCLASSIFIED DRUGS,Drugs unclassified injection
52571,143,3,246,Icatibant <br> (Firazyr ®)<br> ,2012-05-19 00:00:00,2012-12-31 00:00:00,,J3490,102,2026-07-10 13:46:46,UNCLASSIFIED DRUGS,Drugs unclassified injection
52571,143,3,247,Daclizumab (Zinbryta&#8482;),2016-10-31 00:00:00,2021-01-01 00:00:00,Apparent on its Face,J3490,102,2026-07-10 13:46:46,UNCLASSIFIED DRUGS,Drugs unclassified injection
52571,143,3,248,Haegarda® (C1 Esterase Inhibitor Subcutaneous [Human]),2018-04-02 00:00:00,2018-12-31 00:00:00,Apparent on its Face,J3490,102,2026-07-10 13:46:46,UNCLASSIFIED DRUGS,Drugs unclassified injection
52571,143,3,249,Omvoh (mirikizumab-mrkz)* EFFECTIVE 7/1/2024 REPLACED BY CODE J2267 (SEE EXCLUDED CPT/HCPCS Codes TABLE ABOVE),2024-01-14 00:00:00,2024-07-01 00:00:00,Apparent on its Face,J3490,102,2026-07-10 13:46:46,UNCLASSIFIED DRUGS,Drugs unclassified injection
52571,143,3,250,"WEZLANA (ustekinumab-auub)* EFFECTIVE 7/1/2024, REPLACED BY CODE Q5137 (SEE EXCLUDED CPT/HCPCS Codes TABLE ABOVE)",2024-03-17 00:00:00,2024-07-01 00:00:00,Apparent on its Face,J3490,102,2026-07-10 13:46:46,UNCLASSIFIED DRUGS,Drugs unclassified injection
52571,143,3,251,Steqeyma (ustekinumab-stba)*,2025-06-01 00:00:00,2025-07-01 00:00:00,Apparent on its Face,J3490,102,2026-07-10 13:46:46,UNCLASSIFIED DRUGS,Drugs unclassified injection
52571,143,3,252,Steqeyma (ustekinumab-stba)*,2025-06-01 00:00:00,2025-07-01 00:00:00,Apparent on its Face,J3590,102,2026-07-10 13:46:46,UNCLASSIFIED BIOLOGICS,Unclassified biologics
52571,143,3,253,"WEZLANA (ustekinumab-auub)* EFFECTIVE 7/1/2024, REPLACED BY CODE Q5137 (SEE EXCLUDED CPT/HCPCS Codes TABLE ABOVE)",2024-03-17 00:00:00,2024-07-01 00:00:00,Apparent on its Face,J3590,102,2026-07-10 13:46:46,UNCLASSIFIED BIOLOGICS,Unclassified biologics
52571,143,3,254,Omvoh (mirikizumab-mrkz)* EFFECTIVE 7/1/2024 REPLACED BY CODE J2267 (SEE EXCLUDED CPT/HCPCS Codes TABLE ABOVE),2024-01-14 00:00:00,2024-07-01 00:00:00,Apparent on its Face,J3590,102,2026-07-10 13:46:46,UNCLASSIFIED BIOLOGICS,Unclassified biologics
52571,143,3,255,Haegarda® (C1 Esterase Inhibitor Subcutaneous [Human]),2018-04-02 00:00:00,2018-12-31 00:00:00,Apparent on its Face,J3590,102,2026-07-10 13:46:46,UNCLASSIFIED BIOLOGICS,Unclassified biologics
52571,143,3,256,"Orencia®, subcutaneous only",2017-11-16 00:00:00,2019-12-02 00:00:00,Apparent on its Face,J3590,102,2026-07-10 13:46:46,UNCLASSIFIED BIOLOGICS,Unclassified biologics
52571,143,3,257,Daclizumab (Zinbryta&#8482;),2016-10-31 00:00:00,2021-01-01 00:00:00,Apparent on its Face,J3590,102,2026-07-10 13:46:46,UNCLASSIFIED BIOLOGICS,Unclassified biologics
52571,143,3,258,Icatibant <br> (Firazyr ®)<br> ,2012-05-19 00:00:00,2012-12-31 00:00:00,,J3590,102,2026-07-10 13:46:46,UNCLASSIFIED BIOLOGICS,Unclassified biologics
52800,98,3,1,"Rebif® (Interferon Beta–1A, 1 mcg)",2017-07-16 00:00:00,,Apparent on its Face,C9399,102,2026-07-10 12:17:53,UNCLASSIFIED DRUGS OR BIOLOGICALS,Unclassified drugs or biolog
52800,98,3,2,Tesamorelin (Egrifta™),2017-07-16 00:00:00,,Apparent on its Face,C9399,102,2026-07-10 12:17:53,UNCLASSIFIED DRUGS OR BIOLOGICALS,Unclassified drugs or biolog
52800,98,3,3,Sogroya® (somapacitan-beco),2021-11-15 00:00:00,,Apparent on its Face,C9399,102,2026-07-10 12:17:53,UNCLASSIFIED DRUGS OR BIOLOGICALS,Unclassified drugs or biolog
52800,98,3,4,Pasireotide (Signifor®),2021-11-15 00:00:00,,Apparent on its Face,C9399,102,2026-07-10 12:17:53,UNCLASSIFIED DRUGS OR BIOLOGICALS,Unclassified drugs or biolog
52800,98,3,5,"Risankizumab-rzaa
(Skyrizi™)
subcutaneous use",2020-01-12 00:00:00,,Apparent on its Face,C9399,102,2026-07-10 12:17:53,UNCLASSIFIED DRUGS OR BIOLOGICALS,Unclassified drugs or biolog
52800,98,3,6,"ofatumumab (Kesimpta®) 
subcutaneous use*",2022-07-24 00:00:00,,Apparent on its Face,C9399,102,2026-07-10 12:17:53,UNCLASSIFIED DRUGS OR BIOLOGICALS,Unclassified drugs or biolog
52800,98,3,7,tralokinumab-idrm (Adbry™),2022-11-13 00:00:00,,Apparent on its Face,C9399,102,2026-07-10 12:17:53,UNCLASSIFIED DRUGS OR BIOLOGICALS,Unclassified drugs or biolog
52800,98,3,8,All insulin products,2022-12-11 00:00:00,,Apparent on its Face,C9399,102,2026-07-10 12:17:53,UNCLASSIFIED DRUGS OR BIOLOGICALS,Unclassified drugs or biolog
52800,98,3,9,"tirzepatide
(Mounjaro™)",2022-12-11 00:00:00,,Apparent on its Face,C9399,102,2026-07-10 12:17:53,UNCLASSIFIED DRUGS OR BIOLOGICALS,Unclassified drugs or biolog
52800,98,3,10,"Adalimumab-aacf (Idacio®), Adalimumab-afzb (Abrilada™), Adalimumab-bwwd (Hadlima), Adalimumab-fkjp (Hulio®), Adalimumab-adaz (Hyrimoz), Adalimumab-aqvh (Yusimry)",2023-06-25 00:00:00,,Apparent on its Face,C9399,102,2026-07-10 12:17:53,UNCLASSIFIED DRUGS OR BIOLOGICALS,Unclassified drugs or biolog
52800,98,3,11,secukinumab (Cosentyx™),2015-06-15 00:00:00,,Apparent on its Face,C9399,102,2026-07-10 12:17:53,UNCLASSIFIED DRUGS OR BIOLOGICALS,Unclassified drugs or biolog
52800,98,3,12,Vedolizumab (Entyvio®) subcutaneous use*,2024-01-14 00:00:00,,Apparent on its Face,C9399,102,2026-07-10 12:17:53,UNCLASSIFIED DRUGS OR BIOLOGICALS,Unclassified drugs or biolog
52800,98,3,13,adalimumab-aaty (Yuflyma®),2024-01-14 00:00:00,,Apparent on its Face,C9399,102,2026-07-10 12:17:53,UNCLASSIFIED DRUGS OR BIOLOGICALS,Unclassified drugs or biolog
52800,98,3,14,Semaglutide (Wegovy®),2024-06-30 00:00:00,,Apparent on its Face,C9399,102,2026-07-10 12:17:53,UNCLASSIFIED DRUGS OR BIOLOGICALS,Unclassified drugs or biolog
52800,98,3,15,Semaglutide (Ozempic®),2024-04-01 00:00:00,,Apparent on its Face,C9399,102,2026-07-10 12:17:53,UNCLASSIFIED DRUGS OR BIOLOGICALS,Unclassified drugs or biolog
52800,98,3,16,Tirzepatide (Zepbound™),2024-06-30 00:00:00,,Apparent on its Face,C9399,102,2026-07-10 12:17:53,UNCLASSIFIED DRUGS OR BIOLOGICALS,Unclassified drugs or biolog
52800,98,3,17,Liraglutide (Saxenda®),2016-06-15 00:00:00,,Apparent on its Face,C9399,102,2026-07-10 12:17:53,UNCLASSIFIED DRUGS OR BIOLOGICALS,Unclassified drugs or biolog
52800,98,3,18,Liraglutide (Victoza®),2011-10-16 00:00:00,,Apparent on its Face,C9399,102,2026-07-10 12:17:53,UNCLASSIFIED DRUGS OR BIOLOGICALS,Unclassified drugs or biolog
52800,98,3,19,Nemolizumab-ilto (Nemluvio),2026-06-14 00:00:00,,Apparent on its Face,C9399,102,2026-07-10 12:17:53,UNCLASSIFIED DRUGS OR BIOLOGICALS,Unclassified drugs or biolog
52800,98,3,20,"bimekizumab-bkzx 
(Bimzelx®)
",2026-08-29 00:00:00,,Apparent on its Face,C9399,102,2026-07-10 12:17:53,UNCLASSIFIED DRUGS OR BIOLOGICALS,Unclassified drugs or biolog
52800,98,3,21,"Orencia®
subcutaneous use*",2021-04-01 00:00:00,,Apparent on its Face,J0129,102,2026-07-10 12:17:53,"INJECTION, ABATACEPT, 10 MG (CODE MAY BE USED FOR MEDICARE WHEN DRUG ADMINISTERED UNDER THE DIRECT SUPERVISION OF A PHYSICIAN, NOT FOR USE WHEN DRUG IS SELF ADMINISTERED)",Abatacept injection
52800,98,3,22,Humira®,2025-01-01 00:00:00,,Apparent on its Face,J0139,102,2026-07-10 12:17:53,"INJECTION, ADALIMUMAB, 1 MG","Inj, adalimumab, 1 mg"
52800,98,3,23,"Caverject, Edex",2008-02-01 00:00:00,,Apparent on its Face,J0270,102,2026-07-10 12:17:53,"INJECTION, ALPROSTADIL, 1.25 MCG (CODE MAY BE USED FOR MEDICARE WHEN DRUG ADMINISTERED UNDER THE DIRECT SUPERVISION OF A PHYSICIAN, NOT FOR USE WHEN DRUG IS SELF ADMINISTERED)",Alprostadil for injection
52800,98,3,24,Apokyn®,2021-04-01 00:00:00,,Apparent on its Face,J0364,102,2026-07-10 12:17:53,"INJECTION, APOMORPHINE HYDROCHLORIDE, 1 MG",Apomorphine hydrochloride
52800,98,3,25,"Benlysta®, subcutaneous use* ",2021-04-01 00:00:00,,Apparent on its Face,J0490,102,2026-07-10 12:17:53,"INJECTION, BELIMUMAB, 10 MG",Belimumab injection
52800,98,3,26,Takhzyro®,2019-12-02 00:00:00,,Apparent on its Face,J0593,102,2026-07-10 12:17:53,"INJECTION, LANADELUMAB-FLYO, 1 MG (CODE MAY BE USED FOR MEDICARE WHEN DRUG ADMINISTERED UNDER DIRECT SUPERVISION OF A PHYSICIAN, NOT FOR USE WHEN DRUG IS SELF-ADMINISTERED)","Inj., lanadelumab-flyo, 1 mg"
52800,98,3,27,Haegarda®,2019-01-01 00:00:00,,Apparent on its Face,J0599,102,2026-07-10 12:17:53,"INJECTION, C-1 ESTERASE INHIBITOR (HUMAN), (HAEGARDA), 10 UNITS","Inj., haegarda 10 units"
52800,98,3,28,"Calcimar, Miacalcin",2008-02-01 00:00:00,,Apparent on its Face,J0630,102,2026-07-10 12:17:53,"INJECTION, CALCITONIN SALMON, UP TO 400 UNITS",Calcitonin salmon injection
52800,98,3,29,H.P. Acthar® Gel subcutaneous use**,2023-10-01 00:00:00,,Apparent on its Face,J0801,102,2026-07-10 12:17:53,"INJECTION, CORTICOTROPIN (ACTHAR GEL), UP TO 40 UNITS",Inj. acthar gel to 40 units
52800,98,3,30,Purified Cortrophin Gel® subcutaneous use**,2023-10-01 00:00:00,,Apparent on its Face,J0802,102,2026-07-10 12:17:53,"INJECTION, CORTICOTROPIN (ANI), UP TO 40 UNITS","Inj. (ani), up to 40 units"
52800,98,3,31,Fuzeon,2008-02-01 00:00:00,,Apparent on its Face,J1324,102,2026-07-10 12:17:53,"INJECTION, ENFUVIRTIDE, 1 MG",Enfuvirtide injection
52800,98,3,32,Enbrel,2008-02-01 00:00:00,,Apparent on its Face,J1438,102,2026-07-10 12:17:53,"INJECTION, ETANERCEPT, 25 MG (CODE MAY BE USED FOR MEDICARE WHEN DRUG ADMINISTERED UNDER THE DIRECT SUPERVISION OF A PHYSICIAN, NOT FOR USE WHEN DRUG IS SELF ADMINISTERED)",Etanercept injection
52800,98,3,33,Copaxone™,2008-02-01 00:00:00,,Apparent on its Face,J1595,102,2026-07-10 12:17:53,"INJECTION, GLATIRAMER ACETATE, 20 MG",Injection glatiramer acetate
52800,98,3,34,Tremfya® (guselkumab)*,2021-04-01 00:00:00,,Apparent on its Face,J1628,102,2026-07-10 12:17:53,"INJECTION, GUSELKUMAB, 1 MG","Inj., guselkumab, 1 mg"
52800,98,3,35,Supprelin LA™,2008-02-01 00:00:00,,Apparent on its Face,J1675,102,2026-07-10 12:17:53,"INJECTION, HISTRELIN ACETATE, 10 MICROGRAMS",Histrelin acetate
52800,98,3,36,Firazyr™,2011-11-15 00:00:00,,Apparent on its Face,J1744,102,2026-07-10 12:17:53,"INJECTION, ICATIBANT, 1 MG",Icatibant injection
52800,98,3,37,Infliximab-dyyb (Zymfentra),2024-08-18 00:00:00,,Apparent on its Face,J1748,102,2026-07-10 12:17:53,"INJECTION, INFLIXIMAB-DYYB (ZYMFENTRA), 10 MG","Inj, zymfentra, 10 mg"
52800,98,3,38,Fiasp® for insulin pump use,2023-09-03 00:00:00,,Apparent on its Face,J1811,102,2026-07-10 12:17:53,"INSULIN (FIASP) FOR ADMINISTRATION THROUGH DME (I.E., INSULIN PUMP) PER 50 UNITS",Fiasp for insulin pump use
52800,98,3,39,Fiasp® injection*,2023-09-03 00:00:00,,Apparent on its Face,J1812,102,2026-07-10 12:17:53,"INSULIN (FIASP), PER 5 UNITS",Inj. insulin (fiasp)
52800,98,3,40,Lyumjev® for insulin pump use,2023-09-03 00:00:00,,Apparent on its Face,J1813,102,2026-07-10 12:17:53,"INSULIN (LYUMJEV) FOR ADMINISTRATION THROUGH DME (I.E., INSULIN PUMP) PER 50 UNITS",Lyumjev for insulin pump use
52800,98,3,41,Lyumjev® injection*,2023-09-03 00:00:00,,Apparent on its Face,J1814,102,2026-07-10 12:17:53,"INSULIN (LYUMJEV), PER 5 UNITS",Inj. insulin (lyumjev)
52800,98,3,42,"Humalog, Humulin, Iletin, Insulin Lispro, Novo Nordisk, NPH, Pork Insulin, Regular Insulin, Ultralente, Velosulin, Humulin R, Iletin II Regular Port, Insulin Purified Pork, ReliOn, Lente Iletin I, Novolin R, Humulin R U-500",2008-02-01 00:00:00,,Apparent on its Face,J1815,102,2026-07-10 12:17:53,"INJECTION, INSULIN, PER 5 UNITS",Insulin injection
52800,98,3,43,All insulin products,2022-12-11 00:00:00,,Apparent on its Face,J1815,102,2026-07-10 12:17:53,"INJECTION, INSULIN, PER 5 UNITS",Insulin injection
52800,98,3,44,All insulin products,2022-12-11 00:00:00,,Apparent on its Face,J1817,102,2026-07-10 12:17:53,"INSULIN FOR ADMINISTRATION THROUGH DME (I.E., INSULIN PUMP) PER 50 UNITS",Insulin for insulin pump use
52800,98,3,45,"Humalog, Humulin, Vesolin BR, Iletin II NPH Pork, Lantus, Lispro-PFC, Novolin, Novolog, Novolog Flexpen, Novolog Mix, ReliOn Novolin",2008-02-01 00:00:00,,Apparent on its Face,J1817,102,2026-07-10 12:17:53,"INSULIN FOR ADMINISTRATION THROUGH DME (I.E., INSULIN PUMP) PER 50 UNITS",Insulin for insulin pump use
52800,98,3,46,"Avonex Pen®, Rebif®, Rebif® Rebidose®",2021-11-15 00:00:00,,Apparent on its Face,J1826,102,2026-07-10 12:17:53,"INJECTION, INTERFERON BETA-1A, 30 MCG",Interferon beta-1a inj
52800,98,3,47,Betaseron™,2008-02-01 00:00:00,,Apparent on its Face,J1830,102,2026-07-10 12:17:53,"INJECTION, INTERFERON BETA-1B, 0.25 MG (CODE MAY BE USED FOR MEDICARE WHEN DRUG ADMINISTERED UNDER THE DIRECT SUPERVISION OF A PHYSICIAN, NOT FOR USE WHEN DRUG IS SELF ADMINISTERED)",Interferon beta-1b / .25 mg
52800,98,3,48,Furoscix®,2023-09-03 00:00:00,,Apparent on its Face,J1941,102,2026-07-10 12:17:53,"INJECTION, FUROSEMIDE (FUROSCIX), 20 MG","Inj, furoscix, 20 mg"
52800,98,3,49,Iplex™ Increlex™,2008-02-01 00:00:00,,Apparent on its Face,J2170,102,2026-07-10 12:17:53,"INJECTION, MECASERMIN, 1 MG",Mecasermin injection
52800,98,3,50,Relistor™ ,2013-02-15 00:00:00,,Apparent on its Face,J2212,102,2026-07-10 12:17:53,"INJECTION, METHYLNALTREXONE, 0.1 MG",Methylnaltrexone injection
52800,98,3,51,mirikizumab-mrkz (Omvoh™) subcutaneous use*,2024-07-01 00:00:00,,Apparent on its Face,J2267,102,2026-07-10 12:17:53,"INJECTION, MIRIKIZUMAB-MRKZ, 1 MG","Inj, mirikizumab-mrkz, 1 mg"
52800,98,3,52,"Sandostatin™, subcutaneous use*",2008-02-01 00:00:00,,Apparent on its Face,J2354,102,2026-07-10 12:17:53,"INJECTION, OCTREOTIDE, NON-DEPOT FORM FOR SUBCUTANEOUS OR INTRAVENOUS INJECTION, 25 MCG","Octreotide inj, non-depot"
52800,98,3,53,Papaverine HCL,2008-02-01 00:00:00,,Apparent on its Face,J2440,102,2026-07-10 12:17:53,"INJECTION, PAPAVERINE HCL, UP TO 60 MG",Papaverin hcl injection
52800,98,3,54,"Genotropin™

",2008-02-01 00:00:00,,Apparent on its Face,J2941,102,2026-07-10 12:17:53,"INJECTION, SOMATROPIN, 1 MG",Somatropin injection
52800,98,3,55,"Imitrex™
",2008-02-01 00:00:00,,Apparent on its Face,J3030,102,2026-07-10 12:17:53,"INJECTION, SUMATRIPTAN SUCCINATE, 6 MG (CODE MAY BE USED FOR MEDICARE WHEN DRUG ADMINISTERED UNDER THE DIRECT SUPERVISION OF A PHYSICIAN, NOT FOR USE WHEN DRUG IS SELF ADMINISTERED)",Sumatriptan succinate / 6 mg
52800,98,3,56,Ajovy™,2021-04-01 00:00:00,,Apparent on its Face,J3031,102,2026-07-10 12:17:53,"INJECTION, FREMANEZUMAB-VFRM, 1 MG (CODE MAY BE USED FOR MEDICARE WHEN DRUG ADMINISTERED UNDER THE DIRECT SUPERVISION OF A PHYSICIAN, NOT FOR USE WHEN DRUG IS SELF-ADMINISTERED)","Inj., fremanezumab-vfrm 1 mg"
52800,98,3,57,Forteo™,2008-02-01 00:00:00,,Apparent on its Face,J3110,102,2026-07-10 12:17:53,"INJECTION, TERIPARATIDE, 10 MCG",Teriparatide injection
52800,98,3,58,Stelara®,2021-11-15 00:00:00,,Apparent on its Face,J3357,102,2026-07-10 12:17:53,"USTEKINUMAB, FOR SUBCUTANEOUS INJECTION, 1 MG","Ustekinumab sub cu inj, 1 mg"
52800,98,3,59,"bimekizumab-bkzx 
(Bimzelx®)
",2026-08-29 00:00:00,,Apparent on its Face,J3490,102,2026-07-10 12:17:53,UNCLASSIFIED DRUGS,Drugs unclassified injection
52800,98,3,60,Nemolizumab-ilto (Nemluvio),2026-06-14 00:00:00,,Apparent on its Face,J3490,102,2026-07-10 12:17:53,UNCLASSIFIED DRUGS,Drugs unclassified injection
52800,98,3,61,Injection lebrikizumab-lbkz; biosimilar (Ebglyss®),2025-04-17 00:00:00,,Apparent on its Face,J3490,102,2026-07-10 12:17:53,UNCLASSIFIED DRUGS,Drugs unclassified injection
52800,98,3,62,"Injection, ustekinumab-stba (Steqeyma); Biosimilar (SteQeyma®)
subcutaneous use*",2025-04-17 00:00:00,,Apparent on its Face,J3490,102,2026-07-10 12:17:53,UNCLASSIFIED DRUGS,Drugs unclassified injection
52800,98,3,63,Tirzepatide (Zepbound™),2024-06-30 00:00:00,,Apparent on its Face,J3490,102,2026-07-10 12:17:53,UNCLASSIFIED DRUGS,Drugs unclassified injection
52800,98,3,64,Sogroya® (somapacitan-beco),2021-11-15 00:00:00,,Apparent on its Face,J3490,102,2026-07-10 12:17:53,UNCLASSIFIED DRUGS,Drugs unclassified injection
52800,98,3,65,"Abaloparatide
(Tymlos™)",2018-07-16 00:00:00,,Apparent on its Face,J3490,102,2026-07-10 12:17:53,UNCLASSIFIED DRUGS,Drugs unclassified injection
52800,98,3,66,Albiglutide (Tanzeum™),2016-06-15 00:00:00,,Apparent on its Face,J3490,102,2026-07-10 12:17:53,UNCLASSIFIED DRUGS,Drugs unclassified injection
52800,98,3,67,Alirocumab (Praulent™),2016-06-15 00:00:00,,Apparent on its Face,J3490,102,2026-07-10 12:17:53,UNCLASSIFIED DRUGS,Drugs unclassified injection
52800,98,3,68,Dulaglutide (Trulicity™),2016-06-15 00:00:00,,Apparent on its Face,J3490,102,2026-07-10 12:17:53,UNCLASSIFIED DRUGS,Drugs unclassified injection
52800,98,3,69,etanercept-szzs (Erelzi),2016-11-15 00:00:00,,Apparent on its Face,J3490,102,2026-07-10 12:17:53,UNCLASSIFIED DRUGS,Drugs unclassified injection
52800,98,3,70,Evolocumab (Repatha™),2016-06-15 00:00:00,,Apparent on its Face,J3490,102,2026-07-10 12:17:53,UNCLASSIFIED DRUGS,Drugs unclassified injection
52800,98,3,71,Insulin Glargine (Toujeo SoloStar™),2016-06-15 00:00:00,,Apparent on its Face,J3490,102,2026-07-10 12:17:53,UNCLASSIFIED DRUGS,Drugs unclassified injection
52800,98,3,72,Insulin Glargine (Lantus SoloStar™),2016-06-15 00:00:00,,Apparent on its Face,J3490,102,2026-07-10 12:17:53,UNCLASSIFIED DRUGS,Drugs unclassified injection
52800,98,3,73,Sarilumab (Kevzara™),2021-04-01 00:00:00,,Apparent on its Face,J3490,102,2026-07-10 12:17:53,UNCLASSIFIED DRUGS,Drugs unclassified injection
52800,98,3,74,Ixekizumab (Taltz™),2016-06-15 00:00:00,,Apparent on its Face,J3490,102,2026-07-10 12:17:53,UNCLASSIFIED DRUGS,Drugs unclassified injection
52800,98,3,75,Liraglutide  (Victoza™),2011-10-16 00:00:00,,Apparent on its Face,J3490,102,2026-07-10 12:17:53,UNCLASSIFIED DRUGS,Drugs unclassified injection
52800,98,3,76,Liraglutide (Saxenda™),2016-06-15 00:00:00,,Apparent on its Face,J3490,102,2026-07-10 12:17:53,UNCLASSIFIED DRUGS,Drugs unclassified injection
52800,98,3,77,Methotrexate (Rasuvo™),2016-06-15 00:00:00,,Apparent on its Face,J3490,102,2026-07-10 12:17:53,UNCLASSIFIED DRUGS,Drugs unclassified injection
52800,98,3,78,Methotrexate  (Otrexup™),2016-06-15 00:00:00,,Apparent on its Face,J3490,102,2026-07-10 12:17:53,UNCLASSIFIED DRUGS,Drugs unclassified injection
52800,98,3,79,Metreleptin (Myalept™),2016-06-15 00:00:00,,Apparent on its Face,J3490,102,2026-07-10 12:17:53,UNCLASSIFIED DRUGS,Drugs unclassified injection
52800,98,3,80,Mipomersen sodium (Kynamro™),2013-09-15 00:00:00,,Apparent on its Face,J3490,102,2026-07-10 12:17:53,UNCLASSIFIED DRUGS,Drugs unclassified injection
52800,98,3,81,Parathyroid hormone (Natpara™),2016-06-15 00:00:00,,Apparent on its Face,J3490,102,2026-07-10 12:17:53,UNCLASSIFIED DRUGS,Drugs unclassified injection
52800,98,3,82,Pasireotide (Signifor™),2016-06-15 00:00:00,,Apparent on its Face,J3490,102,2026-07-10 12:17:53,UNCLASSIFIED DRUGS,Drugs unclassified injection
52800,98,3,83,"Peginterferon beta-1a (Plegridy™)
",2016-06-15 00:00:00,,Apparent on its Face,J3490,102,2026-07-10 12:17:53,UNCLASSIFIED DRUGS,Drugs unclassified injection
52800,98,3,84,Pramlintide (Symlin™),2008-02-01 00:00:00,,Apparent on its Face,J3490,102,2026-07-10 12:17:53,UNCLASSIFIED DRUGS,Drugs unclassified injection
52800,98,3,85,"Rebif® (Interferon Beta–1A, 1 mcg)",2017-07-16 00:00:00,,Apparent on its Face,J3490,102,2026-07-10 12:17:53,UNCLASSIFIED DRUGS,Drugs unclassified injection
52800,98,3,86,Tesamorelin (Egrifta™),2011-10-16 00:00:00,,Apparent on its Face,J3490,102,2026-07-10 12:17:53,UNCLASSIFIED DRUGS,Drugs unclassified injection
52800,98,3,87,TriMix™,2011-10-16 00:00:00,,Apparent on its Face,J3490,102,2026-07-10 12:17:53,UNCLASSIFIED DRUGS,Drugs unclassified injection
52800,98,3,88,Quadmix (+ Atropine),2017-07-16 00:00:00,,Apparent on its Face,J3490,102,2026-07-10 12:17:53,UNCLASSIFIED DRUGS,Drugs unclassified injection
52800,98,3,89,Adalimumab-atto (AMJEVITA™),2017-02-15 00:00:00,,Apparent on its Face,J3490,102,2026-07-10 12:17:53,UNCLASSIFIED DRUGS,Drugs unclassified injection
52800,98,3,90,Golimumab (SIMPONI),2017-02-15 00:00:00,,Apparent on its Face,J3490,102,2026-07-10 12:17:53,UNCLASSIFIED DRUGS,Drugs unclassified injection
52800,98,3,91,"Risankizumab-rzaa
(Skyrizi™)
subcutaneous use",2020-01-12 00:00:00,,Apparent on its Face,J3490,102,2026-07-10 12:17:53,UNCLASSIFIED DRUGS,Drugs unclassified injection
52800,98,3,92,"ofatumumab (Kesimpta®) 
subcutaneous use*",2022-07-24 00:00:00,,Apparent on its Face,J3490,102,2026-07-10 12:17:53,UNCLASSIFIED DRUGS,Drugs unclassified injection
52800,98,3,93,tralokinumab-idrm (Adbry™),2022-11-13 00:00:00,,Apparent on its Face,J3490,102,2026-07-10 12:17:53,UNCLASSIFIED DRUGS,Drugs unclassified injection
52800,98,3,94,All insulin products,2022-12-11 00:00:00,,Apparent on its Face,J3490,102,2026-07-10 12:17:53,UNCLASSIFIED DRUGS,Drugs unclassified injection
52800,98,3,95,"tirzepatide
(Mounjaro™)",2022-12-11 00:00:00,,Apparent on its Face,J3490,102,2026-07-10 12:17:53,UNCLASSIFIED DRUGS,Drugs unclassified injection
52800,98,3,96,"Adalimumab-aacf (Idacio®), Adalimumab-afzb (Abrilada™), Adalimumab-bwwd (Hadlima), Adalimumab-fkjp (Hulio®), Adalimumab-adaz (Hyrimoz), Adalimumab-aqvh (Yusimry)",2023-06-25 00:00:00,,Apparent on its Face,J3490,102,2026-07-10 12:17:53,UNCLASSIFIED DRUGS,Drugs unclassified injection
52800,98,3,97,secukinumab (Cosentyx™),2015-06-15 00:00:00,,Apparent on its Face,J3490,102,2026-07-10 12:17:53,UNCLASSIFIED DRUGS,Drugs unclassified injection
52800,98,3,98,Vedolizumab (Entyvio®) subcutaneous use*,2024-01-14 00:00:00,,Apparent on its Face,J3490,102,2026-07-10 12:17:53,UNCLASSIFIED DRUGS,Drugs unclassified injection
52800,98,3,99,adalimumab-aaty (Yuflyma®),2024-01-14 00:00:00,,Apparent on its Face,J3490,102,2026-07-10 12:17:53,UNCLASSIFIED DRUGS,Drugs unclassified injection
52800,98,3,100,adalimumab-aaty (Yuflyma®),2024-01-14 00:00:00,,Apparent on its Face,J3590,102,2026-07-10 12:17:53,UNCLASSIFIED BIOLOGICS,Unclassified biologics
52800,98,3,101,Vedolizumab (Entyvio®) subcutaneous use*,2024-01-14 00:00:00,,Apparent on its Face,J3590,102,2026-07-10 12:17:53,UNCLASSIFIED BIOLOGICS,Unclassified biologics
52800,98,3,102,"Adalimumab-aacf (Idacio®), Adalimumab-afzb (Abrilada™), Adalimumab-bwwd (Hadlima), Adalimumab-fkjp (Hulio®), Adalimumab-adaz (Hyrimoz), Adalimumab-aqvh (Yusimry)",2023-06-25 00:00:00,,Apparent on its Face,J3590,102,2026-07-10 12:17:53,UNCLASSIFIED BIOLOGICS,Unclassified biologics
52800,98,3,103,All insulin products,2022-12-11 00:00:00,,Apparent on its Face,J3590,102,2026-07-10 12:17:53,UNCLASSIFIED BIOLOGICS,Unclassified biologics
52800,98,3,104,"tirzepatide
(Mounjaro™)",2022-12-11 00:00:00,,Apparent on its Face,J3590,102,2026-07-10 12:17:53,UNCLASSIFIED BIOLOGICS,Unclassified biologics
52800,98,3,105,tralokinumab-idrm (Adbry™),2022-11-13 00:00:00,,Apparent on its Face,J3590,102,2026-07-10 12:17:53,UNCLASSIFIED BIOLOGICS,Unclassified biologics
52800,98,3,106,"ofatumumab (Kesimpta®) 
subcutaneous use*",2022-07-24 00:00:00,,Apparent on its Face,J3590,102,2026-07-10 12:17:53,UNCLASSIFIED BIOLOGICS,Unclassified biologics
52800,98,3,107,"adalimumab-adbm
(Cyltezo™ )",2021-04-01 00:00:00,,Apparent on its Face,J3590,102,2026-07-10 12:17:53,UNCLASSIFIED BIOLOGICS,Unclassified biologics
52800,98,3,108,Anakinra (Kineret™),2008-02-01 00:00:00,,Apparent on its Face,J3590,102,2026-07-10 12:17:53,UNCLASSIFIED BIOLOGICS,Unclassified biologics
52800,98,3,109,Asfotase-alfa (Strensiq®),2021-04-01 00:00:00,,Apparent on its Face,J3590,102,2026-07-10 12:17:53,UNCLASSIFIED BIOLOGICS,Unclassified biologics
52800,98,3,110,Brodalumab (Siliq),2017-07-16 00:00:00,,Apparent on its Face,J3590,102,2026-07-10 12:17:53,UNCLASSIFIED BIOLOGICS,Unclassified biologics
52800,98,3,111,Dupilumab (Dupixent)  ,2017-07-16 00:00:00,,Apparent on its Face,J3590,102,2026-07-10 12:17:53,UNCLASSIFIED BIOLOGICS,Unclassified biologics
52800,98,3,112,"erenumab-aooe 
(Aimovig™)",2021-04-01 00:00:00,,Apparent on its Face,J3590,102,2026-07-10 12:17:53,UNCLASSIFIED BIOLOGICS,Unclassified biologics
52800,98,3,113,"Exenatide, (Byetta™)
",2008-10-16 00:00:00,,Apparent on its Face,J3590,102,2026-07-10 12:17:53,UNCLASSIFIED BIOLOGICS,Unclassified biologics
52800,98,3,114,Exenatide (Bydureon™),2016-06-15 00:00:00,,Apparent on its Face,J3590,102,2026-07-10 12:17:53,UNCLASSIFIED BIOLOGICS,Unclassified biologics
52800,98,3,115,Galcenezumab-gnlm (Emgality™),2021-04-01 00:00:00,,Apparent on its Face,J3590,102,2026-07-10 12:17:53,UNCLASSIFIED BIOLOGICS,Unclassified biologics
52800,98,3,116,"Peginterferon alfa-2b, (Pegintron™ Sylatron™)",2008-02-01 00:00:00,,Apparent on its Face,J3590,102,2026-07-10 12:17:53,UNCLASSIFIED BIOLOGICS,Unclassified biologics
52800,98,3,117,"Pegvisomant, (Somavert™)",2008-02-01 00:00:00,,Apparent on its Face,J3590,102,2026-07-10 12:17:53,UNCLASSIFIED BIOLOGICS,Unclassified biologics
52800,98,3,118,"Rebif® (Interferon Beta–1A, 1 mcg)  ",2017-07-16 00:00:00,,Apparent on its Face,J3590,102,2026-07-10 12:17:53,UNCLASSIFIED BIOLOGICS,Unclassified biologics
52800,98,3,119,Sarilumab (Kevzara®),2021-04-01 00:00:00,,Apparent on its Face,J3590,102,2026-07-10 12:17:53,UNCLASSIFIED BIOLOGICS,Unclassified biologics
52800,98,3,120,secukinumab (Cosentyx™),2015-06-15 00:00:00,,Apparent on its Face,J3590,102,2026-07-10 12:17:53,UNCLASSIFIED BIOLOGICS,Unclassified biologics
52800,98,3,121,Semaglutide (Ozempic®),2021-04-01 00:00:00,,Apparent on its Face,J3590,102,2026-07-10 12:17:53,UNCLASSIFIED BIOLOGICS,Unclassified biologics
52800,98,3,122,"Risankizumab-rzaa
(Skyrizi™)
subcutaneous use",2020-01-12 00:00:00,,Apparent on its Face,J3590,102,2026-07-10 12:17:53,UNCLASSIFIED BIOLOGICS,Unclassified biologics
52800,98,3,123,Sogroya® (somapacitan-beco),2021-11-15 00:00:00,,Apparent on its Face,J3590,102,2026-07-10 12:17:53,UNCLASSIFIED BIOLOGICS,Unclassified biologics
52800,98,3,124,Ropeginterferon alfa-2b-njft (BESREMI®),2022-04-24 00:00:00,,Apparent on its Face,J3590,102,2026-07-10 12:17:53,UNCLASSIFIED BIOLOGICS,Unclassified biologics
52800,98,3,125,Semaglutide (Wegovy®),2024-06-30 00:00:00,,Apparent on its Face,J3590,102,2026-07-10 12:17:53,UNCLASSIFIED BIOLOGICS,Unclassified biologics
52800,98,3,126,Tirzepatide (Zepbound™),2024-06-30 00:00:00,,Apparent on its Face,J3590,102,2026-07-10 12:17:53,UNCLASSIFIED BIOLOGICS,Unclassified biologics
52800,98,3,127,Liraglutide (Saxenda®),2016-06-15 00:00:00,,Apparent on its Face,J3590,102,2026-07-10 12:17:53,UNCLASSIFIED BIOLOGICS,Unclassified biologics
52800,98,3,128,Liraglutide (Victoza®),2011-10-16 00:00:00,,Apparent on its Face,J3590,102,2026-07-10 12:17:53,UNCLASSIFIED BIOLOGICS,Unclassified biologics
52800,98,3,129,Injection lebrikizumab-lbkz; biosimilar (Ebglyss®),2025-04-17 00:00:00,,Apparent on its Face,J3590,102,2026-07-10 12:17:53,UNCLASSIFIED BIOLOGICS,Unclassified biologics
52800,98,3,130,"Injection, ustekinumab-stba (Steqeyma); Biosimilar (SteQeyma®)
subcutaneous use*",2025-04-17 00:00:00,,Apparent on its Face,J3590,102,2026-07-10 12:17:53,UNCLASSIFIED BIOLOGICS,Unclassified biologics
52800,98,3,131,Nemolizumab-ilto (Nemluvio),2026-06-14 00:00:00,,Apparent on its Face,J3590,102,2026-07-10 12:17:53,UNCLASSIFIED BIOLOGICS,Unclassified biologics
52800,98,3,132,"bimekizumab-bkzx 
(Bimzelx®)
",2026-08-29 00:00:00,,Apparent on its Face,J3590,102,2026-07-10 12:17:53,UNCLASSIFIED BIOLOGICS,Unclassified biologics
52800,98,3,133,"Peginterferon alfa-2a, (Pegasys®, Pegasys® Proclick™)",2013-02-15 00:00:00,,Apparent on its Face,J9213,102,2026-07-10 12:17:53,"INJECTION, INTERFERON, ALFA-2A, RECOMBINANT, 3 MILLION UNITS",Interferon alfa-2a inj
52800,98,3,134,Actimmune™,2008-02-01 00:00:00,,Apparent on its Face,J9216,102,2026-07-10 12:17:53,"INJECTION, INTERFERON, GAMMA 1-B, 3 MILLION UNITS",Interferon gamma 1-b inj
52800,98,3,135,Lupron™,2008-02-01 00:00:00,,Apparent on its Face,J9218,102,2026-07-10 12:17:53,"LEUPROLIDE ACETATE, PER 1 MG",Leuprolide acetate injeciton
52800,98,3,136,Avonex™,2014-01-01 00:00:00,,Apparent on its Face,Q3027,102,2026-07-10 12:17:53,"INJECTION, INTERFERON BETA-1A, 1 MCG FOR INTRAMUSCULAR USE",Inj beta interferon im 1 mcg
52800,98,3,137,Rebif™,2014-01-01 00:00:00,,Apparent on its Face,Q3028,102,2026-07-10 12:17:53,"INJECTION, INTERFERON BETA-1A, 1 MCG FOR SUBCUTANEOUS USE",Inj beta interferon sq 1 mcg
52800,98,3,138,"Imuldosa™
subcutaneous use*",2025-07-01 00:00:00,,Apparent on its Face,Q5098,102,2026-07-10 12:17:53,"INJECTION, USTEKINUMAB-SRLF (IMULDOSA), BIOSIMILAR, 1 MG","Inj ustekinumab-srlf, 1 mg"
52800,98,3,139,"Steqeyma®
subcutaneous use*",2025-07-01 00:00:00,,Apparent on its Face,Q5099,102,2026-07-10 12:17:53,"INJECTION, USTEKINUMAB-STBA (STEQEYMA), BIOSIMILAR, 1 MG","Inj ustekinumab-stba, 1 mg"
52800,98,3,140,"Yesintek™
subcutaneous use*",2025-07-01 00:00:00,,Apparent on its Face,Q5100,102,2026-07-10 12:17:53,"INJECTION, USTEKINUMAB-KFCE (YESINTEK), BIOSIMILAR, 1 MG","Inj ustekinumab-kfce, 1 mg"
52800,98,3,141,ustekinumab-auub (Wezlana™) subcutaneous use*,2024-07-01 00:00:00,,Apparent on its Face,Q5137,102,2026-07-10 12:17:53,"INJECTION, USTEKINUMAB-AUUB (WEZLANA), BIOSIMILAR, SUBCUTANEOUS, 1 MG","Inj, wezlana, sub cu, 1 mg"
52800,98,3,142,Hulio®,2025-01-01 00:00:00,,Apparent on its Face,Q5140,102,2026-07-10 12:17:53,"INJECTION, ADALIMUMAB-FKJP, BIOSIMILAR, 1 MG","Inj adalimumab-fkjp, 1 mg"
52800,98,3,143,Yuflyma®,2025-01-01 00:00:00,,Apparent on its Face,Q5141,102,2026-07-10 12:17:53,"INJECTION, ADALIMUMAB-AATY, BIOSIMILAR, 1 MG","Inj adalimumab-aaty, 1 mg"
52800,98,3,144,Simlandi®,2025-01-01 00:00:00,,Apparent on its Face,Q5142,102,2026-07-10 12:17:53,"INJECTION, ADALIMUMAB-RYVK BIOSIMILAR, 1 MG","Inj adalimumab-ryvk, 1 mg"
52800,98,3,145,Cyltezo®,2025-01-01 00:00:00,,Apparent on its Face,Q5143,102,2026-07-10 12:17:53,"INJECTION, ADALIMUMAB-ADBM, BIOSIMILAR, 1 MG","Inj adalimumab-adbm, 1 mg"
52800,98,3,146,Idacio®,2025-01-01 00:00:00,,Apparent on its Face,Q5144,102,2026-07-10 12:17:53,"INJECTION, ADALIMUMAB-AACF (IDACIO), BIOSIMILAR, 1 MG","Inj, idacio, 1 mg"
52800,98,3,147,Abrilada®,2025-01-01 00:00:00,,Apparent on its Face,Q5145,102,2026-07-10 12:17:53,"INJECTION, ADALIMUMAB-AFZB (ABRILADA), BIOSIMILAR, 1 MG","Inj, abrilada, 1 mg"
52800,98,3,148,"Starjemza™
subcutaneous use*
",2026-08-29 00:00:00,,Apparent on its Face,Q5164,102,2026-07-10 12:17:53,"INJECTION, USTEKINUMAB-HMNY (STARJEMZA), BIOSIMILAR, 1 MG","Ustekinumab-hmny, 1 mg"
52800,98,3,149,Pyzchiva,2025-01-01 00:00:00,,Apparent on its Face,Q9996,102,2026-07-10 12:17:53,"INJECTION, USTEKINUMAB-TTWE (PYZCHIVA), SUBCUTANEOUS, 1 MG",Ustekinumab- ttwe sub cu inj
52800,98,3,150,"Selarsdi™
subcutaneous use*",2025-01-01 00:00:00,,Apparent on its Face,Q9998,102,2026-07-10 12:17:53,"INJECTION, USTEKINUMAB-AEKN (SELARSDI), BIOSIMILAR, 1 MG","Inj ustekinumab-aekn, 1 mg"
52800,98,3,151,"Otulfi®
subcutaneous use*",2025-04-01 00:00:00,,Apparent on its Face,Q9999,102,2026-07-10 12:17:53,"INJECTION, USTEKINUMAB-AAUZ (OTULFI), BIOSIMILAR, 1 MG",Inj ustekinumab-aauz 1 mg
52800,98,3,152,mirikizumab-mrkz  (Omvoh™) subcutaneous use*,2024-01-14 00:00:00,2024-07-01 00:00:00,Apparent on its Face,C9399,102,2026-07-10 12:17:53,UNCLASSIFIED DRUGS OR BIOLOGICALS,Unclassified drugs or biolog
52800,98,3,153,"ustekinumab-auub (Wezlana™) subcutaneous use*
",2024-03-16 00:00:00,2024-07-01 00:00:00,Apparent on its Face,C9399,102,2026-07-10 12:17:53,UNCLASSIFIED DRUGS OR BIOLOGICALS,Unclassified drugs or biolog
52800,98,3,154,tezepelumab-ekko (Tezspire™),2022-07-10 00:00:00,2022-07-10 00:00:00,Apparent on its Face,C9399,102,2026-07-10 12:17:53,UNCLASSIFIED DRUGS OR BIOLOGICALS,Unclassified drugs or biolog
52800,98,3,155,Orencia,2013-11-15 00:00:00,2013-11-15 00:00:00,,J0129,102,2026-07-10 12:17:53,"INJECTION, ABATACEPT, 10 MG (CODE MAY BE USED FOR MEDICARE WHEN DRUG ADMINISTERED UNDER THE DIRECT SUPERVISION OF A PHYSICIAN, NOT FOR USE WHEN DRUG IS SELF ADMINISTERED)",Abatacept injection
52800,98,3,156,Hizentra,2011-01-15 00:00:00,2021-01-01 00:00:00,Apparent on its Face,J1559,102,2026-07-10 12:17:53,"INJECTION, IMMUNE GLOBULIN (HIZENTRA), 100 MG",Hizentra injection
52800,98,3,157,Lyumjev® 200 IU,2023-09-03 00:00:00,2023-09-03 00:00:00,Apparent on its Face,J1814,102,2026-07-10 12:17:53,"INSULIN (LYUMJEV), PER 5 UNITS",Inj. insulin (lyumjev)
52800,98,3,158,Stelara&trade;,2013-09-15 00:00:00,2014-06-01 00:00:00,,J3357,102,2026-07-10 12:17:53,"USTEKINUMAB, FOR SUBCUTANEOUS INJECTION, 1 MG","Ustekinumab sub cu inj, 1 mg"
52800,98,3,159,tezepelumab-ekko (Tezspire™),2022-07-10 00:00:00,2022-07-10 00:00:00,Apparent on its Face,J3490,102,2026-07-10 12:17:53,UNCLASSIFIED DRUGS,Drugs unclassified injection
52800,98,3,160,mirikizumab-mrkz  (Omvoh™) subcutaneous use*,2024-01-14 00:00:00,2024-07-01 00:00:00,Apparent on its Face,J3490,102,2026-07-10 12:17:53,UNCLASSIFIED DRUGS,Drugs unclassified injection
52800,98,3,161,"ustekinumab-auub (Wezlana™) subcutaneous use*
",2024-03-16 00:00:00,2024-07-01 00:00:00,Apparent on its Face,J3490,102,2026-07-10 12:17:53,UNCLASSIFIED DRUGS,Drugs unclassified injection
52800,98,3,162,ustekinumab-auub (Wezlana™) subcutaneous use*,2024-03-16 00:00:00,2024-07-01 00:00:00,Apparent on its Face,J3590,102,2026-07-10 12:17:53,UNCLASSIFIED BIOLOGICS,Unclassified biologics
52800,98,3,163,mirikizumab-mrkz  (Omvoh™) subcutaneous use*,2024-01-14 00:00:00,2024-07-01 00:00:00,Apparent on its Face,J3590,102,2026-07-10 12:17:53,UNCLASSIFIED BIOLOGICS,Unclassified biologics
52800,98,3,164,tezepelumab-ekko (Tezspire™),2022-07-10 00:00:00,2022-07-10 00:00:00,Apparent on its Face,J3590,102,2026-07-10 12:17:53,UNCLASSIFIED BIOLOGICS,Unclassified biologics
53021,141,3,1,Brodalumab (Siliq™),2018-02-15 00:00:00,,Apparent on its Face,C9399,102,2026-07-16 17:45:28.420000,UNCLASSIFIED DRUGS OR BIOLOGICALS,Unclassified drugs or biolog
53021,141,3,2,Dupilumab (Dupixent®),2018-02-15 00:00:00,,Apparent on its Face,C9399,102,2026-07-16 17:45:28.420000,UNCLASSIFIED DRUGS OR BIOLOGICALS,Unclassified drugs or biolog
53021,141,3,3,Praluent (alirocumab),2015-11-15 00:00:00,,Apparent on its Face,C9399,102,2026-07-16 17:45:28.420000,UNCLASSIFIED DRUGS OR BIOLOGICALS,Unclassified drugs or biolog
53021,141,3,4,Asfotase-alfa (Strensiq™) ,2016-02-15 00:00:00,,Apparent on its Face,C9399,102,2026-07-16 17:45:28.420000,UNCLASSIFIED DRUGS OR BIOLOGICALS,Unclassified drugs or biolog
53021,141,3,5,Tesamorelin (Egrifta®),2013-10-25 00:00:00,,Apparent on its Face,C9399,102,2026-07-16 17:45:28.420000,UNCLASSIFIED DRUGS OR BIOLOGICALS,Unclassified drugs or biolog
53021,141,3,6,Pramlintide (Symlin),2013-10-25 00:00:00,,Apparent on its Face,C9399,102,2026-07-16 17:45:28.420000,UNCLASSIFIED DRUGS OR BIOLOGICALS,Unclassified drugs or biolog
53021,141,3,7,"Liraglutide (Victoza®, Saxenda®)",2013-10-25 00:00:00,,Apparent on its Face,C9399,102,2026-07-16 17:45:28.420000,UNCLASSIFIED DRUGS OR BIOLOGICALS,Unclassified drugs or biolog
53021,141,3,8,"Exenatide, (Bydureon - extended-release formulation) ",2014-02-23 00:00:00,,Apparent on its Face,C9399,102,2026-07-16 17:45:28.420000,UNCLASSIFIED DRUGS OR BIOLOGICALS,Unclassified drugs or biolog
53021,141,3,9,Tanzeum (albiglutide),2014-09-15 00:00:00,,Apparent on its Face,C9399,102,2026-07-16 17:45:28.420000,UNCLASSIFIED DRUGS OR BIOLOGICALS,Unclassified drugs or biolog
53021,141,3,10,Pegvisomant (Somavert®),2013-10-25 00:00:00,,Apparent on its Face,C9399,102,2026-07-16 17:45:28.420000,UNCLASSIFIED DRUGS OR BIOLOGICALS,Unclassified drugs or biolog
53021,141,3,11,Peginterferon alfa-2b (Pegintron),2013-10-25 00:00:00,,Apparent on its Face,C9399,102,2026-07-16 17:45:28.420000,UNCLASSIFIED DRUGS OR BIOLOGICALS,Unclassified drugs or biolog
53021,141,3,12,Golimumab (Simponi®),2013-10-25 00:00:00,,Apparent on its Face,C9399,102,2026-07-16 17:45:28.420000,UNCLASSIFIED DRUGS OR BIOLOGICALS,Unclassified drugs or biolog
53021,141,3,13,"Exenatide,(Byetta)",2013-10-25 00:00:00,,Apparent on its Face,C9399,102,2026-07-16 17:45:28.420000,UNCLASSIFIED DRUGS OR BIOLOGICALS,Unclassified drugs or biolog
53021,141,3,14,Anakinra (Kineret®),2013-10-25 00:00:00,,Apparent on its Face,C9399,102,2026-07-16 17:45:28.420000,UNCLASSIFIED DRUGS OR BIOLOGICALS,Unclassified drugs or biolog
53021,141,3,15,Parathyroid hormone (Natpara®),2015-04-26 00:00:00,,Apparent on its Face,C9399,102,2026-07-16 17:45:28.420000,UNCLASSIFIED DRUGS OR BIOLOGICALS,Unclassified drugs or biolog
53021,141,3,16,Secukinumab (Cosentyx™) subcutaneous use,2015-04-26 00:00:00,,Apparent on its Face,C9399,102,2026-07-16 17:45:28.420000,UNCLASSIFIED DRUGS OR BIOLOGICALS,Unclassified drugs or biolog
53021,141,3,17,Liraglutide (Saxenda®),2024-05-16 00:00:00,,Apparent on its Face,C9399,102,2026-07-16 17:45:28.420000,UNCLASSIFIED DRUGS OR BIOLOGICALS,Unclassified drugs or biolog
53021,141,3,18,All Insulin products,2022-11-19 00:00:00,,Apparent on its Face,C9399,102,2026-07-16 17:45:28.420000,UNCLASSIFIED DRUGS OR BIOLOGICALS,Unclassified drugs or biolog
53021,141,3,19,Dulaglutide (Trulicity™) ,2015-08-15 00:00:00,,Apparent on its Face,C9399,102,2026-07-16 17:45:28.420000,UNCLASSIFIED DRUGS OR BIOLOGICALS,Unclassified drugs or biolog
53021,141,3,20,Methotrexate (Otrexup™),2015-08-15 00:00:00,,Apparent on its Face,C9399,102,2026-07-16 17:45:28.420000,UNCLASSIFIED DRUGS OR BIOLOGICALS,Unclassified drugs or biolog
53021,141,3,21,Evolocumab (Repatha™),2016-01-15 00:00:00,,Apparent on its Face,C9399,102,2026-07-16 17:45:28.420000,UNCLASSIFIED DRUGS OR BIOLOGICALS,Unclassified drugs or biolog
53021,141,3,22,Peginterferon beta-1a (Plegridy™) ,2016-06-15 00:00:00,,Apparent on its Face,C9399,102,2026-07-16 17:45:28.420000,UNCLASSIFIED DRUGS OR BIOLOGICALS,Unclassified drugs or biolog
53021,141,3,23,Ixekizumab (Taltz™),2016-07-15 00:00:00,,Apparent on its Face,C9399,102,2026-07-16 17:45:28.420000,UNCLASSIFIED DRUGS OR BIOLOGICALS,Unclassified drugs or biolog
53021,141,3,24,Etanercept-SZZS (Erelzi™),2016-11-15 00:00:00,,Apparent on its Face,C9399,102,2026-07-16 17:45:28.420000,UNCLASSIFIED DRUGS OR BIOLOGICALS,Unclassified drugs or biolog
53021,141,3,25,Adalimumab-atto (Amjevita™),2016-12-15 00:00:00,,Apparent on its Face,C9399,102,2026-07-16 17:45:28.420000,UNCLASSIFIED DRUGS OR BIOLOGICALS,Unclassified drugs or biolog
53021,141,3,26,Metreleptin (Myalept®),2017-01-15 00:00:00,,Apparent on its Face,C9399,102,2026-07-16 17:45:28.420000,UNCLASSIFIED DRUGS OR BIOLOGICALS,Unclassified drugs or biolog
53021,141,3,27,Mipomersen Sodium (Kynamro®),2017-01-15 00:00:00,,Apparent on its Face,C9399,102,2026-07-16 17:45:28.420000,UNCLASSIFIED DRUGS OR BIOLOGICALS,Unclassified drugs or biolog
53021,141,3,28,Abaloparatide (Tymlos™),2019-12-01 00:00:00,,Apparent on its Face,C9399,102,2026-07-16 17:45:28.420000,UNCLASSIFIED DRUGS OR BIOLOGICALS,Unclassified drugs or biolog
53021,141,3,29,Sarilumab (Kevzara®),2019-12-01 00:00:00,,Apparent on its Face,C9399,102,2026-07-16 17:45:28.420000,UNCLASSIFIED DRUGS OR BIOLOGICALS,Unclassified drugs or biolog
53021,141,3,30,"Semaglutide (Ozempic®, Wegovy®) ",2019-12-01 00:00:00,,Apparent on its Face,C9399,102,2026-07-16 17:45:28.420000,UNCLASSIFIED DRUGS OR BIOLOGICALS,Unclassified drugs or biolog
53021,141,3,31,Erenumab-aooe (Aimovig®),2019-12-01 00:00:00,,Apparent on its Face,C9399,102,2026-07-16 17:45:28.420000,UNCLASSIFIED DRUGS OR BIOLOGICALS,Unclassified drugs or biolog
53021,141,3,32,Galcanezumab-gnlm (Emgality®),2019-12-01 00:00:00,,Apparent on its Face,C9399,102,2026-07-16 17:45:28.420000,UNCLASSIFIED DRUGS OR BIOLOGICALS,Unclassified drugs or biolog
53021,141,3,33,Abatacept (Orencia®),2019-12-01 00:00:00,,Apparent on its Face,C9399,102,2026-07-16 17:45:28.420000,UNCLASSIFIED DRUGS OR BIOLOGICALS,Unclassified drugs or biolog
53021,141,3,34,Pasireotide (Signifor®),2021-04-05 00:00:00,,Apparent on its Face,C9399,102,2026-07-16 17:45:28.420000,UNCLASSIFIED DRUGS OR BIOLOGICALS,Unclassified drugs or biolog
53021,141,3,35,Somapacitan-beco (Sogroya®),2021-04-05 00:00:00,,Apparent on its Face,C9399,102,2026-07-16 17:45:28.420000,UNCLASSIFIED DRUGS OR BIOLOGICALS,Unclassified drugs or biolog
53021,141,3,36,Peginterferon Alfa-2a (Pegasys®),2021-10-15 00:00:00,,Apparent on its Face,C9399,102,2026-07-16 17:45:28.420000,UNCLASSIFIED DRUGS OR BIOLOGICALS,Unclassified drugs or biolog
53021,141,3,37,Ropeginterferon alfa-2b-njft (Besremi®),2022-04-24 00:00:00,,Apparent on its Face,C9399,102,2026-07-16 17:45:28.420000,UNCLASSIFIED DRUGS OR BIOLOGICALS,Unclassified drugs or biolog
53021,141,3,38,Risankizumab-rzaa (Skyrizi™) subcutaneous use,2022-05-15 00:00:00,,Acceptable Evidentiary Criteria Available,C9399,102,2026-07-16 17:45:28.420000,UNCLASSIFIED DRUGS OR BIOLOGICALS,Unclassified drugs or biolog
53021,141,3,39,"Ofatumumab (Kesimpta®)

",2022-07-10 00:00:00,,Apparent on its Face,C9399,102,2026-07-16 17:45:28.420000,UNCLASSIFIED DRUGS OR BIOLOGICALS,Unclassified drugs or biolog
53021,141,3,40,Tralokinumab-Idrm (Adbry™),2022-11-01 00:00:00,,Apparent on its Face,C9399,102,2026-07-16 17:45:28.420000,UNCLASSIFIED DRUGS OR BIOLOGICALS,Unclassified drugs or biolog
53021,141,3,41,"Tirzepatide (Mounjaro™, Zepbound™)",2022-11-19 00:00:00,,Apparent on its Face,C9399,102,2026-07-16 17:45:28.420000,UNCLASSIFIED DRUGS OR BIOLOGICALS,Unclassified drugs or biolog
53021,141,3,42,"Adalimumab-bwwd (Hadlima), Adalimumab-adaz (Hyrimoz), Adalimumab-aqvh (Yusimry)


   
",2023-07-01 00:00:00,,Apparent on its Face,C9399,102,2026-07-16 17:45:28.420000,UNCLASSIFIED DRUGS OR BIOLOGICALS,Unclassified drugs or biolog
53021,141,3,43,Vedolizumab (Entyvio®) subcutaneous use*,2024-01-14 00:00:00,,Apparent on its Face,C9399,102,2026-07-16 17:45:28.420000,UNCLASSIFIED DRUGS OR BIOLOGICALS,Unclassified drugs or biolog
53021,141,3,44,"lebrikizumab-lbkz
 (Ebglyss)
",2025-06-01 00:00:00,,Apparent on its Face,C9399,102,2026-07-16 17:45:28.420000,UNCLASSIFIED DRUGS OR BIOLOGICALS,Unclassified drugs or biolog
53021,141,3,45,Nemolizumab-ilto (Nemluvio®) ,2026-06-13 00:00:00,,Apparent on its Face,C9399,102,2026-07-16 17:45:28.420000,UNCLASSIFIED DRUGS OR BIOLOGICALS,Unclassified drugs or biolog
53021,141,3,46,bimekizumab-bkzx (BIMZELX®),2026-08-29 00:00:00,,Apparent on its Face,C9399,102,2026-07-16 17:45:28.420000,UNCLASSIFIED DRUGS OR BIOLOGICALS,Unclassified drugs or biolog
53021,141,3,47,"Orencia®, subcutaneous use*",2021-04-05 00:00:00,,Apparent on its Face,J0129,102,2026-07-16 17:45:28.420000,"INJECTION, ABATACEPT, 10 MG (CODE MAY BE USED FOR MEDICARE WHEN DRUG ADMINISTERED UNDER THE DIRECT SUPERVISION OF A PHYSICIAN, NOT FOR USE WHEN DRUG IS SELF ADMINISTERED)",Abatacept injection
53021,141,3,48,Humira®,2025-01-01 00:00:00,,Apparent on its Face,J0139,102,2026-07-16 17:45:28.420000,"INJECTION, ADALIMUMAB, 1 MG","Inj, adalimumab, 1 mg"
53021,141,3,49,Prostaglandin E1,2013-10-25 00:00:00,,Apparent on its Face,J0270,102,2026-07-16 17:45:28.420000,"INJECTION, ALPROSTADIL, 1.25 MCG (CODE MAY BE USED FOR MEDICARE WHEN DRUG ADMINISTERED UNDER THE DIRECT SUPERVISION OF A PHYSICIAN, NOT FOR USE WHEN DRUG IS SELF ADMINISTERED)",Alprostadil for injection
53021,141,3,50,Apokyn®,2013-10-25 00:00:00,,Apparent on its Face,J0364,102,2026-07-16 17:45:28.420000,"INJECTION, APOMORPHINE HYDROCHLORIDE, 1 MG",Apomorphine hydrochloride
53021,141,3,51,Belimumab (Benlysta)*,2025-11-15 00:00:00,,Apparent on its Face,J0490,102,2026-07-16 17:45:28.420000,"INJECTION, BELIMUMAB, 10 MG",Belimumab injection
53021,141,3,52,Takhzyro™,2019-12-01 00:00:00,,Apparent on its Face,J0593,102,2026-07-16 17:45:28.420000,"INJECTION, LANADELUMAB-FLYO, 1 MG (CODE MAY BE USED FOR MEDICARE WHEN DRUG ADMINISTERED UNDER DIRECT SUPERVISION OF A PHYSICIAN, NOT FOR USE WHEN DRUG IS SELF-ADMINISTERED)","Inj., lanadelumab-flyo, 1 mg"
53021,141,3,53,Haegarda®,2019-01-01 00:00:00,,Apparent on its Face,J0599,102,2026-07-16 17:45:28.420000,"INJECTION, C-1 ESTERASE INHIBITOR (HUMAN), (HAEGARDA), 10 UNITS","Inj., haegarda 10 units"
53021,141,3,54,"Calcimar, Calcitonin-salmon, Miacalcin",2013-10-25 00:00:00,,Apparent on its Face,J0630,102,2026-07-16 17:45:28.420000,"INJECTION, CALCITONIN SALMON, UP TO 400 UNITS",Calcitonin salmon injection
53021,141,3,55,H.P. Acthar® Gel subcutaneous use**,2023-10-01 00:00:00,,Apparent on its Face,J0801,102,2026-07-16 17:45:28.420000,"INJECTION, CORTICOTROPIN (ACTHAR GEL), UP TO 40 UNITS",Inj. acthar gel to 40 units
53021,141,3,56,Purified Cortrophin Gel® manufactured by ANI subcutaneous use**,2023-10-01 00:00:00,,Apparent on its Face,J0802,102,2026-07-16 17:45:28.420000,"INJECTION, CORTICOTROPIN (ANI), UP TO 40 UNITS","Inj. (ani), up to 40 units"
53021,141,3,57,Fuzeon®,2013-10-25 00:00:00,,Apparent on its Face,J1324,102,2026-07-16 17:45:28.420000,"INJECTION, ENFUVIRTIDE, 1 MG",Enfuvirtide injection
53021,141,3,58,Enbrel®,2013-10-25 00:00:00,,Apparent on its Face,J1438,102,2026-07-16 17:45:28.420000,"INJECTION, ETANERCEPT, 25 MG (CODE MAY BE USED FOR MEDICARE WHEN DRUG ADMINISTERED UNDER THE DIRECT SUPERVISION OF A PHYSICIAN, NOT FOR USE WHEN DRUG IS SELF ADMINISTERED)",Etanercept injection
53021,141,3,59,Copaxone®,2013-10-25 00:00:00,,Apparent on its Face,J1595,102,2026-07-16 17:45:28.420000,"INJECTION, GLATIRAMER ACETATE, 20 MG",Injection glatiramer acetate
53021,141,3,60,Tremfya®*,2021-05-15 00:00:00,,Acceptable Evidentiary Criteria Available,J1628,102,2026-07-16 17:45:28.420000,"INJECTION, GUSELKUMAB, 1 MG","Inj., guselkumab, 1 mg"
53021,141,3,61,N/A,2013-10-25 00:00:00,,Apparent on its Face,J1675,102,2026-07-16 17:45:28.420000,"INJECTION, HISTRELIN ACETATE, 10 MICROGRAMS",Histrelin acetate
53021,141,3,62,Firazyr®,2013-10-25 00:00:00,,Apparent on its Face,J1744,102,2026-07-16 17:45:28.420000,"INJECTION, ICATIBANT, 1 MG",Icatibant injection
53021,141,3,63,Infliximab-dyyb (Zymfentra)* ,2024-08-18 00:00:00,,Apparent on its Face,J1748,102,2026-07-16 17:45:28.420000,"INJECTION, INFLIXIMAB-DYYB (ZYMFENTRA), 10 MG","Inj, zymfentra, 10 mg"
53021,141,3,64,Fiasp®,2023-07-01 00:00:00,,Apparent on its Face,J1811,102,2026-07-16 17:45:28.420000,"INSULIN (FIASP) FOR ADMINISTRATION THROUGH DME (I.E., INSULIN PUMP) PER 50 UNITS",Fiasp for insulin pump use
53021,141,3,65,Fiasp®,2023-07-01 00:00:00,,Apparent on its Face,J1812,102,2026-07-16 17:45:28.420000,"INSULIN (FIASP), PER 5 UNITS",Inj. insulin (fiasp)
53021,141,3,66,Lyumjev® ,2023-07-01 00:00:00,,Apparent on its Face,J1813,102,2026-07-16 17:45:28.420000,"INSULIN (LYUMJEV) FOR ADMINISTRATION THROUGH DME (I.E., INSULIN PUMP) PER 50 UNITS",Lyumjev for insulin pump use
53021,141,3,67,"Lyumjev® 
100 IU*
",2023-07-01 00:00:00,,Apparent on its Face,J1814,102,2026-07-16 17:45:28.420000,"INSULIN (LYUMJEV), PER 5 UNITS",Inj. insulin (lyumjev)
53021,141,3,68,"Lyumjev®
200 IU
",2023-07-01 00:00:00,,Apparent on its Face,J1814,102,2026-07-16 17:45:28.420000,"INSULIN (LYUMJEV), PER 5 UNITS",Inj. insulin (lyumjev)
53021,141,3,69,All Insulin products,2022-11-19 00:00:00,,Apparent on its Face,J1815,102,2026-07-16 17:45:28.420000,"INJECTION, INSULIN, PER 5 UNITS",Insulin injection
53021,141,3,70,All Insulin products,2022-11-19 00:00:00,,Apparent on its Face,J1817,102,2026-07-16 17:45:28.420000,"INSULIN FOR ADMINISTRATION THROUGH DME (I.E., INSULIN PUMP) PER 50 UNITS",Insulin for insulin pump use
53021,141,3,71,"Avonex Pen®, Rebif®, Rebif® Rebidose®",2021-09-01 00:00:00,,Apparent on its Face,J1826,102,2026-07-16 17:45:28.420000,"INJECTION, INTERFERON BETA-1A, 30 MCG",Interferon beta-1a inj
53021,141,3,72,Betaseron®,2013-10-25 00:00:00,,Apparent on its Face,J1830,102,2026-07-16 17:45:28.420000,"INJECTION, INTERFERON BETA-1B, 0.25 MG (CODE MAY BE USED FOR MEDICARE WHEN DRUG ADMINISTERED UNDER THE DIRECT SUPERVISION OF A PHYSICIAN, NOT FOR USE WHEN DRUG IS SELF ADMINISTERED)",Interferon beta-1b / .25 mg
53021,141,3,73,Furoscix®,2023-08-20 00:00:00,,Apparent on its Face,J1941,102,2026-07-16 17:45:28.420000,"INJECTION, FUROSEMIDE (FUROSCIX), 20 MG","Inj, furoscix, 20 mg"
53021,141,3,74,Increlex,2013-10-25 00:00:00,,Apparent on its Face,J2170,102,2026-07-16 17:45:28.420000,"INJECTION, MECASERMIN, 1 MG",Mecasermin injection
53021,141,3,75,Relistor ,2013-10-25 00:00:00,,Apparent on its Face,J2212,102,2026-07-16 17:45:28.420000,"INJECTION, METHYLNALTREXONE, 0.1 MG",Methylnaltrexone injection
53021,141,3,76,Mirikizumab-mrkz (Omvoh™)*,2024-07-01 00:00:00,,Apparent on its Face,J2267,102,2026-07-16 17:45:28.420000,"INJECTION, MIRIKIZUMAB-MRKZ, 1 MG","Inj, mirikizumab-mrkz, 1 mg"
53021,141,3,77,"Sandostatin LAR Depot, subcutaneous use*",2013-10-25 00:00:00,,Apparent on its Face,J2354,102,2026-07-16 17:45:28.420000,"INJECTION, OCTREOTIDE, NON-DEPOT FORM FOR SUBCUTANEOUS OR INTRAVENOUS INJECTION, 25 MCG","Octreotide inj, non-depot"
53021,141,3,78,N/A,2013-10-25 00:00:00,,Apparent on its Face,J2440,102,2026-07-16 17:45:28.420000,"INJECTION, PAPAVERINE HCL, UP TO 60 MG",Papaverin hcl injection
53021,141,3,79,Regitine,2013-10-25 00:00:00,,Apparent on its Face,J2760,102,2026-07-16 17:45:28.420000,"INJECTION, PHENTOLAMINE MESYLATE, UP TO 5 MG",Phentolaine mesylate inj
53021,141,3,80,"Genotropin, Humatrope, Nutropin, Omnitrope, Saizen, Serostim, Zorbtive",2013-10-25 00:00:00,,Apparent on its Face,J2941,102,2026-07-16 17:45:28.420000,"INJECTION, SOMATROPIN, 1 MG",Somatropin injection
53021,141,3,81,"Imitrex, Sumavel Dosepro",2013-10-25 00:00:00,,Apparent on its Face,J3030,102,2026-07-16 17:45:28.420000,"INJECTION, SUMATRIPTAN SUCCINATE, 6 MG (CODE MAY BE USED FOR MEDICARE WHEN DRUG ADMINISTERED UNDER THE DIRECT SUPERVISION OF A PHYSICIAN, NOT FOR USE WHEN DRUG IS SELF ADMINISTERED)",Sumatriptan succinate / 6 mg
53021,141,3,82,Ajovy™,2019-12-01 00:00:00,,Apparent on its Face,J3031,102,2026-07-16 17:45:28.420000,"INJECTION, FREMANEZUMAB-VFRM, 1 MG (CODE MAY BE USED FOR MEDICARE WHEN DRUG ADMINISTERED UNDER THE DIRECT SUPERVISION OF A PHYSICIAN, NOT FOR USE WHEN DRUG IS SELF-ADMINISTERED)","Inj., fremanezumab-vfrm 1 mg"
53021,141,3,83,Forteo®,2013-10-25 00:00:00,,Apparent on its Face,J3110,102,2026-07-16 17:45:28.420000,"INJECTION, TERIPARATIDE, 10 MCG",Teriparatide injection
53021,141,3,84,Stelara®,2021-10-15 00:00:00,,Acceptable Evidentiary Criteria Available,J3357,102,2026-07-16 17:45:28.420000,"USTEKINUMAB, FOR SUBCUTANEOUS INJECTION, 1 MG","Ustekinumab sub cu inj, 1 mg"
53021,141,3,85,Pasireotide (Signifor®),2021-04-05 00:00:00,,Apparent on its Face,J3490,102,2026-07-16 17:45:28.420000,UNCLASSIFIED DRUGS,Drugs unclassified injection
53021,141,3,86,Tesamorelin (Egrifta®),2013-10-25 00:00:00,,Apparent on its Face,J3490,102,2026-07-16 17:45:28.420000,UNCLASSIFIED DRUGS,Drugs unclassified injection
53021,141,3,87,Pramlintide (Symlin),2013-10-25 00:00:00,,Apparent on its Face,J3490,102,2026-07-16 17:45:28.420000,UNCLASSIFIED DRUGS,Drugs unclassified injection
53021,141,3,88,"Liraglutide (Victoza®, Saxenda®)",2013-10-25 00:00:00,,Apparent on its Face,J3490,102,2026-07-16 17:45:28.420000,UNCLASSIFIED DRUGS,Drugs unclassified injection
53021,141,3,89,"Exenatide, (Bydureon - extended-release formulation) ",2014-02-23 00:00:00,,Apparent on its Face,J3490,102,2026-07-16 17:45:28.420000,UNCLASSIFIED DRUGS,Drugs unclassified injection
53021,141,3,90,Tanzeum (albiglutide),2014-09-15 00:00:00,,Apparent on its Face,J3490,102,2026-07-16 17:45:28.420000,UNCLASSIFIED DRUGS,Drugs unclassified injection
53021,141,3,91,Praluent (alirocumab),2015-11-15 00:00:00,,Apparent on its Face,J3490,102,2026-07-16 17:45:28.420000,UNCLASSIFIED DRUGS,Drugs unclassified injection
53021,141,3,92,All Insulin products,2022-11-19 00:00:00,,Apparent on its Face,J3490,102,2026-07-16 17:45:28.420000,UNCLASSIFIED DRUGS,Drugs unclassified injection
53021,141,3,93,Somapacitan-beco (Sogroya®),2021-04-05 00:00:00,,Apparent on its Face,J3490,102,2026-07-16 17:45:28.420000,UNCLASSIFIED DRUGS,Drugs unclassified injection
53021,141,3,94,Peginterferon Alfa-2a (Pegasys®),2021-10-15 00:00:00,,Apparent on its Face,J3490,102,2026-07-16 17:45:28.420000,UNCLASSIFIED DRUGS,Drugs unclassified injection
53021,141,3,95,Ropeginterferon alfa-2b-njft (Besremi®),2022-04-24 00:00:00,,Apparent on its Face,J3490,102,2026-07-16 17:45:28.420000,UNCLASSIFIED DRUGS,Drugs unclassified injection
53021,141,3,96,Risankizumab-rzaa (Skyrizi™) subcutaneous use,2022-05-15 00:00:00,,Acceptable Evidentiary Criteria Available,J3490,102,2026-07-16 17:45:28.420000,UNCLASSIFIED DRUGS,Drugs unclassified injection
53021,141,3,97,Ofatumumab (Kesimpta®),2022-07-10 00:00:00,,Apparent on its Face,J3490,102,2026-07-16 17:45:28.420000,UNCLASSIFIED DRUGS,Drugs unclassified injection
53021,141,3,98,Tralokinumab-Idrm (Adbry™),2022-11-01 00:00:00,,Apparent on its Face,J3490,102,2026-07-16 17:45:28.420000,UNCLASSIFIED DRUGS,Drugs unclassified injection
53021,141,3,99,"Tirzepatide (Mounjaro™,Zepbound™)",2022-11-19 00:00:00,,Apparent on its Face,J3490,102,2026-07-16 17:45:28.420000,UNCLASSIFIED DRUGS,Drugs unclassified injection
53021,141,3,100,"Adalimumab-bwwd (Hadlima), Adalimumab-adaz (Hyrimoz), Adalimumab-aqvh (Yusimry)

",2023-07-01 00:00:00,,Apparent on its Face,J3490,102,2026-07-16 17:45:28.420000,UNCLASSIFIED DRUGS,Drugs unclassified injection
53021,141,3,101,Vedolizumab (Entyvio®) subcutaneous use*,2024-01-14 00:00:00,,Apparent on its Face,J3490,102,2026-07-16 17:45:28.420000,UNCLASSIFIED DRUGS,Drugs unclassified injection
53021,141,3,102,"lebrikizumab-lbkz
 (Ebglyss)


",2025-06-01 00:00:00,,Apparent on its Face,J3490,102,2026-07-16 17:45:28.420000,UNCLASSIFIED DRUGS,Drugs unclassified injection
53021,141,3,103,Nemolizumab-ilto (Nemluvio®) ,2026-06-13 00:00:00,,Apparent on its Face,J3490,102,2026-07-16 17:45:28.420000,UNCLASSIFIED DRUGS,Drugs unclassified injection
53021,141,3,104,bimekizumab-bkzx (BIMZELX®),2026-08-29 00:00:00,,Apparent on its Face,J3490,102,2026-07-16 17:45:28.420000,UNCLASSIFIED DRUGS,Drugs unclassified injection
53021,141,3,105,BIMZELX®,2026-08-29 00:00:00,,Apparent on its Face,J3590,102,2026-07-16 17:45:28.420000,UNCLASSIFIED BIOLOGICS,Unclassified biologics
53021,141,3,106,Nemolizumab-ilto (Nemluvio®) ,2026-06-13 00:00:00,,Apparent on its Face,J3590,102,2026-07-16 17:45:28.420000,UNCLASSIFIED BIOLOGICS,Unclassified biologics
53021,141,3,107,"lebrikizumab-lbkz
 (Ebglyss)
",2025-06-01 00:00:00,,Apparent on its Face,J3590,102,2026-07-16 17:45:28.420000,UNCLASSIFIED BIOLOGICS,Unclassified biologics
53021,141,3,108,Vedolizumab (Entyvio®) subcutaneous use*,2024-01-14 00:00:00,,Apparent on its Face,J3590,102,2026-07-16 17:45:28.420000,UNCLASSIFIED BIOLOGICS,Unclassified biologics
53021,141,3,109,"Adalimumab-bwwd (Hadlima), Adalimumab-adaz (Hyrimoz), Adalimumab-aqvh (Yusimry)

",2023-07-01 00:00:00,,Apparent on its Face,J3590,102,2026-07-16 17:45:28.420000,UNCLASSIFIED BIOLOGICS,Unclassified biologics
53021,141,3,110,"Tirzepatide (Mounjaro™, Zepbound™)",2022-11-19 00:00:00,,Apparent on its Face,J3590,102,2026-07-16 17:45:28.420000,UNCLASSIFIED BIOLOGICS,Unclassified biologics
53021,141,3,111,Tralokinumab-Idrm (Adbry™),2022-11-01 00:00:00,,Apparent on its Face,J3590,102,2026-07-16 17:45:28.420000,UNCLASSIFIED BIOLOGICS,Unclassified biologics
53021,141,3,112,Ofatumumab (Kesimpta®),2022-07-10 00:00:00,,Apparent on its Face,J3590,102,2026-07-16 17:45:28.420000,UNCLASSIFIED BIOLOGICS,Unclassified biologics
53021,141,3,113,Risankizumab-rzaa (Skyrizi™) subcutaneous use,2022-05-15 00:00:00,,Acceptable Evidentiary Criteria Available,J3590,102,2026-07-16 17:45:28.420000,UNCLASSIFIED BIOLOGICS,Unclassified biologics
53021,141,3,114,Ropeginterferon alfa-2b-njft (Besremi®),2022-04-24 00:00:00,,Apparent on its Face,J3590,102,2026-07-16 17:45:28.420000,UNCLASSIFIED BIOLOGICS,Unclassified biologics
53021,141,3,115,Peginterferon Alfa-2a (Pegasys®),2021-10-15 00:00:00,,Apparent on its Face,J3590,102,2026-07-16 17:45:28.420000,UNCLASSIFIED BIOLOGICS,Unclassified biologics
53021,141,3,116,Somapacitan-beco (Sogroya®),2021-04-05 00:00:00,,Apparent on its Face,J3590,102,2026-07-16 17:45:28.420000,UNCLASSIFIED BIOLOGICS,Unclassified biologics
53021,141,3,117,Galcanezumab-gnlm (Emgality®),2019-12-01 00:00:00,,Apparent on its Face,J3590,102,2026-07-16 17:45:28.420000,UNCLASSIFIED BIOLOGICS,Unclassified biologics
53021,141,3,118,Erenumab-aooe (Aimovig®),2019-12-01 00:00:00,,Apparent on its Face,J3590,102,2026-07-16 17:45:28.420000,UNCLASSIFIED BIOLOGICS,Unclassified biologics
53021,141,3,119,"Semaglutide (Ozempic®, Wegovy®) ",2019-12-01 00:00:00,,Apparent on its Face,J3590,102,2026-07-16 17:45:28.420000,UNCLASSIFIED BIOLOGICS,Unclassified biologics
53021,141,3,120,Sarilumab (Kevzara®),2019-12-01 00:00:00,,Apparent on its Face,J3590,102,2026-07-16 17:45:28.420000,UNCLASSIFIED BIOLOGICS,Unclassified biologics
53021,141,3,121,Abaloparatide (Tymlos™),2019-12-01 00:00:00,,Apparent on its Face,J3590,102,2026-07-16 17:45:28.420000,UNCLASSIFIED BIOLOGICS,Unclassified biologics
53021,141,3,122,Abatacept (Orencia®),2019-12-01 00:00:00,,Apparent on its Face,J3590,102,2026-07-16 17:45:28.420000,UNCLASSIFIED BIOLOGICS,Unclassified biologics
53021,141,3,123,Parathyroid hormone (Natpara®),2015-04-26 00:00:00,,Apparent on its Face,J3590,102,2026-07-16 17:45:28.420000,UNCLASSIFIED BIOLOGICS,Unclassified biologics
53021,141,3,124,Secukinumab (Cosentyx™) subcutaneous use,2015-04-26 00:00:00,,Apparent on its Face,J3590,102,2026-07-16 17:45:28.420000,UNCLASSIFIED BIOLOGICS,Unclassified biologics
53021,141,3,125,"Liraglutide (Victoza®, Saxenda®)",2015-06-15 00:00:00,,Apparent on its Face,J3590,102,2026-07-16 17:45:28.420000,UNCLASSIFIED BIOLOGICS,Unclassified biologics
53021,141,3,126,All Insulin products,2022-11-19 00:00:00,,Apparent on its Face,J3590,102,2026-07-16 17:45:28.420000,UNCLASSIFIED BIOLOGICS,Unclassified biologics
53021,141,3,127,Dulaglutide (Trulicity™) ,2015-08-15 00:00:00,,Apparent on its Face,J3590,102,2026-07-16 17:45:28.420000,UNCLASSIFIED BIOLOGICS,Unclassified biologics
53021,141,3,128,Methotrexate (Otrexup™),2015-08-15 00:00:00,,Apparent on its Face,J3590,102,2026-07-16 17:45:28.420000,UNCLASSIFIED BIOLOGICS,Unclassified biologics
53021,141,3,129,Peginterferon alfa-2b (Pegintron),2013-10-25 00:00:00,,Apparent on its Face,J3590,102,2026-07-16 17:45:28.420000,UNCLASSIFIED BIOLOGICS,Unclassified biologics
53021,141,3,130,Golimumab (Simponi®),2013-10-25 00:00:00,,Apparent on its Face,J3590,102,2026-07-16 17:45:28.420000,UNCLASSIFIED BIOLOGICS,Unclassified biologics
53021,141,3,131,"Exenatide,(Byetta)",2013-10-25 00:00:00,,Apparent on its Face,J3590,102,2026-07-16 17:45:28.420000,UNCLASSIFIED BIOLOGICS,Unclassified biologics
53021,141,3,132,Anakinra (Kineret®),2013-10-25 00:00:00,,Apparent on its Face,J3590,102,2026-07-16 17:45:28.420000,UNCLASSIFIED BIOLOGICS,Unclassified biologics
53021,141,3,133,Evolocumab (Repatha™),2016-01-15 00:00:00,,Apparent on its Face,J3590,102,2026-07-16 17:45:28.420000,UNCLASSIFIED BIOLOGICS,Unclassified biologics
53021,141,3,134,Asfotase-alfa (Strensiq™) ,2016-02-15 00:00:00,,Apparent on its Face,J3590,102,2026-07-16 17:45:28.420000,UNCLASSIFIED BIOLOGICS,Unclassified biologics
53021,141,3,135,Peginterferon beta-1a (Plegridy™) ,2016-06-15 00:00:00,,Apparent on its Face,J3590,102,2026-07-16 17:45:28.420000,UNCLASSIFIED BIOLOGICS,Unclassified biologics
53021,141,3,136,Ixekizumab (Taltz™),2016-07-15 00:00:00,,Apparent on its Face,J3590,102,2026-07-16 17:45:28.420000,UNCLASSIFIED BIOLOGICS,Unclassified biologics
53021,141,3,137,Pegvisomant (Somavert®),2013-10-25 00:00:00,,Apparent on its Face,J3590,102,2026-07-16 17:45:28.420000,UNCLASSIFIED BIOLOGICS,Unclassified biologics
53021,141,3,138,Etanercept-SZZS (Erelzi™),2016-11-15 00:00:00,,Apparent on its Face,J3590,102,2026-07-16 17:45:28.420000,UNCLASSIFIED BIOLOGICS,Unclassified biologics
53021,141,3,139,Adalimumab-atto (Amjevita™),2016-12-15 00:00:00,,Apparent on its Face,J3590,102,2026-07-16 17:45:28.420000,UNCLASSIFIED BIOLOGICS,Unclassified biologics
53021,141,3,140,Mipomersen Sodium (Kynamro®),2017-01-15 00:00:00,,Apparent on its Face,J3590,102,2026-07-16 17:45:28.420000,UNCLASSIFIED BIOLOGICS,Unclassified biologics
53021,141,3,141,Metreleptin (Myalept®),2017-01-15 00:00:00,,Apparent on its Face,J3590,102,2026-07-16 17:45:28.420000,UNCLASSIFIED BIOLOGICS,Unclassified biologics
53021,141,3,142,Brodalumab (Siliq™),2018-02-15 00:00:00,,Apparent on its Face,J3590,102,2026-07-16 17:45:28.420000,UNCLASSIFIED BIOLOGICS,Unclassified biologics
53021,141,3,143,Dupilumab (Dupixent®),2018-02-15 00:00:00,,Apparent on its Face,J3590,102,2026-07-16 17:45:28.420000,UNCLASSIFIED BIOLOGICS,Unclassified biologics
53021,141,3,144,TriMix,2013-10-25 00:00:00,,Apparent on its Face,J7999,102,2026-07-16 17:45:28.420000,"COMPOUNDED DRUG, NOT OTHERWISE CLASSIFIED","Compounded drug, noc"
53021,141,3,145,Quad-Mix,2017-03-17 00:00:00,,Apparent on its Face,J7999,102,2026-07-16 17:45:28.420000,"COMPOUNDED DRUG, NOT OTHERWISE CLASSIFIED","Compounded drug, noc"
53021,141,3,146,Roferon®-A,2013-10-25 00:00:00,,Apparent on its Face,J9213,102,2026-07-16 17:45:28.420000,"INJECTION, INTERFERON, ALFA-2A, RECOMBINANT, 3 MILLION UNITS",Interferon alfa-2a inj
53021,141,3,147,Actimmune®,2013-10-25 00:00:00,,Apparent on its Face,J9216,102,2026-07-16 17:45:28.420000,"INJECTION, INTERFERON, GAMMA 1-B, 3 MILLION UNITS",Interferon gamma 1-b inj
53021,141,3,148,Lupron,2013-10-25 00:00:00,,Apparent on its Face,J9218,102,2026-07-16 17:45:28.420000,"LEUPROLIDE ACETATE, PER 1 MG",Leuprolide acetate injeciton
53021,141,3,149,Geref Diagnostic,2013-10-25 00:00:00,,Apparent on its Face,Q0515,102,2026-07-16 17:45:28.420000,"INJECTION, SERMORELIN ACETATE, 1 MICROGRAM",Sermorelin acetate injection
53021,141,3,150,Avonex® ,2021-09-01 00:00:00,,Apparent on its Face,Q3027,102,2026-07-16 17:45:28.420000,"INJECTION, INTERFERON BETA-1A, 1 MCG FOR INTRAMUSCULAR USE",Inj beta interferon im 1 mcg
53021,141,3,151,Rebif®,2021-09-01 00:00:00,,Apparent on its Face,Q3028,102,2026-07-16 17:45:28.420000,"INJECTION, INTERFERON BETA-1A, 1 MCG FOR SUBCUTANEOUS USE",Inj beta interferon sq 1 mcg
53021,141,3,152,IMULDOSA™*,2025-07-01 00:00:00,,Apparent on its Face,Q5098,102,2026-07-16 17:45:28.420000,"INJECTION, USTEKINUMAB-SRLF (IMULDOSA), BIOSIMILAR, 1 MG","Inj ustekinumab-srlf, 1 mg"
53021,141,3,153,STEQEYMA®*,2025-07-01 00:00:00,,Apparent on its Face,Q5099,102,2026-07-16 17:45:28.420000,"INJECTION, USTEKINUMAB-STBA (STEQEYMA), BIOSIMILAR, 1 MG","Inj ustekinumab-stba, 1 mg"
53021,141,3,154,YESINTEK™*,2025-07-01 00:00:00,,Apparent on its Face,Q5100,102,2026-07-16 17:45:28.420000,"INJECTION, USTEKINUMAB-KFCE (YESINTEK), BIOSIMILAR, 1 MG","Inj ustekinumab-kfce, 1 mg"
53021,141,3,155,Ustekinumab-auub (Wezlana) ,2024-07-01 00:00:00,,Apparent on its Face,Q5137,102,2026-07-16 17:45:28.420000,"INJECTION, USTEKINUMAB-AUUB (WEZLANA), BIOSIMILAR, SUBCUTANEOUS, 1 MG","Inj, wezlana, sub cu, 1 mg"
53021,141,3,156,Hulio,2025-01-01 00:00:00,,Apparent on its Face,Q5140,102,2026-07-16 17:45:28.420000,"INJECTION, ADALIMUMAB-FKJP, BIOSIMILAR, 1 MG","Inj adalimumab-fkjp, 1 mg"
53021,141,3,157,YUFLYMA,2025-01-01 00:00:00,,Apparent on its Face,Q5141,102,2026-07-16 17:45:28.420000,"INJECTION, ADALIMUMAB-AATY, BIOSIMILAR, 1 MG","Inj adalimumab-aaty, 1 mg"
53021,141,3,158,SIMLANDI® ,2025-01-01 00:00:00,,Apparent on its Face,Q5142,102,2026-07-16 17:45:28.420000,"INJECTION, ADALIMUMAB-RYVK BIOSIMILAR, 1 MG","Inj adalimumab-ryvk, 1 mg"
53021,141,3,159,CYLTEZO®,2025-01-01 00:00:00,,Apparent on its Face,Q5143,102,2026-07-16 17:45:28.420000,"INJECTION, ADALIMUMAB-ADBM, BIOSIMILAR, 1 MG","Inj adalimumab-adbm, 1 mg"
53021,141,3,160,IDACIO®,2025-01-01 00:00:00,,Apparent on its Face,Q5144,102,2026-07-16 17:45:28.420000,"INJECTION, ADALIMUMAB-AACF (IDACIO), BIOSIMILAR, 1 MG","Inj, idacio, 1 mg"
53021,141,3,161,ABRILADA™ ,2025-01-01 00:00:00,,Apparent on its Face,Q5145,102,2026-07-16 17:45:28.420000,"INJECTION, ADALIMUMAB-AFZB (ABRILADA), BIOSIMILAR, 1 MG","Inj, abrilada, 1 mg"
53021,141,3,162,Starjemza*,2026-08-29 00:00:00,,Apparent on its Face,Q5164,102,2026-07-16 17:45:28.420000,"INJECTION, USTEKINUMAB-HMNY (STARJEMZA), BIOSIMILAR, 1 MG","Ustekinumab-hmny, 1 mg"
53021,141,3,163,Pyzchiva® ,2025-01-01 00:00:00,,Apparent on its Face,Q9996,102,2026-07-16 17:45:28.420000,"INJECTION, USTEKINUMAB-TTWE (PYZCHIVA), SUBCUTANEOUS, 1 MG",Ustekinumab- ttwe sub cu inj
53021,141,3,164,"Selarsdi™ 
subcutaneous use*",2025-01-01 00:00:00,,Apparent on its Face,Q9998,102,2026-07-16 17:45:28.420000,"INJECTION, USTEKINUMAB-AEKN (SELARSDI), BIOSIMILAR, 1 MG","Inj ustekinumab-aekn, 1 mg"
53021,141,3,165,(Otulfi)*,2025-06-01 00:00:00,,Apparent on its Face,Q9999,102,2026-07-16 17:45:28.420000,"INJECTION, USTEKINUMAB-AAUZ (OTULFI), BIOSIMILAR, 1 MG",Inj ustekinumab-aauz 1 mg
53021,141,3,166,Efalizumab (Raptiva),2013-10-25 00:00:00,2017-03-17 00:00:00,Apparent on its Face,C9399,102,2026-07-16 17:45:28.420000,UNCLASSIFIED DRUGS OR BIOLOGICALS,Unclassified drugs or biolog
53021,141,3,167,Insulin Glargine (Lantas Solostar®),2019-12-01 00:00:00,2022-11-19 00:00:00,Apparent on its Face,C9399,102,2026-07-16 17:45:28.420000,UNCLASSIFIED DRUGS OR BIOLOGICALS,Unclassified drugs or biolog
53021,141,3,168,Tezepelumab-ekko (Tezspire™),2022-07-10 00:00:00,2022-07-10 00:00:00,Apparent on its Face,C9399,102,2026-07-16 17:45:28.420000,UNCLASSIFIED DRUGS OR BIOLOGICALS,Unclassified drugs or biolog
53021,141,3,169,Mirikizumab-mrkz (Omvoh™) subcutaneous use*,2024-01-14 00:00:00,2024-07-01 00:00:00,Apparent on its Face,C9399,102,2026-07-16 17:45:28.420000,UNCLASSIFIED DRUGS OR BIOLOGICALS,Unclassified drugs or biolog
53021,141,3,170,Ustekinumab-auub (Wezlana™),2024-03-16 00:00:00,2024-07-01 00:00:00,Apparent on its Face,C9399,102,2026-07-16 17:45:28.420000,UNCLASSIFIED DRUGS OR BIOLOGICALS,Unclassified drugs or biolog
53021,141,3,171,Adalimumab-adbm (Cyltezo®),2019-12-01 00:00:00,2024-12-31 00:00:00,Apparent on its Face,C9399,102,2026-07-16 17:45:28.420000,UNCLASSIFIED DRUGS OR BIOLOGICALS,Unclassified drugs or biolog
53021,141,3,172,Adalimumab-aaty (Yuflyma),2024-01-14 00:00:00,2024-12-31 00:00:00,Apparent on its Face,C9399,102,2026-07-16 17:45:28.420000,UNCLASSIFIED DRUGS OR BIOLOGICALS,Unclassified drugs or biolog
53021,141,3,173,"ustekinumab-stba
(SteQeyma)* ",2025-06-01 00:00:00,2025-06-30 00:00:00,Apparent on its Face,C9399,102,2026-07-16 17:45:28.420000,UNCLASSIFIED DRUGS OR BIOLOGICALS,Unclassified drugs or biolog
53021,141,3,174,Hizentra®,2013-10-25 00:00:00,2020-12-31 00:00:00,Apparent on its Face,J1559,102,2026-07-16 17:45:28.420000,"INJECTION, IMMUNE GLOBULIN (HIZENTRA), 100 MG",Hizentra injection
53021,141,3,175,Pasireotide (Signifor®),2013-10-25 00:00:00,2019-12-01 00:00:00,Apparent on its Face,J2502,102,2026-07-16 17:45:28.420000,"INJECTION, PASIREOTIDE LONG ACTING, 1 MG","Inj, pasireotide long acting"
53021,141,3,176,Tezepelumab-ekko (Tezspire™),2022-07-10 00:00:00,2022-07-10 00:00:00,Apparent on its Face,J3490,102,2026-07-16 17:45:28.420000,UNCLASSIFIED DRUGS,Drugs unclassified injection
53021,141,3,177,Mirikizumab-mrkz (Omvoh™) subcutaneous use*,2024-01-14 00:00:00,2024-07-01 00:00:00,Apparent on its Face,J3490,102,2026-07-16 17:45:28.420000,UNCLASSIFIED DRUGS,Drugs unclassified injection
53021,141,3,178,Ustekinumab-auub (Wezlana™),2024-03-16 00:00:00,2024-07-01 00:00:00,Apparent on its Face,J3490,102,2026-07-16 17:45:28.420000,UNCLASSIFIED DRUGS,Drugs unclassified injection
53021,141,3,179,Adalimumab-adbm (Cyltezo®),2019-12-01 00:00:00,2024-12-31 00:00:00,Apparent on its Face,J3490,102,2026-07-16 17:45:28.420000,UNCLASSIFIED DRUGS,Drugs unclassified injection
53021,141,3,180,Adalimumab-aaty (Yuflyma),2024-01-14 00:00:00,2024-12-31 00:00:00,Apparent on its Face,J3490,102,2026-07-16 17:45:28.420000,UNCLASSIFIED DRUGS,Drugs unclassified injection
53021,141,3,181,"ustekinumab-stba
(SteQeyma)* ",2025-06-01 00:00:00,2025-06-30 00:00:00,Apparent on its Face,J3490,102,2026-07-16 17:45:28.420000,UNCLASSIFIED DRUGS,Drugs unclassified injection
53021,141,3,182,"ustekinumab-stba
(SteQeyma)* ",2025-06-01 00:00:00,2025-06-30 00:00:00,Apparent on its Face,J3590,102,2026-07-16 17:45:28.420000,UNCLASSIFIED BIOLOGICS,Unclassified biologics
53021,141,3,183,Adalimumab-aaty (Yuflyma),2024-01-14 00:00:00,2024-12-31 00:00:00,Apparent on its Face,J3590,102,2026-07-16 17:45:28.420000,UNCLASSIFIED BIOLOGICS,Unclassified biologics
53021,141,3,184,Ustekinumab-auub (Wezlana™),2024-03-16 00:00:00,2024-07-01 00:00:00,Apparent on its Face,J3590,102,2026-07-16 17:45:28.420000,UNCLASSIFIED BIOLOGICS,Unclassified biologics
53021,141,3,185,Mirikizumab-mrkz (Omvoh™) subcutaneous use*,2024-01-14 00:00:00,2024-07-01 00:00:00,Apparent on its Face,J3590,102,2026-07-16 17:45:28.420000,UNCLASSIFIED BIOLOGICS,Unclassified biologics
53021,141,3,186,Tezepelumab-ekko (Tezspire™),2022-07-10 00:00:00,2022-07-10 00:00:00,Apparent on its Face,J3590,102,2026-07-16 17:45:28.420000,UNCLASSIFIED BIOLOGICS,Unclassified biologics
53021,141,3,187,Efalizumab (Raptiva),2013-10-25 00:00:00,2017-03-17 00:00:00,Apparent on its Face,J3590,102,2026-07-16 17:45:28.420000,UNCLASSIFIED BIOLOGICS,Unclassified biologics
53032,145,3,1,Albiglutide for SQ injection (Tanzeum™),2015-06-04 00:00:00,,Apparent on its Face|Presumption of Long-Term Non-Acute Administration,C9399,102,2026-07-08 13:31:29,UNCLASSIFIED DRUGS OR BIOLOGICALS,Unclassified drugs or biolog
53032,145,3,2,Metreleptin for injection (Myalept ™),2015-06-04 00:00:00,,Apparent on its Face|Presumption of Long-Term Non-Acute Administration,C9399,102,2026-07-08 13:31:29,UNCLASSIFIED DRUGS OR BIOLOGICALS,Unclassified drugs or biolog
53032,145,3,3,Pasireotide (Signifor®),2015-06-04 00:00:00,,Apparent on its Face|Presumption of Long-Term Non-Acute Administration,C9399,102,2026-07-08 13:31:29,UNCLASSIFIED DRUGS OR BIOLOGICALS,Unclassified drugs or biolog
53032,145,3,4,Interferon beta 1a (Rebif ®),2015-06-04 00:00:00,,Apparent on its Face|Presumption of Long-Term Non-Acute Administration,C9399,102,2026-07-08 13:31:29,UNCLASSIFIED DRUGS OR BIOLOGICALS,Unclassified drugs or biolog
53032,145,3,5,Exenatide XR (Bydureon®),2015-06-04 00:00:00,,Apparent on its Face|Presumption of Long-Term Non-Acute Administration,C9399,102,2026-07-08 13:31:29,UNCLASSIFIED DRUGS OR BIOLOGICALS,Unclassified drugs or biolog
53032,145,3,6,Secukinumab (Cosentyx) subcutaneous use,2015-06-04 00:00:00,,Apparent on its Face|Presumption of Long-Term Non-Acute Administration,C9399,102,2026-07-08 13:31:29,UNCLASSIFIED DRUGS OR BIOLOGICALS,Unclassified drugs or biolog
53032,145,3,7,Alirocumab (Praluent®),2015-11-24 00:00:00,,Apparent on its Face,C9399,102,2026-07-08 13:31:29,UNCLASSIFIED DRUGS OR BIOLOGICALS,Unclassified drugs or biolog
53032,145,3,8,Evolucumab (Repatha™),2015-11-24 00:00:00,,Apparent on its Face,C9399,102,2026-07-08 13:31:29,UNCLASSIFIED DRUGS OR BIOLOGICALS,Unclassified drugs or biolog
53032,145,3,9,Dulaglutide (Trulicity®),2016-06-27 00:00:00,,Apparent on its Face,C9399,102,2026-07-08 13:31:29,UNCLASSIFIED DRUGS OR BIOLOGICALS,Unclassified drugs or biolog
53032,145,3,10,"Methotrexate - Solution Auto-injector Non Chemotherapeutic (Otrexup™, Rasuvo®)",2016-06-27 00:00:00,,Apparent on its Face,C9399,102,2026-07-08 13:31:29,UNCLASSIFIED DRUGS OR BIOLOGICALS,Unclassified drugs or biolog
53032,145,3,11,Parathyroid Hormone (Natpara®),2016-06-27 00:00:00,,Apparent on its Face,C9399,102,2026-07-08 13:31:29,UNCLASSIFIED DRUGS OR BIOLOGICALS,Unclassified drugs or biolog
53032,145,3,12,Peginterferon beta-1a (Plegridy™),2016-06-27 00:00:00,,Apparent on its Face,C9399,102,2026-07-08 13:31:29,UNCLASSIFIED DRUGS OR BIOLOGICALS,Unclassified drugs or biolog
53032,145,3,13,All insulin products,2016-06-27 00:00:00,,Apparent on its Face,C9399,102,2026-07-08 13:31:29,UNCLASSIFIED DRUGS OR BIOLOGICALS,Unclassified drugs or biolog
53032,145,3,14,Exenatide (Byetta®),2013-09-16 00:00:00,,Apparent on its Face,C9399,102,2026-07-08 13:31:29,UNCLASSIFIED DRUGS OR BIOLOGICALS,Unclassified drugs or biolog
53032,145,3,15,Etanercept-SZZS (Erelzi™),2016-12-06 00:00:00,,Apparent on its Face,C9399,102,2026-07-08 13:31:29,UNCLASSIFIED DRUGS OR BIOLOGICALS,Unclassified drugs or biolog
53032,145,3,16,Asfotase-alfa (Strensiq™),2017-02-28 00:00:00,,Apparent on its Face,C9399,102,2026-07-08 13:31:29,UNCLASSIFIED DRUGS OR BIOLOGICALS,Unclassified drugs or biolog
53032,145,3,17,Ixekizumab (Taltz™),2017-02-28 00:00:00,,Apparent on its Face,C9399,102,2026-07-08 13:31:29,UNCLASSIFIED DRUGS OR BIOLOGICALS,Unclassified drugs or biolog
53032,145,3,18,Adalimumab-atto (Amjevita™),2017-02-28 00:00:00,,Apparent on its Face,C9399,102,2026-07-08 13:31:29,UNCLASSIFIED DRUGS OR BIOLOGICALS,Unclassified drugs or biolog
53032,145,3,19,"Dupilumab (Dupixent)
",2017-08-07 00:00:00,,Apparent on its Face,C9399,102,2026-07-08 13:31:29,UNCLASSIFIED DRUGS OR BIOLOGICALS,Unclassified drugs or biolog
53032,145,3,20,"Brodalumab (Siliq)
",2017-08-07 00:00:00,,Apparent on its Face,C9399,102,2026-07-08 13:31:29,UNCLASSIFIED DRUGS OR BIOLOGICALS,Unclassified drugs or biolog
53032,145,3,21,somapacitan-beco (Sogroya®),2021-04-05 00:00:00,,Apparent on its Face,C9399,102,2026-07-08 13:31:29,UNCLASSIFIED DRUGS OR BIOLOGICALS,Unclassified drugs or biolog
53032,145,3,22,Ropeginterferon alfa-2b-njft (Besremi®),2022-04-24 00:00:00,,Apparent on its Face,C9399,102,2026-07-08 13:31:29,UNCLASSIFIED DRUGS OR BIOLOGICALS,Unclassified drugs or biolog
53032,145,3,23,Risankizumab-rzaa (Skyrizi™) subcutaneous use,2022-05-15 00:00:00,,Presumption of Long-Term Non-Acute Administration|Acceptable Evidentiary Criteria Available,C9399,102,2026-07-08 13:31:29,UNCLASSIFIED DRUGS OR BIOLOGICALS,Unclassified drugs or biolog
53032,145,3,24,ofatumumab (Kesimpta®) subcutaneous use*,2022-07-17 00:00:00,,Apparent on its Face|Presumption of Long-Term Non-Acute Administration,C9399,102,2026-07-08 13:31:29,UNCLASSIFIED DRUGS OR BIOLOGICALS,Unclassified drugs or biolog
53032,145,3,25,tralokinumab-ldrm (Adbry™),2022-11-01 00:00:00,,Presumption of Long-Term Non-Acute Administration|Acceptable Evidentiary Criteria Available,C9399,102,2026-07-08 13:31:29,UNCLASSIFIED DRUGS OR BIOLOGICALS,Unclassified drugs or biolog
53032,145,3,26,"Tirzepatide (Mounjaro™, Zepbound)",2022-11-19 00:00:00,,Apparent on its Face,C9399,102,2026-07-08 13:31:29,UNCLASSIFIED DRUGS OR BIOLOGICALS,Unclassified drugs or biolog
53032,145,3,27,Adalimumab-aacf (Idacio®),2023-06-25 00:00:00,,Apparent on its Face,C9399,102,2026-07-08 13:31:29,UNCLASSIFIED DRUGS OR BIOLOGICALS,Unclassified drugs or biolog
53032,145,3,28,Adalimumab-afzb (Abrilada™),2023-06-25 00:00:00,,Apparent on its Face,C9399,102,2026-07-08 13:31:29,UNCLASSIFIED DRUGS OR BIOLOGICALS,Unclassified drugs or biolog
53032,145,3,29,Adalimumab-bwwd (Hadlima),2023-06-25 00:00:00,,Apparent on its Face,C9399,102,2026-07-08 13:31:29,UNCLASSIFIED DRUGS OR BIOLOGICALS,Unclassified drugs or biolog
53032,145,3,30,Adalimumab-fkjp (Hulio®),2023-06-25 00:00:00,,Apparent on its Face,C9399,102,2026-07-08 13:31:29,UNCLASSIFIED DRUGS OR BIOLOGICALS,Unclassified drugs or biolog
53032,145,3,31,Adalimumab-adaz (Hyrimoz),2023-06-25 00:00:00,,Apparent on its Face,C9399,102,2026-07-08 13:31:29,UNCLASSIFIED DRUGS OR BIOLOGICALS,Unclassified drugs or biolog
53032,145,3,32,Adalimumab-aqvh (Yusimry),2023-06-25 00:00:00,,Apparent on its Face,C9399,102,2026-07-08 13:31:29,UNCLASSIFIED DRUGS OR BIOLOGICALS,Unclassified drugs or biolog
53032,145,3,33,Vedolizumab (Entyvio®) subcutaneous use*,2024-01-14 00:00:00,,Apparent on its Face,C9399,102,2026-07-08 13:31:29,UNCLASSIFIED DRUGS OR BIOLOGICALS,Unclassified drugs or biolog
53032,145,3,34,Adalimumab-aaty (Yuflyma),2024-01-14 00:00:00,,Apparent on its Face,C9399,102,2026-07-08 13:31:29,UNCLASSIFIED DRUGS OR BIOLOGICALS,Unclassified drugs or biolog
53032,145,3,35,ustekinumab-stba (SteQeyma)*,2025-06-01 00:00:00,,Apparent on its Face,C9399,102,2026-07-08 13:31:29,UNCLASSIFIED DRUGS OR BIOLOGICALS,Unclassified drugs or biolog
53032,145,3,36,lebrikizumab-lbkz (Ebglyss),2025-06-01 00:00:00,,Apparent on its Face,C9399,102,2026-07-08 13:31:29,UNCLASSIFIED DRUGS OR BIOLOGICALS,Unclassified drugs or biolog
53032,145,3,37,Nemolizumab-ilto (Nemluvio),2026-06-06 00:00:00,,Apparent on its Face,C9399,102,2026-07-08 13:31:29,UNCLASSIFIED DRUGS OR BIOLOGICALS,Unclassified drugs or biolog
53032,145,3,38,bimekizumab-bkzx (Bimzelx®),2026-08-29 00:00:00,,Apparent on its Face,C9399,102,2026-07-08 13:31:29,UNCLASSIFIED DRUGS OR BIOLOGICALS,Unclassified drugs or biolog
53032,145,3,39,Orencia® subcutaneous use*,2021-04-05 00:00:00,,Apparent on its Face,J0129,102,2026-07-08 13:31:29,"INJECTION, ABATACEPT, 10 MG (CODE MAY BE USED FOR MEDICARE WHEN DRUG ADMINISTERED UNDER THE DIRECT SUPERVISION OF A PHYSICIAN, NOT FOR USE WHEN DRUG IS SELF ADMINISTERED)",Abatacept injection
53032,145,3,40,Adalimumab,2025-01-01 00:00:00,,Apparent on its Face,J0139,102,2026-07-08 13:31:29,"INJECTION, ADALIMUMAB, 1 MG","Inj, adalimumab, 1 mg"
53032,145,3,41,"Alprostadil®, Caverject®, Edex®, Prostin VR Pediatric®
",2013-09-16 00:00:00,,Apparent on its Face|Presumption of Long-Term Non-Acute Administration,J0270,102,2026-07-08 13:31:29,"INJECTION, ALPROSTADIL, 1.25 MCG (CODE MAY BE USED FOR MEDICARE WHEN DRUG ADMINISTERED UNDER THE DIRECT SUPERVISION OF A PHYSICIAN, NOT FOR USE WHEN DRUG IS SELF ADMINISTERED)",Alprostadil for injection
53032,145,3,42,Apokyn®,2015-06-04 00:00:00,,Apparent on its Face|Presumption of Long-Term Non-Acute Administration,J0364,102,2026-07-08 13:31:29,"INJECTION, APOMORPHINE HYDROCHLORIDE, 1 MG",Apomorphine hydrochloride
53032,145,3,43,Belimumab (Benlysta)*,2025-11-15 00:00:00,,Apparent on its Face,J0490,102,2026-07-08 13:31:29,"INJECTION, BELIMUMAB, 10 MG",Belimumab injection
53032,145,3,44,lanadelumab-flyo (TAKHZYRO),2019-12-02 00:00:00,,Apparent on its Face|Presumption of Long-Term Non-Acute Administration,J0593,102,2026-07-08 13:31:29,"INJECTION, LANADELUMAB-FLYO, 1 MG (CODE MAY BE USED FOR MEDICARE WHEN DRUG ADMINISTERED UNDER DIRECT SUPERVISION OF A PHYSICIAN, NOT FOR USE WHEN DRUG IS SELF-ADMINISTERED)","Inj., lanadelumab-flyo, 1 mg"
53032,145,3,45,HAEGARDA®,2019-09-18 00:00:00,,Apparent on its Face|Presumption of Long-Term Non-Acute Administration,J0599,102,2026-07-08 13:31:29,"INJECTION, C-1 ESTERASE INHIBITOR (HUMAN), (HAEGARDA), 10 UNITS","Inj., haegarda 10 units"
53032,145,3,46,"Calcimar®, Miacalcin, Osteocalcin, Salmonine, Fortical
",2013-09-16 00:00:00,,Apparent on its Face|Presumption of Long-Term Non-Acute Administration,J0630,102,2026-07-08 13:31:29,"INJECTION, CALCITONIN SALMON, UP TO 400 UNITS",Calcitonin salmon injection
53032,145,3,47,H.P. Acthar® Gel subcutaneous use**,2023-10-01 00:00:00,,Apparent on its Face,J0801,102,2026-07-08 13:31:29,"INJECTION, CORTICOTROPIN (ACTHAR GEL), UP TO 40 UNITS",Inj. acthar gel to 40 units
53032,145,3,48,H.P. Acthar® Gel subcutaneous use**,2023-10-01 00:00:00,,Apparent on its Face,J0802,102,2026-07-08 13:31:29,"INJECTION, CORTICOTROPIN (ANI), UP TO 40 UNITS","Inj. (ani), up to 40 units"
53032,145,3,49,"Fuzeon®
",2013-09-16 00:00:00,,Apparent on its Face|Presumption of Long-Term Non-Acute Administration,J1324,102,2026-07-08 13:31:29,"INJECTION, ENFUVIRTIDE, 1 MG",Enfuvirtide injection
53032,145,3,50,"Enbrel®
",2013-09-16 00:00:00,,Apparent on its Face|Presumption of Long-Term Non-Acute Administration,J1438,102,2026-07-08 13:31:29,"INJECTION, ETANERCEPT, 25 MG (CODE MAY BE USED FOR MEDICARE WHEN DRUG ADMINISTERED UNDER THE DIRECT SUPERVISION OF A PHYSICIAN, NOT FOR USE WHEN DRUG IS SELF ADMINISTERED)",Etanercept injection
53032,145,3,51,"Copaxone®
",2013-09-16 00:00:00,,Apparent on its Face|Presumption of Long-Term Non-Acute Administration,J1595,102,2026-07-08 13:31:29,"INJECTION, GLATIRAMER ACETATE, 20 MG",Injection glatiramer acetate
53032,145,3,52,guselkumab (Tremfya®)*,2021-05-15 00:00:00,,Acceptable Evidentiary Criteria Available,J1628,102,2026-07-08 13:31:29,"INJECTION, GUSELKUMAB, 1 MG","Inj., guselkumab, 1 mg"
53032,145,3,53,"Supprelin LA®
",2013-09-16 00:00:00,,Apparent on its Face|Presumption of Long-Term Non-Acute Administration,J1675,102,2026-07-08 13:31:29,"INJECTION, HISTRELIN ACETATE, 10 MICROGRAMS",Histrelin acetate
53032,145,3,54,Icatibant (Firazyr®),2013-09-16 00:00:00,,Apparent on its Face|Presumption of Long-Term Non-Acute Administration,J1744,102,2026-07-08 13:31:29,"INJECTION, ICATIBANT, 1 MG",Icatibant injection
53032,145,3,55,"Injection, infliximab-dyyb (zymfentra)",2024-08-18 00:00:00,,Apparent on its Face,J1748,102,2026-07-08 13:31:29,"INJECTION, INFLIXIMAB-DYYB (ZYMFENTRA), 10 MG","Inj, zymfentra, 10 mg"
53032,145,3,56,Fiasp®,2023-08-20 00:00:00,,Apparent on its Face|Presumption of Long-Term Non-Acute Administration,J1811,102,2026-07-08 13:31:29,"INSULIN (FIASP) FOR ADMINISTRATION THROUGH DME (I.E., INSULIN PUMP) PER 50 UNITS",Fiasp for insulin pump use
53032,145,3,57,Fiasp®,2023-08-20 00:00:00,,Apparent on its Face|Presumption of Long-Term Non-Acute Administration,J1812,102,2026-07-08 13:31:29,"INSULIN (FIASP), PER 5 UNITS",Inj. insulin (fiasp)
53032,145,3,58,Lyumjev®,2023-08-20 00:00:00,,Apparent on its Face|Presumption of Long-Term Non-Acute Administration,J1813,102,2026-07-08 13:31:29,"INSULIN (LYUMJEV) FOR ADMINISTRATION THROUGH DME (I.E., INSULIN PUMP) PER 50 UNITS",Lyumjev for insulin pump use
53032,145,3,59,Lyumjev® 100 IU*,2023-08-20 00:00:00,,Apparent on its Face|Presumption of Long-Term Non-Acute Administration,J1814,102,2026-07-08 13:31:29,"INSULIN (LYUMJEV), PER 5 UNITS",Inj. insulin (lyumjev)
53032,145,3,60,Lyumjev® 200 IU,2023-08-20 00:00:00,,Apparent on its Face|Presumption of Long-Term Non-Acute Administration,J1814,102,2026-07-08 13:31:29,"INSULIN (LYUMJEV), PER 5 UNITS",Inj. insulin (lyumjev)
53032,145,3,61,All insulin products,2013-09-16 00:00:00,,Apparent on its Face|Presumption of Long-Term Non-Acute Administration,J1815,102,2026-07-08 13:31:29,"INJECTION, INSULIN, PER 5 UNITS",Insulin injection
53032,145,3,62,All insulin products,2013-09-16 00:00:00,,Apparent on its Face|Presumption of Long-Term Non-Acute Administration,J1817,102,2026-07-08 13:31:29,"INSULIN FOR ADMINISTRATION THROUGH DME (I.E., INSULIN PUMP) PER 50 UNITS",Insulin for insulin pump use
53032,145,3,63,"Betaseron®
",2013-09-16 00:00:00,,Apparent on its Face|Presumption of Long-Term Non-Acute Administration,J1830,102,2026-07-08 13:31:29,"INJECTION, INTERFERON BETA-1B, 0.25 MG (CODE MAY BE USED FOR MEDICARE WHEN DRUG ADMINISTERED UNDER THE DIRECT SUPERVISION OF A PHYSICIAN, NOT FOR USE WHEN DRUG IS SELF ADMINISTERED)",Interferon beta-1b / .25 mg
53032,145,3,64,furosemide (Furoscix®),2023-08-20 00:00:00,,Apparent on its Face,J1941,102,2026-07-08 13:31:29,"INJECTION, FUROSEMIDE (FUROSCIX), 20 MG","Inj, furoscix, 20 mg"
53032,145,3,65,"Increlex®, Iplex
",2013-09-16 00:00:00,,Apparent on its Face|Presumption of Long-Term Non-Acute Administration,J2170,102,2026-07-08 13:31:29,"INJECTION, MECASERMIN, 1 MG",Mecasermin injection
53032,145,3,66,"Relistor®
",2013-09-16 00:00:00,,Apparent on its Face|Presumption of Long-Term Non-Acute Administration,J2212,102,2026-07-08 13:31:29,"INJECTION, METHYLNALTREXONE, 0.1 MG",Methylnaltrexone injection
53032,145,3,67,Mirikizumab-mrkz*,2024-07-01 00:00:00,,Apparent on its Face,J2267,102,2026-07-08 13:31:29,"INJECTION, MIRIKIZUMAB-MRKZ, 1 MG","Inj, mirikizumab-mrkz, 1 mg"
53032,145,3,68,"Octreotide Acetate (Sandostatin)*
",2013-09-16 00:00:00,,Presumption of Long-Term Non-Acute Administration,J2354,102,2026-07-08 13:31:29,"INJECTION, OCTREOTIDE, NON-DEPOT FORM FOR SUBCUTANEOUS OR INTRAVENOUS INJECTION, 25 MCG","Octreotide inj, non-depot"
53032,145,3,69,"Papaverine HCL
",2013-09-16 00:00:00,,Apparent on its Face,J2440,102,2026-07-08 13:31:29,"INJECTION, PAPAVERINE HCL, UP TO 60 MG",Papaverin hcl injection
53032,145,3,70,"Humatrope, Genotropin, Omnitrope, (Saizen, Zorbtive, Zomacton, Norditropin, Nutropin)
",2013-09-16 00:00:00,,Presumption of Long-Term Non-Acute Administration|Acceptable Evidentiary Criteria Available,J2941,102,2026-07-08 13:31:29,"INJECTION, SOMATROPIN, 1 MG",Somatropin injection
53032,145,3,71,Imitrex®,2013-09-16 00:00:00,,Apparent on its Face|Presumption of Long-Term Non-Acute Administration,J3030,102,2026-07-08 13:31:29,"INJECTION, SUMATRIPTAN SUCCINATE, 6 MG (CODE MAY BE USED FOR MEDICARE WHEN DRUG ADMINISTERED UNDER THE DIRECT SUPERVISION OF A PHYSICIAN, NOT FOR USE WHEN DRUG IS SELF ADMINISTERED)",Sumatriptan succinate / 6 mg
53032,145,3,72,Fremanezumab-vfrm (Ajovy),2019-09-18 00:00:00,,Apparent on its Face|Presumption of Long-Term Non-Acute Administration,J3031,102,2026-07-08 13:31:29,"INJECTION, FREMANEZUMAB-VFRM, 1 MG (CODE MAY BE USED FOR MEDICARE WHEN DRUG ADMINISTERED UNDER THE DIRECT SUPERVISION OF A PHYSICIAN, NOT FOR USE WHEN DRUG IS SELF-ADMINISTERED)","Inj., fremanezumab-vfrm 1 mg"
53032,145,3,73,Forteo®,2013-09-16 00:00:00,,Presumption of Long-Term Non-Acute Administration,J3110,102,2026-07-08 13:31:29,"INJECTION, TERIPARATIDE, 10 MCG",Teriparatide injection
53032,145,3,74,"Stelara® 

",2021-10-15 00:00:00,,Apparent on its Face|Presumption of Long-Term Non-Acute Administration,J3357,102,2026-07-08 13:31:29,"USTEKINUMAB, FOR SUBCUTANEOUS INJECTION, 1 MG","Ustekinumab sub cu inj, 1 mg"
53032,145,3,75,bimekizumab-bkzx (Bimzelx®),2026-08-29 00:00:00,,Apparent on its Face,J3490,102,2026-07-08 13:31:29,UNCLASSIFIED DRUGS,Drugs unclassified injection
53032,145,3,76,Nemolizumab-ilto (Nemluvio),2026-06-06 00:00:00,,Apparent on its Face,J3490,102,2026-07-08 13:31:29,UNCLASSIFIED DRUGS,Drugs unclassified injection
53032,145,3,77,lebrikizumab-lbkz (Ebglyss),2025-06-01 00:00:00,,Apparent on its Face,J3490,102,2026-07-08 13:31:29,UNCLASSIFIED DRUGS,Drugs unclassified injection
53032,145,3,78,ustekinumab-stba (SteQeyma)*,2025-06-01 00:00:00,,Apparent on its Face,J3490,102,2026-07-08 13:31:29,UNCLASSIFIED DRUGS,Drugs unclassified injection
53032,145,3,79,mipomersen sodium (Kynamro®),2013-09-16 00:00:00,,Apparent on its Face|Presumption of Long-Term Non-Acute Administration,J3490,102,2026-07-08 13:31:29,UNCLASSIFIED DRUGS,Drugs unclassified injection
53032,145,3,80,TriMix,2013-09-16 00:00:00,,Apparent on its Face|Presumption of Long-Term Non-Acute Administration,J3490,102,2026-07-08 13:31:29,UNCLASSIFIED DRUGS,Drugs unclassified injection
53032,145,3,81,Tesamorelin Acetate (Egrifta®),2013-09-16 00:00:00,,Apparent on its Face|Presumption of Long-Term Non-Acute Administration,J3490,102,2026-07-08 13:31:29,UNCLASSIFIED DRUGS,Drugs unclassified injection
53032,145,3,82,"Liraglutide GLP-1 (Victoza®, Saxenda®)",2013-09-16 00:00:00,,Apparent on its Face|Presumption of Long-Term Non-Acute Administration,J3490,102,2026-07-08 13:31:29,UNCLASSIFIED DRUGS,Drugs unclassified injection
53032,145,3,83,"Pramlintide acetate (Symlin®, SymlinPen 60, SymlinPen 120)",2013-09-16 00:00:00,,Apparent on its Face|Presumption of Long-Term Non-Acute Administration,J3490,102,2026-07-08 13:31:29,UNCLASSIFIED DRUGS,Drugs unclassified injection
53032,145,3,84,"Exenatide (Byetta®)

",2013-09-16 00:00:00,,Apparent on its Face|Presumption of Long-Term Non-Acute Administration,J3490,102,2026-07-08 13:31:29,UNCLASSIFIED DRUGS,Drugs unclassified injection
53032,145,3,85,"Peginterferon Alfa 2-b (Sylatron, Pegintron)",2013-09-16 00:00:00,,Apparent on its Face|Presumption of Long-Term Non-Acute Administration,J3490,102,2026-07-08 13:31:29,UNCLASSIFIED DRUGS,Drugs unclassified injection
53032,145,3,86,Albiglutide for SQ injection (Tanzeum™),2015-06-04 00:00:00,,Apparent on its Face|Presumption of Long-Term Non-Acute Administration,J3490,102,2026-07-08 13:31:29,UNCLASSIFIED DRUGS,Drugs unclassified injection
53032,145,3,87,Metreleptin for injection (Myalept ™),2015-06-04 00:00:00,,Apparent on its Face|Presumption of Long-Term Non-Acute Administration,J3490,102,2026-07-08 13:31:29,UNCLASSIFIED DRUGS,Drugs unclassified injection
53032,145,3,88,Pasireotide (Signifor®),2015-06-04 00:00:00,,Apparent on its Face|Presumption of Long-Term Non-Acute Administration,J3490,102,2026-07-08 13:31:29,UNCLASSIFIED DRUGS,Drugs unclassified injection
53032,145,3,89,"Interferon beta 1a, (Rebif®)",2015-06-04 00:00:00,,Apparent on its Face|Presumption of Long-Term Non-Acute Administration,J3490,102,2026-07-08 13:31:29,UNCLASSIFIED DRUGS,Drugs unclassified injection
53032,145,3,90,Exenatide XR (Bydureon®),2015-06-04 00:00:00,,Apparent on its Face|Presumption of Long-Term Non-Acute Administration|Acceptable Evidentiary Criteria Available,J3490,102,2026-07-08 13:31:29,UNCLASSIFIED DRUGS,Drugs unclassified injection
53032,145,3,91,Secukinumab (Cosentyx) subcutaneous use,2015-06-04 00:00:00,,Apparent on its Face|Presumption of Long-Term Non-Acute Administration,J3490,102,2026-07-08 13:31:29,UNCLASSIFIED DRUGS,Drugs unclassified injection
53032,145,3,92,All insulin products,2019-09-18 00:00:00,,Apparent on its Face|Presumption of Long-Term Non-Acute Administration,J3490,102,2026-07-08 13:31:29,UNCLASSIFIED DRUGS,Drugs unclassified injection
53032,145,3,93,Adalimumab-adbm (Cyltezo),2019-09-18 00:00:00,,Apparent on its Face|Presumption of Long-Term Non-Acute Administration,J3490,102,2026-07-08 13:31:29,UNCLASSIFIED DRUGS,Drugs unclassified injection
53032,145,3,94,somapacitan-beco (Sogroya®),2021-04-05 00:00:00,,Apparent on its Face,J3490,102,2026-07-08 13:31:29,UNCLASSIFIED DRUGS,Drugs unclassified injection
53032,145,3,95,Ropeginterferon alfa-2b-njft (Besremi®),2022-04-24 00:00:00,,Apparent on its Face,J3490,102,2026-07-08 13:31:29,UNCLASSIFIED DRUGS,Drugs unclassified injection
53032,145,3,96,Risankizumab-rzaa (Skyrizi™) subcutaneous use,2022-05-15 00:00:00,,Presumption of Long-Term Non-Acute Administration|Acceptable Evidentiary Criteria Available,J3490,102,2026-07-08 13:31:29,UNCLASSIFIED DRUGS,Drugs unclassified injection
53032,145,3,97,ofatumumab (Kesimpta®) subcutaneous use*,2022-07-17 00:00:00,,Apparent on its Face|Presumption of Long-Term Non-Acute Administration,J3490,102,2026-07-08 13:31:29,UNCLASSIFIED DRUGS,Drugs unclassified injection
53032,145,3,98,tralokinumab-ldrm (Adbry™),2022-11-01 00:00:00,,Apparent on its Face|Presumption of Long-Term Non-Acute Administration,J3490,102,2026-07-08 13:31:29,UNCLASSIFIED DRUGS,Drugs unclassified injection
53032,145,3,99,"Tirzepatide (Mounjaro™, Zepbound)",2022-11-19 00:00:00,,Apparent on its Face,J3490,102,2026-07-08 13:31:29,UNCLASSIFIED DRUGS,Drugs unclassified injection
53032,145,3,100,Adalimumab-aqvh (Yusimry),2023-06-25 00:00:00,,Apparent on its Face,J3490,102,2026-07-08 13:31:29,UNCLASSIFIED DRUGS,Drugs unclassified injection
53032,145,3,101,Adalimumab-adaz (Hyrimoz),2023-06-25 00:00:00,,Apparent on its Face,J3490,102,2026-07-08 13:31:29,UNCLASSIFIED DRUGS,Drugs unclassified injection
53032,145,3,102,Adalimumab-fkjp (Hulio®),2023-06-25 00:00:00,,Apparent on its Face,J3490,102,2026-07-08 13:31:29,UNCLASSIFIED DRUGS,Drugs unclassified injection
53032,145,3,103,Adalimumab-bwwd (Hadlima),2023-06-25 00:00:00,,Apparent on its Face,J3490,102,2026-07-08 13:31:29,UNCLASSIFIED DRUGS,Drugs unclassified injection
53032,145,3,104,Adalimumab-afzb (Abrilada™),2023-06-25 00:00:00,,Apparent on its Face,J3490,102,2026-07-08 13:31:29,UNCLASSIFIED DRUGS,Drugs unclassified injection
53032,145,3,105,Adalimumab-aacf (Idacio®),2023-06-25 00:00:00,,Apparent on its Face,J3490,102,2026-07-08 13:31:29,UNCLASSIFIED DRUGS,Drugs unclassified injection
53032,145,3,106,Adalimumab-aaty (Yuflyma),2024-01-14 00:00:00,,Apparent on its Face,J3490,102,2026-07-08 13:31:29,UNCLASSIFIED DRUGS,Drugs unclassified injection
53032,145,3,107,Vedolizumab (Entyvio®) subcutaneous use*,2024-01-14 00:00:00,,Apparent on its Face,J3490,102,2026-07-08 13:31:29,UNCLASSIFIED DRUGS,Drugs unclassified injection
53032,145,3,108,Vedolizumab (Entyvio®) subcutaneous use*,2024-01-14 00:00:00,,Apparent on its Face,J3590,102,2026-07-08 13:31:29,UNCLASSIFIED BIOLOGICS,Unclassified biologics
53032,145,3,109,Adalimumab-aaty (Yuflyma),2024-01-14 00:00:00,,Apparent on its Face,J3590,102,2026-07-08 13:31:29,UNCLASSIFIED BIOLOGICS,Unclassified biologics
53032,145,3,110,Adalimumab-aacf (Idacio®),2023-06-25 00:00:00,,Apparent on its Face,J3590,102,2026-07-08 13:31:29,UNCLASSIFIED BIOLOGICS,Unclassified biologics
53032,145,3,111,Adalimumab-afzb (Abrilada™),2023-06-25 00:00:00,,Apparent on its Face,J3590,102,2026-07-08 13:31:29,UNCLASSIFIED BIOLOGICS,Unclassified biologics
53032,145,3,112,Adalimumab-bwwd (Hadlima),2023-06-25 00:00:00,,Apparent on its Face,J3590,102,2026-07-08 13:31:29,UNCLASSIFIED BIOLOGICS,Unclassified biologics
53032,145,3,113,Adalimumab-fkjp (Hulio®),2023-06-25 00:00:00,,Apparent on its Face,J3590,102,2026-07-08 13:31:29,UNCLASSIFIED BIOLOGICS,Unclassified biologics
53032,145,3,114,Adalimumab-adaz (Hyrimoz),2023-06-25 00:00:00,,Apparent on its Face,J3590,102,2026-07-08 13:31:29,UNCLASSIFIED BIOLOGICS,Unclassified biologics
53032,145,3,115,Adalimumab-aqvh (Yusimry),2023-06-25 00:00:00,,Apparent on its Face,J3590,102,2026-07-08 13:31:29,UNCLASSIFIED BIOLOGICS,Unclassified biologics
53032,145,3,116,"Tirzepatide (Mounjaro™, Zepbound)",2022-11-19 00:00:00,,Apparent on its Face,J3590,102,2026-07-08 13:31:29,UNCLASSIFIED BIOLOGICS,Unclassified biologics
53032,145,3,117,tralokinumab-ldrm (Adbry™),2022-11-01 00:00:00,,Presumption of Long-Term Non-Acute Administration|Acceptable Evidentiary Criteria Available,J3590,102,2026-07-08 13:31:29,UNCLASSIFIED BIOLOGICS,Unclassified biologics
53032,145,3,118,ofatumumab (Kesimpta®) subcutaneous use*,2022-07-17 00:00:00,,Apparent on its Face|Presumption of Long-Term Non-Acute Administration,J3590,102,2026-07-08 13:31:29,UNCLASSIFIED BIOLOGICS,Unclassified biologics
53032,145,3,119,Risankizumab-rzaa (Skyrizi™) subcutaneous use,2022-05-15 00:00:00,,Presumption of Long-Term Non-Acute Administration|Acceptable Evidentiary Criteria Available,J3590,102,2026-07-08 13:31:29,UNCLASSIFIED BIOLOGICS,Unclassified biologics
53032,145,3,120,Ropeginterferon alfa-2b-njft (Besremi®),2022-04-24 00:00:00,,Apparent on its Face,J3590,102,2026-07-08 13:31:29,UNCLASSIFIED BIOLOGICS,Unclassified biologics
53032,145,3,121,somapacitan-beco (Sogroya®),2021-04-05 00:00:00,,Apparent on its Face,J3590,102,2026-07-08 13:31:29,UNCLASSIFIED BIOLOGICS,Unclassified biologics
53032,145,3,122,Abaloparatide (Tymlos),2019-09-18 00:00:00,,Apparent on its Face|Presumption of Long-Term Non-Acute Administration,J3590,102,2026-07-08 13:31:29,UNCLASSIFIED BIOLOGICS,Unclassified biologics
53032,145,3,123,Sarilumab (Kevzara),2019-09-18 00:00:00,,Apparent on its Face|Presumption of Long-Term Non-Acute Administration,J3590,102,2026-07-08 13:31:29,UNCLASSIFIED BIOLOGICS,Unclassified biologics
53032,145,3,124,"Semaglutide (Ozempic, Wegovy)",2019-09-18 00:00:00,,Apparent on its Face|Presumption of Long-Term Non-Acute Administration,J3590,102,2026-07-08 13:31:29,UNCLASSIFIED BIOLOGICS,Unclassified biologics
53032,145,3,125,Erenumab-aoooe (Aimovig),2019-09-18 00:00:00,,Apparent on its Face|Presumption of Long-Term Non-Acute Administration,J3590,102,2026-07-08 13:31:29,UNCLASSIFIED BIOLOGICS,Unclassified biologics
53032,145,3,126,Alcanezumab-gnlm (Emgality),2019-09-18 00:00:00,,Apparent on its Face|Presumption of Long-Term Non-Acute Administration,J3590,102,2026-07-08 13:31:29,UNCLASSIFIED BIOLOGICS,Unclassified biologics
53032,145,3,127,Alirocumab (Praluent®),2015-11-24 00:00:00,,Apparent on its Face,J3590,102,2026-07-08 13:31:29,UNCLASSIFIED BIOLOGICS,Unclassified biologics
53032,145,3,128,Evolucumab (Repatha™),2015-11-24 00:00:00,,Apparent on its Face,J3590,102,2026-07-08 13:31:29,UNCLASSIFIED BIOLOGICS,Unclassified biologics
53032,145,3,129,Dulaglutide (Trulicity®),2016-06-27 00:00:00,,Apparent on its Face,J3590,102,2026-07-08 13:31:29,UNCLASSIFIED BIOLOGICS,Unclassified biologics
53032,145,3,130,"Methotrexate - Solution Auto-injector Non Chemotherapeutic (Otrexup™, Rasuvo®)",2016-06-27 00:00:00,,Apparent on its Face,J3590,102,2026-07-08 13:31:29,UNCLASSIFIED BIOLOGICS,Unclassified biologics
53032,145,3,131,Parathyroid Hormone (Natpara®),2016-06-27 00:00:00,,Apparent on its Face,J3590,102,2026-07-08 13:31:29,UNCLASSIFIED BIOLOGICS,Unclassified biologics
53032,145,3,132,Peginterferon beta-1a (Plegridy™),2016-06-27 00:00:00,,Apparent on its Face,J3590,102,2026-07-08 13:31:29,UNCLASSIFIED BIOLOGICS,Unclassified biologics
53032,145,3,133,All insulin products,2016-06-27 00:00:00,,Apparent on its Face,J3590,102,2026-07-08 13:31:29,UNCLASSIFIED BIOLOGICS,Unclassified biologics
53032,145,3,134,"Pegvisomant (Somavert®, variable)",2013-09-16 00:00:00,,Apparent on its Face|Presumption of Long-Term Non-Acute Administration,J3590,102,2026-07-08 13:31:29,UNCLASSIFIED BIOLOGICS,Unclassified biologics
53032,145,3,135,Golimumab (Simponi®),2013-09-16 00:00:00,,Apparent on its Face|Presumption of Long-Term Non-Acute Administration,J3590,102,2026-07-08 13:31:29,UNCLASSIFIED BIOLOGICS,Unclassified biologics
53032,145,3,136,Abatacept (Orencia®),2013-09-16 00:00:00,,Apparent on its Face|Presumption of Long-Term Non-Acute Administration,J3590,102,2026-07-08 13:31:29,UNCLASSIFIED BIOLOGICS,Unclassified biologics
53032,145,3,137,Etanercept-SZZS (Erelzi™),2016-12-06 00:00:00,,Apparent on its Face,J3590,102,2026-07-08 13:31:29,UNCLASSIFIED BIOLOGICS,Unclassified biologics
53032,145,3,138,Asfotase-alfa (Strensiq™),2017-02-28 00:00:00,,Apparent on its Face,J3590,102,2026-07-08 13:31:29,UNCLASSIFIED BIOLOGICS,Unclassified biologics
53032,145,3,139,Ixekizumab (Taltz™),2017-02-28 00:00:00,,Apparent on its Face,J3590,102,2026-07-08 13:31:29,UNCLASSIFIED BIOLOGICS,Unclassified biologics
53032,145,3,140,Adalimumab-atto (Amjevita™),2017-02-28 00:00:00,,Apparent on its Face,J3590,102,2026-07-08 13:31:29,UNCLASSIFIED BIOLOGICS,Unclassified biologics
53032,145,3,141,Dupilumab (Dupixent),2017-08-07 00:00:00,,Apparent on its Face,J3590,102,2026-07-08 13:31:29,UNCLASSIFIED BIOLOGICS,Unclassified biologics
53032,145,3,142,"Peginterferon Alfa-2a (Pegasys™, Roferon®-A)
",2013-09-16 00:00:00,,Apparent on its Face|Presumption of Long-Term Non-Acute Administration,J3590,102,2026-07-08 13:31:29,UNCLASSIFIED BIOLOGICS,Unclassified biologics
53032,145,3,143,Anakinra (Kineret®),2013-09-16 00:00:00,,Apparent on its Face|Presumption of Long-Term Non-Acute Administration,J3590,102,2026-07-08 13:31:29,UNCLASSIFIED BIOLOGICS,Unclassified biologics
53032,145,3,144,"Brodalumab (Siliq)
",2017-08-07 00:00:00,,Apparent on its Face,J3590,102,2026-07-08 13:31:29,UNCLASSIFIED BIOLOGICS,Unclassified biologics
53032,145,3,145,Secukinumab (Cosentyx) subcutaneous use,2015-06-04 00:00:00,,Apparent on its Face|Presumption of Long-Term Non-Acute Administration,J3590,102,2026-07-08 13:31:29,UNCLASSIFIED BIOLOGICS,Unclassified biologics
53032,145,3,146,ustekinumab-stba (SteQeyma)*,2025-06-01 00:00:00,,Apparent on its Face,J3590,102,2026-07-08 13:31:29,UNCLASSIFIED BIOLOGICS,Unclassified biologics
53032,145,3,147,lebrikizumab-lbkz (Ebglyss),2025-06-01 00:00:00,,Apparent on its Face,J3590,102,2026-07-08 13:31:29,UNCLASSIFIED BIOLOGICS,Unclassified biologics
53032,145,3,148,Nemolizumab-ilto (Nemluvio),2026-06-06 00:00:00,,Apparent on its Face,J3590,102,2026-07-08 13:31:29,UNCLASSIFIED BIOLOGICS,Unclassified biologics
53032,145,3,149,bimekizumab-bkzx (Bimzelx®),2026-08-29 00:00:00,,Apparent on its Face,J3590,102,2026-07-08 13:31:29,UNCLASSIFIED BIOLOGICS,Unclassified biologics
53032,145,3,150,Roferon®-A ,2013-09-16 00:00:00,,Apparent on its Face|Presumption of Long-Term Non-Acute Administration,J9213,102,2026-07-08 13:31:29,"INJECTION, INTERFERON, ALFA-2A, RECOMBINANT, 3 MILLION UNITS",Interferon alfa-2a inj
53032,145,3,151,Actimmune®,2013-09-16 00:00:00,,Apparent on its Face|Presumption of Long-Term Non-Acute Administration,J9216,102,2026-07-08 13:31:29,"INJECTION, INTERFERON, GAMMA 1-B, 3 MILLION UNITS",Interferon gamma 1-b inj
53032,145,3,152,"Leuprolide Acetate, Leuprolide Acetate Inj
",2013-09-16 00:00:00,,Presumption of Long-Term Non-Acute Administration|Acceptable Evidentiary Criteria Available,J9218,102,2026-07-08 13:31:29,"LEUPROLIDE ACETATE, PER 1 MG",Leuprolide acetate injeciton
53032,145,3,153,"Geref®
",2013-09-16 00:00:00,,Apparent on its Face|Presumption of Long-Term Non-Acute Administration,Q0515,102,2026-07-08 13:31:29,"INJECTION, SERMORELIN ACETATE, 1 MICROGRAM",Sermorelin acetate injection
53032,145,3,154,"Avonex®, Avonex Pen®
",2015-06-04 00:00:00,,Apparent on its Face|Presumption of Long-Term Non-Acute Administration,Q3027,102,2026-07-08 13:31:29,"INJECTION, INTERFERON BETA-1A, 1 MCG FOR INTRAMUSCULAR USE",Inj beta interferon im 1 mcg
53032,145,3,155,Rebif®,2015-06-04 00:00:00,,Apparent on its Face|Presumption of Long-Term Non-Acute Administration,Q3028,102,2026-07-08 13:31:29,"INJECTION, INTERFERON BETA-1A, 1 MCG FOR SUBCUTANEOUS USE",Inj beta interferon sq 1 mcg
53032,145,3,156,ustekinumab-srlf (imuldosa)*,2025-07-01 00:00:00,,Apparent on its Face,Q5098,102,2026-07-08 13:31:29,"INJECTION, USTEKINUMAB-SRLF (IMULDOSA), BIOSIMILAR, 1 MG","Inj ustekinumab-srlf, 1 mg"
53032,145,3,157,ustekinumab-stba (steqeyma)*,2025-07-01 00:00:00,,Apparent on its Face,Q5099,102,2026-07-08 13:31:29,"INJECTION, USTEKINUMAB-STBA (STEQEYMA), BIOSIMILAR, 1 MG","Inj ustekinumab-stba, 1 mg"
53032,145,3,158,ustekinumab-kfce (yesintek)*,2025-07-01 00:00:00,,Apparent on its Face,Q5100,102,2026-07-08 13:31:29,"INJECTION, USTEKINUMAB-KFCE (YESINTEK), BIOSIMILAR, 1 MG","Inj ustekinumab-kfce, 1 mg"
53032,145,3,159,ustekinumab-auub (wezlana),2024-07-01 00:00:00,,Apparent on its Face,Q5137,102,2026-07-08 13:31:29,"INJECTION, USTEKINUMAB-AUUB (WEZLANA), BIOSIMILAR, SUBCUTANEOUS, 1 MG","Inj, wezlana, sub cu, 1 mg"
53032,145,3,160,adalimumab-fkjp,2025-01-01 00:00:00,,Apparent on its Face,Q5140,102,2026-07-08 13:31:29,"INJECTION, ADALIMUMAB-FKJP, BIOSIMILAR, 1 MG","Inj adalimumab-fkjp, 1 mg"
53032,145,3,161,adalimumab-aaty,2025-01-01 00:00:00,,Apparent on its Face,Q5141,102,2026-07-08 13:31:29,"INJECTION, ADALIMUMAB-AATY, BIOSIMILAR, 1 MG","Inj adalimumab-aaty, 1 mg"
53032,145,3,162,adalimumab-ryvk,2025-01-01 00:00:00,,Apparent on its Face,Q5142,102,2026-07-08 13:31:29,"INJECTION, ADALIMUMAB-RYVK BIOSIMILAR, 1 MG","Inj adalimumab-ryvk, 1 mg"
53032,145,3,163,adalimumab-adbm,2025-01-01 00:00:00,,Apparent on its Face,Q5143,102,2026-07-08 13:31:29,"INJECTION, ADALIMUMAB-ADBM, BIOSIMILAR, 1 MG","Inj adalimumab-adbm, 1 mg"
53032,145,3,164,adalimumab-aacf (idacio),2025-01-01 00:00:00,,Apparent on its Face,Q5144,102,2026-07-08 13:31:29,"INJECTION, ADALIMUMAB-AACF (IDACIO), BIOSIMILAR, 1 MG","Inj, idacio, 1 mg"
53032,145,3,165,adalimumab-afzb (abrilada),2025-01-01 00:00:00,,Apparent on its Face,Q5145,102,2026-07-08 13:31:29,"INJECTION, ADALIMUMAB-AFZB (ABRILADA), BIOSIMILAR, 1 MG","Inj, abrilada, 1 mg"
53032,145,3,166,ustekinumab-hmny (starjemza)*,2026-08-29 00:00:00,,Apparent on its Face,Q5164,102,2026-07-08 13:31:29,"INJECTION, USTEKINUMAB-HMNY (STARJEMZA), BIOSIMILAR, 1 MG","Ustekinumab-hmny, 1 mg"
53032,145,3,167,ustekinumab-ttwe (pyzchiva),2025-01-01 00:00:00,,Acceptable Evidentiary Criteria Available,Q9996,102,2026-07-08 13:31:29,"INJECTION, USTEKINUMAB-TTWE (PYZCHIVA), SUBCUTANEOUS, 1 MG",Ustekinumab- ttwe sub cu inj
53032,145,3,168,ustekinumab-aekn (selarsdi)*,2025-01-01 00:00:00,,Apparent on its Face,Q9998,102,2026-07-08 13:31:29,"INJECTION, USTEKINUMAB-AEKN (SELARSDI), BIOSIMILAR, 1 MG","Inj ustekinumab-aekn, 1 mg"
53032,145,3,169,Ustekinumab-aauz (Otulfi)*,2025-06-01 00:00:00,,Apparent on its Face,Q9999,102,2026-07-08 13:31:29,"INJECTION, USTEKINUMAB-AAUZ (OTULFI), BIOSIMILAR, 1 MG",Inj ustekinumab-aauz 1 mg
53032,145,3,170,Mirikizumab-mrkz (Omvoh™) subcutaneous use*,2024-01-14 00:00:00,2024-06-30 00:00:00,Apparent on its Face,C9399,102,2026-07-08 13:31:29,UNCLASSIFIED DRUGS OR BIOLOGICALS,Unclassified drugs or biolog
53032,145,3,171,ustekinumab-auub* (Wezlana),2024-03-17 00:00:00,2024-06-30 00:00:00,Apparent on its Face,C9399,102,2026-07-08 13:31:29,UNCLASSIFIED DRUGS OR BIOLOGICALS,Unclassified drugs or biolog
53032,145,3,172,Daclizumab (Zinbryta™),2017-02-28 00:00:00,2021-02-18 00:00:00,Apparent on its Face,C9399,102,2026-07-08 13:31:29,UNCLASSIFIED DRUGS OR BIOLOGICALS,Unclassified drugs or biolog
53032,145,3,173,Tezspire™ (tezepelumab-ekko),2022-07-17 00:00:00,2022-07-17 00:00:00,Apparent on its Face|Presumption of Long-Term Non-Acute Administration,C9399,102,2026-07-08 13:31:29,UNCLASSIFIED DRUGS OR BIOLOGICALS,Unclassified drugs or biolog
53032,145,3,174,Muse®,2013-09-16 00:00:00,2017-07-14 00:00:00,Apparent on its Face|Presumption of Long-Term Non-Acute Administration,J0275,102,2026-07-08 13:31:29,"ALPROSTADIL URETHRAL SUPPOSITORY (CODE MAY BE USED FOR MEDICARE WHEN DRUG ADMINISTERED UNDER THE DIRECT SUPERVISION OF A PHYSICIAN, NOT FOR USE WHEN DRUG IS SELF ADMINISTERED)",Alprostadil urethral suppos
53032,145,3,175,"Hizentra®
",2013-09-16 00:00:00,2020-12-31 00:00:00,Apparent on its Face|Presumption of Long-Term Non-Acute Administration,J1559,102,2026-07-08 13:31:29,"INJECTION, IMMUNE GLOBULIN (HIZENTRA), 100 MG",Hizentra injection
53032,145,3,176,Immune globulin,2016-02-11 00:00:00,2016-07-25 00:00:00,,J1575,102,2026-07-08 13:31:29,"INJECTION, IMMUNE GLOBULIN/HYALURONIDASE, (HYQVIA), 100 MG IMMUNEGLOBULIN",Hyqvia 100mg immuneglobulin
53032,145,3,177,Tremfya® ,2020-05-03 00:00:00,2020-05-03 00:00:00,Acceptable Evidentiary Criteria Available,J1628,102,2026-07-08 13:31:29,"INJECTION, GUSELKUMAB, 1 MG","Inj., guselkumab, 1 mg"
53032,145,3,178,Pasireotide long acting,2016-02-11 00:00:00,2016-10-01 00:00:00,Apparent on its Face,J2502,102,2026-07-08 13:31:29,"INJECTION, PASIREOTIDE LONG ACTING, 1 MG","Inj, pasireotide long acting"
53032,145,3,179,Regitine ,2013-09-16 00:00:00,2017-07-14 00:00:00,Apparent on its Face|Presumption of Long-Term Non-Acute Administration,J2760,102,2026-07-08 13:31:29,"INJECTION, PHENTOLAMINE MESYLATE, UP TO 5 MG",Phentolaine mesylate inj
53032,145,3,180,Stelara® subcutaneous,2020-05-03 00:00:00,2020-05-03 00:00:00,Acceptable Evidentiary Criteria Available,J3357,102,2026-07-08 13:31:29,"USTEKINUMAB, FOR SUBCUTANEOUS INJECTION, 1 MG","Ustekinumab sub cu inj, 1 mg"
53032,145,3,181,Tezspire™ (tezepelumab-ekko),2022-07-17 00:00:00,2022-07-17 00:00:00,Apparent on its Face|Presumption of Long-Term Non-Acute Administration,J3490,102,2026-07-08 13:31:29,UNCLASSIFIED DRUGS,Drugs unclassified injection
53032,145,3,182,Mirikizumab-mrkz (Omvoh™) subcutaneous use*,2024-01-14 00:00:00,2024-06-30 00:00:00,Apparent on its Face,J3490,102,2026-07-08 13:31:29,UNCLASSIFIED DRUGS,Drugs unclassified injection
53032,145,3,183,ustekinumab-auub* (Wezlana) ,2024-03-17 00:00:00,2024-06-30 00:00:00,Apparent on its Face,J3490,102,2026-07-08 13:31:29,UNCLASSIFIED DRUGS,Drugs unclassified injection
53032,145,3,184,ustekinumab-auub* (Wezlana),2024-03-17 00:00:00,2024-06-30 00:00:00,Apparent on its Face,J3590,102,2026-07-08 13:31:29,UNCLASSIFIED BIOLOGICS,Unclassified biologics
53032,145,3,185,Mirikizumab-mrkz (Omvoh™) subcutaneous use*,2024-01-14 00:00:00,2024-06-30 00:00:00,Apparent on its Face,J3590,102,2026-07-08 13:31:29,UNCLASSIFIED BIOLOGICS,Unclassified biologics
53032,145,3,186,Tezspire™ (tezepelumab-ekko),2022-07-17 00:00:00,2022-07-17 00:00:00,Apparent on its Face|Presumption of Long-Term Non-Acute Administration,J3590,102,2026-07-08 13:31:29,UNCLASSIFIED BIOLOGICS,Unclassified biologics
53032,145,3,187,"Efalizumab, Raptiva ",2013-09-16 00:00:00,2017-07-14 00:00:00,Apparent on its Face|Presumption of Long-Term Non-Acute Administration,J3590,102,2026-07-08 13:31:29,UNCLASSIFIED BIOLOGICS,Unclassified biologics
53032,145,3,188,Daclizumab (Zinbryta™),2017-02-16 00:00:00,2021-02-18 00:00:00,Apparent on its Face,J3590,102,2026-07-08 13:31:29,UNCLASSIFIED BIOLOGICS,Unclassified biologics
53032,145,3,189,risankizumab-rzaa (Skyrizi™),2019-12-02 00:00:00,2019-12-02 00:00:00,Apparent on its Face|Presumption of Long-Term Non-Acute Administration,J3590,102,2026-07-08 13:31:29,UNCLASSIFIED BIOLOGICS,Unclassified biologics
53033,141,3,1,Albiglutide for SQ injection (Tanzeum™),2015-06-04 00:00:00,,Apparent on its Face|Presumption of Long-Term Non-Acute Administration,C9399,102,2026-07-08 13:35:47,UNCLASSIFIED DRUGS OR BIOLOGICALS,Unclassified drugs or biolog
53033,141,3,2,Metreleptin for injection (Myalept ™),2015-06-04 00:00:00,,Apparent on its Face|Presumption of Long-Term Non-Acute Administration,C9399,102,2026-07-08 13:35:47,UNCLASSIFIED DRUGS OR BIOLOGICALS,Unclassified drugs or biolog
53033,141,3,3,Pasireotide (Signifor®),2015-06-04 00:00:00,,Apparent on its Face|Presumption of Long-Term Non-Acute Administration,C9399,102,2026-07-08 13:35:47,UNCLASSIFIED DRUGS OR BIOLOGICALS,Unclassified drugs or biolog
53033,141,3,4,Interferon beta 1a (Rebif ®),2015-06-04 00:00:00,,Apparent on its Face|Presumption of Long-Term Non-Acute Administration,C9399,102,2026-07-08 13:35:47,UNCLASSIFIED DRUGS OR BIOLOGICALS,Unclassified drugs or biolog
53033,141,3,5,"Exenatide XR (Bydureon®)
",2015-06-04 00:00:00,,Apparent on its Face|Presumption of Long-Term Non-Acute Administration,C9399,102,2026-07-08 13:35:47,UNCLASSIFIED DRUGS OR BIOLOGICALS,Unclassified drugs or biolog
53033,141,3,6,Secukinumab (Cosentyx) subcutaneous use,2015-06-04 00:00:00,,Apparent on its Face|Presumption of Long-Term Non-Acute Administration,C9399,102,2026-07-08 13:35:47,UNCLASSIFIED DRUGS OR BIOLOGICALS,Unclassified drugs or biolog
53033,141,3,7,Alirocumab (Praluent®),2015-11-24 00:00:00,,Apparent on its Face,C9399,102,2026-07-08 13:35:47,UNCLASSIFIED DRUGS OR BIOLOGICALS,Unclassified drugs or biolog
53033,141,3,8,Evolucumab (Repatha™),2015-11-24 00:00:00,,Apparent on its Face,C9399,102,2026-07-08 13:35:47,UNCLASSIFIED DRUGS OR BIOLOGICALS,Unclassified drugs or biolog
53033,141,3,9,Dulaglutide (Trulicity®) ,2016-06-27 00:00:00,,Apparent on its Face,C9399,102,2026-07-08 13:35:47,UNCLASSIFIED DRUGS OR BIOLOGICALS,Unclassified drugs or biolog
53033,141,3,10,"Methotrexate - Solution Auto-injector Non Chemotherapeutic (Otrexup™, Rasuvo®)",2016-06-27 00:00:00,,Apparent on its Face,C9399,102,2026-07-08 13:35:47,UNCLASSIFIED DRUGS OR BIOLOGICALS,Unclassified drugs or biolog
53033,141,3,11,Parathyroid Hormone (Natpara®),2016-06-27 00:00:00,,Apparent on its Face,C9399,102,2026-07-08 13:35:47,UNCLASSIFIED DRUGS OR BIOLOGICALS,Unclassified drugs or biolog
53033,141,3,12,Peginterferon beta-1a (Plegridy™),2016-06-27 00:00:00,,Apparent on its Face,C9399,102,2026-07-08 13:35:47,UNCLASSIFIED DRUGS OR BIOLOGICALS,Unclassified drugs or biolog
53033,141,3,13,All insulin products,2016-06-27 00:00:00,,Apparent on its Face,C9399,102,2026-07-08 13:35:47,UNCLASSIFIED DRUGS OR BIOLOGICALS,Unclassified drugs or biolog
53033,141,3,14,Exenatide (Byetta®),2016-06-27 00:00:00,,Apparent on its Face,C9399,102,2026-07-08 13:35:47,UNCLASSIFIED DRUGS OR BIOLOGICALS,Unclassified drugs or biolog
53033,141,3,15,Etanercept-SZZS (Erelzi™),2016-12-06 00:00:00,,Apparent on its Face,C9399,102,2026-07-08 13:35:47,UNCLASSIFIED DRUGS OR BIOLOGICALS,Unclassified drugs or biolog
53033,141,3,16,Asfotase-alfa (Strensiq™),2017-02-28 00:00:00,,Apparent on its Face,C9399,102,2026-07-08 13:35:47,UNCLASSIFIED DRUGS OR BIOLOGICALS,Unclassified drugs or biolog
53033,141,3,17,Ixekizumab (Taltz™),2017-02-28 00:00:00,,Apparent on its Face,C9399,102,2026-07-08 13:35:47,UNCLASSIFIED DRUGS OR BIOLOGICALS,Unclassified drugs or biolog
53033,141,3,18,Adalimumab-atto (Amjevita™),2017-02-28 00:00:00,,Apparent on its Face,C9399,102,2026-07-08 13:35:47,UNCLASSIFIED DRUGS OR BIOLOGICALS,Unclassified drugs or biolog
53033,141,3,19, Dupilumab (Dupixent),2017-08-07 00:00:00,,Apparent on its Face,C9399,102,2026-07-08 13:35:47,UNCLASSIFIED DRUGS OR BIOLOGICALS,Unclassified drugs or biolog
53033,141,3,20,Brodalumab (Siliq),2017-08-07 00:00:00,,Apparent on its Face,C9399,102,2026-07-08 13:35:47,UNCLASSIFIED DRUGS OR BIOLOGICALS,Unclassified drugs or biolog
53033,141,3,21,somapacitan-beco (Sogroya®),2021-04-05 00:00:00,,Apparent on its Face,C9399,102,2026-07-08 13:35:47,UNCLASSIFIED DRUGS OR BIOLOGICALS,Unclassified drugs or biolog
53033,141,3,22,Ropeginterferon alfa-2b-njft (Besremi®),2022-04-24 00:00:00,,Apparent on its Face,C9399,102,2026-07-08 13:35:47,UNCLASSIFIED DRUGS OR BIOLOGICALS,Unclassified drugs or biolog
53033,141,3,23,Risankizumab-rzaa (Skyrizi™) subcutaneous use,2022-05-15 00:00:00,,Presumption of Long-Term Non-Acute Administration|Acceptable Evidentiary Criteria Available,C9399,102,2026-07-08 13:35:47,UNCLASSIFIED DRUGS OR BIOLOGICALS,Unclassified drugs or biolog
53033,141,3,24,ofatumumab (Kesimpta®) subcutaneous use*,2022-07-17 00:00:00,,Apparent on its Face|Presumption of Long-Term Non-Acute Administration,C9399,102,2026-07-08 13:35:47,UNCLASSIFIED DRUGS OR BIOLOGICALS,Unclassified drugs or biolog
53033,141,3,25,tralokinumab-ldrm (Adbry™),2022-11-01 00:00:00,,Presumption of Long-Term Non-Acute Administration|Acceptable Evidentiary Criteria Available,C9399,102,2026-07-08 13:35:47,UNCLASSIFIED DRUGS OR BIOLOGICALS,Unclassified drugs or biolog
53033,141,3,26,"Tirzepatide (Mounjaro™, Zepbound)",2022-11-19 00:00:00,,Apparent on its Face,C9399,102,2026-07-08 13:35:47,UNCLASSIFIED DRUGS OR BIOLOGICALS,Unclassified drugs or biolog
53033,141,3,27,Adalimumab-aacf (Idacio®),2023-06-25 00:00:00,,Apparent on its Face,C9399,102,2026-07-08 13:35:47,UNCLASSIFIED DRUGS OR BIOLOGICALS,Unclassified drugs or biolog
53033,141,3,28,Adalimumab-afzb (Abrilada™),2023-06-25 00:00:00,,Apparent on its Face,C9399,102,2026-07-08 13:35:47,UNCLASSIFIED DRUGS OR BIOLOGICALS,Unclassified drugs or biolog
53033,141,3,29,Adalimumab-bwwd (Hadlima),2023-06-25 00:00:00,,Apparent on its Face,C9399,102,2026-07-08 13:35:47,UNCLASSIFIED DRUGS OR BIOLOGICALS,Unclassified drugs or biolog
53033,141,3,30,Adalimumab-fkjp (Hulio®),2023-06-25 00:00:00,,Apparent on its Face,C9399,102,2026-07-08 13:35:47,UNCLASSIFIED DRUGS OR BIOLOGICALS,Unclassified drugs or biolog
53033,141,3,31,Adalimumab-adaz (Hyrimoz),2023-06-25 00:00:00,,Apparent on its Face,C9399,102,2026-07-08 13:35:47,UNCLASSIFIED DRUGS OR BIOLOGICALS,Unclassified drugs or biolog
53033,141,3,32,Adalimumab-aqvh (Yusimry),2023-06-25 00:00:00,,Apparent on its Face,C9399,102,2026-07-08 13:35:47,UNCLASSIFIED DRUGS OR BIOLOGICALS,Unclassified drugs or biolog
53033,141,3,33,Vedolizumab (Entyvio®) subcutaneous use*,2024-01-14 00:00:00,,Apparent on its Face,C9399,102,2026-07-08 13:35:47,UNCLASSIFIED DRUGS OR BIOLOGICALS,Unclassified drugs or biolog
53033,141,3,34,Adalimumab-aaty (Yuflyma),2024-01-14 00:00:00,,Apparent on its Face,C9399,102,2026-07-08 13:35:47,UNCLASSIFIED DRUGS OR BIOLOGICALS,Unclassified drugs or biolog
53033,141,3,35,ustekinumab-stba (SteQeyma)*,2025-06-01 00:00:00,,Apparent on its Face,C9399,102,2026-07-08 13:35:47,UNCLASSIFIED DRUGS OR BIOLOGICALS,Unclassified drugs or biolog
53033,141,3,36,lebrikizumab-lbkz (Ebglyss),2025-06-01 00:00:00,,Apparent on its Face,C9399,102,2026-07-08 13:35:47,UNCLASSIFIED DRUGS OR BIOLOGICALS,Unclassified drugs or biolog
53033,141,3,37,Nemolizumab-ilto (Nemluvio),2026-06-06 00:00:00,,Apparent on its Face,C9399,102,2026-07-08 13:35:47,UNCLASSIFIED DRUGS OR BIOLOGICALS,Unclassified drugs or biolog
53033,141,3,38,bimekizumab-bkzx (Bimzelx®),2026-08-29 00:00:00,,Apparent on its Face,C9399,102,2026-07-08 13:35:47,UNCLASSIFIED DRUGS OR BIOLOGICALS,Unclassified drugs or biolog
53033,141,3,39,Orencia® subcutaneous use*,2021-04-05 00:00:00,,Apparent on its Face,J0129,102,2026-07-08 13:35:47,"INJECTION, ABATACEPT, 10 MG (CODE MAY BE USED FOR MEDICARE WHEN DRUG ADMINISTERED UNDER THE DIRECT SUPERVISION OF A PHYSICIAN, NOT FOR USE WHEN DRUG IS SELF ADMINISTERED)",Abatacept injection
53033,141,3,40,Adalimumab,2025-01-01 00:00:00,,Apparent on its Face,J0139,102,2026-07-08 13:35:47,"INJECTION, ADALIMUMAB, 1 MG","Inj, adalimumab, 1 mg"
53033,141,3,41,"Alprostadil&reg, Caverject&reg, Edex&reg, Prostin VR Pediatric&reg",2003-01-15 00:00:00,,Apparent on its Face|Presumption of Long-Term Non-Acute Administration,J0270,102,2026-07-08 13:35:47,"INJECTION, ALPROSTADIL, 1.25 MCG (CODE MAY BE USED FOR MEDICARE WHEN DRUG ADMINISTERED UNDER THE DIRECT SUPERVISION OF A PHYSICIAN, NOT FOR USE WHEN DRUG IS SELF ADMINISTERED)",Alprostadil for injection
53033,141,3,42,Apokyn®,2015-06-04 00:00:00,,Apparent on its Face|Presumption of Long-Term Non-Acute Administration,J0364,102,2026-07-08 13:35:47,"INJECTION, APOMORPHINE HYDROCHLORIDE, 1 MG",Apomorphine hydrochloride
53033,141,3,43,Belimumab (Benlysta)*,2025-11-15 00:00:00,,Apparent on its Face,J0490,102,2026-07-08 13:35:47,"INJECTION, BELIMUMAB, 10 MG",Belimumab injection
53033,141,3,44,lanadelumab-flyo (TAKHZYRO),2019-12-02 00:00:00,,Apparent on its Face|Presumption of Long-Term Non-Acute Administration,J0593,102,2026-07-08 13:35:47,"INJECTION, LANADELUMAB-FLYO, 1 MG (CODE MAY BE USED FOR MEDICARE WHEN DRUG ADMINISTERED UNDER DIRECT SUPERVISION OF A PHYSICIAN, NOT FOR USE WHEN DRUG IS SELF-ADMINISTERED)","Inj., lanadelumab-flyo, 1 mg"
53033,141,3,45,HAEGARDA®,2019-09-18 00:00:00,,Apparent on its Face|Presumption of Long-Term Non-Acute Administration,J0599,102,2026-07-08 13:35:47,"INJECTION, C-1 ESTERASE INHIBITOR (HUMAN), (HAEGARDA), 10 UNITS","Inj., haegarda 10 units"
53033,141,3,46,"Calcimar®, Miacalcin, Osteocalcin, Salmonine, Fortical
",2003-01-15 00:00:00,,Apparent on its Face|Presumption of Long-Term Non-Acute Administration,J0630,102,2026-07-08 13:35:47,"INJECTION, CALCITONIN SALMON, UP TO 400 UNITS",Calcitonin salmon injection
53033,141,3,47,H.P. Acthar® Gel subcutaneous use**,2023-10-01 00:00:00,,Apparent on its Face,J0801,102,2026-07-08 13:35:47,"INJECTION, CORTICOTROPIN (ACTHAR GEL), UP TO 40 UNITS",Inj. acthar gel to 40 units
53033,141,3,48,H.P. Acthar® Gel subcutaneous use**,2023-10-01 00:00:00,,Apparent on its Face,J0802,102,2026-07-08 13:35:47,"INJECTION, CORTICOTROPIN (ANI), UP TO 40 UNITS","Inj. (ani), up to 40 units"
53033,141,3,49,Fuzeon&reg,2004-05-01 00:00:00,,Apparent on its Face|Presumption of Long-Term Non-Acute Administration,J1324,102,2026-07-08 13:35:47,"INJECTION, ENFUVIRTIDE, 1 MG",Enfuvirtide injection
53033,141,3,50,Enbrel&reg,2003-01-15 00:00:00,,Apparent on its Face|Presumption of Long-Term Non-Acute Administration,J1438,102,2026-07-08 13:35:47,"INJECTION, ETANERCEPT, 25 MG (CODE MAY BE USED FOR MEDICARE WHEN DRUG ADMINISTERED UNDER THE DIRECT SUPERVISION OF A PHYSICIAN, NOT FOR USE WHEN DRUG IS SELF ADMINISTERED)",Etanercept injection
53033,141,3,51,Copaxone&reg,2004-05-01 00:00:00,,Apparent on its Face|Presumption of Long-Term Non-Acute Administration,J1595,102,2026-07-08 13:35:47,"INJECTION, GLATIRAMER ACETATE, 20 MG",Injection glatiramer acetate
53033,141,3,52,guselkumab (Tremfya®)*,2021-05-15 00:00:00,,Acceptable Evidentiary Criteria Available,J1628,102,2026-07-08 13:35:47,"INJECTION, GUSELKUMAB, 1 MG","Inj., guselkumab, 1 mg"
53033,141,3,53,Supprelin LA&reg,2006-07-15 00:00:00,,Apparent on its Face|Presumption of Long-Term Non-Acute Administration,J1675,102,2026-07-08 13:35:47,"INJECTION, HISTRELIN ACETATE, 10 MICROGRAMS",Histrelin acetate
53033,141,3,54,Icatibant (Firazyr&reg),2012-07-31 00:00:00,,Apparent on its Face|Presumption of Long-Term Non-Acute Administration,J1744,102,2026-07-08 13:35:47,"INJECTION, ICATIBANT, 1 MG",Icatibant injection
53033,141,3,55,"Injection, infliximab-dyyb (zymfentra)",2024-08-18 00:00:00,,Apparent on its Face,J1748,102,2026-07-08 13:35:47,"INJECTION, INFLIXIMAB-DYYB (ZYMFENTRA), 10 MG","Inj, zymfentra, 10 mg"
53033,141,3,56,Fiasp®,2023-08-20 00:00:00,,Apparent on its Face|Presumption of Long-Term Non-Acute Administration,J1811,102,2026-07-08 13:35:47,"INSULIN (FIASP) FOR ADMINISTRATION THROUGH DME (I.E., INSULIN PUMP) PER 50 UNITS",Fiasp for insulin pump use
53033,141,3,57,Fiasp®,2023-08-20 00:00:00,,Apparent on its Face|Presumption of Long-Term Non-Acute Administration,J1812,102,2026-07-08 13:35:47,"INSULIN (FIASP), PER 5 UNITS",Inj. insulin (fiasp)
53033,141,3,58,Lyumjev®,2023-08-20 00:00:00,,Apparent on its Face|Presumption of Long-Term Non-Acute Administration,J1813,102,2026-07-08 13:35:47,"INSULIN (LYUMJEV) FOR ADMINISTRATION THROUGH DME (I.E., INSULIN PUMP) PER 50 UNITS",Lyumjev for insulin pump use
53033,141,3,59,Lyumjev® - 100 IU*,2023-08-20 00:00:00,,Apparent on its Face|Presumption of Long-Term Non-Acute Administration,J1814,102,2026-07-08 13:35:47,"INSULIN (LYUMJEV), PER 5 UNITS",Inj. insulin (lyumjev)
53033,141,3,60,Lyumjev® - 200 IU,2023-08-20 00:00:00,,Apparent on its Face|Presumption of Long-Term Non-Acute Administration,J1814,102,2026-07-08 13:35:47,"INSULIN (LYUMJEV), PER 5 UNITS",Inj. insulin (lyumjev)
53033,141,3,61,All insulin products,2003-11-01 00:00:00,,Apparent on its Face|Presumption of Long-Term Non-Acute Administration,J1815,102,2026-07-08 13:35:47,"INJECTION, INSULIN, PER 5 UNITS",Insulin injection
53033,141,3,62,"All insulin products
",2003-01-15 00:00:00,,Apparent on its Face|Presumption of Long-Term Non-Acute Administration,J1817,102,2026-07-08 13:35:47,"INSULIN FOR ADMINISTRATION THROUGH DME (I.E., INSULIN PUMP) PER 50 UNITS",Insulin for insulin pump use
53033,141,3,63,Betaseron&reg,2003-01-15 00:00:00,,Presumption of Long-Term Non-Acute Administration|Acceptable Evidentiary Criteria Available,J1830,102,2026-07-08 13:35:47,"INJECTION, INTERFERON BETA-1B, 0.25 MG (CODE MAY BE USED FOR MEDICARE WHEN DRUG ADMINISTERED UNDER THE DIRECT SUPERVISION OF A PHYSICIAN, NOT FOR USE WHEN DRUG IS SELF ADMINISTERED)",Interferon beta-1b / .25 mg
53033,141,3,64,furosemide (Furoscix®) ,2023-08-20 00:00:00,,Apparent on its Face,J1941,102,2026-07-08 13:35:47,"INJECTION, FUROSEMIDE (FUROSCIX), 20 MG","Inj, furoscix, 20 mg"
53033,141,3,65,"Increlex&reg, Iplex",2007-04-15 00:00:00,,Apparent on its Face|Presumption of Long-Term Non-Acute Administration,J2170,102,2026-07-08 13:35:47,"INJECTION, MECASERMIN, 1 MG",Mecasermin injection
53033,141,3,66,Relistor®,2013-09-30 00:00:00,,Apparent on its Face|Presumption of Long-Term Non-Acute Administration,J2212,102,2026-07-08 13:35:47,"INJECTION, METHYLNALTREXONE, 0.1 MG",Methylnaltrexone injection
53033,141,3,67,Mirikizumab-mrkz*,2024-07-01 00:00:00,,Apparent on its Face,J2267,102,2026-07-08 13:35:47,"INJECTION, MIRIKIZUMAB-MRKZ, 1 MG","Inj, mirikizumab-mrkz, 1 mg"
53033,141,3,68,"Octreotide Acetate (Sandostatin)*
",2005-10-15 00:00:00,,Presumption of Long-Term Non-Acute Administration,J2354,102,2026-07-08 13:35:47,"INJECTION, OCTREOTIDE, NON-DEPOT FORM FOR SUBCUTANEOUS OR INTRAVENOUS INJECTION, 25 MCG","Octreotide inj, non-depot"
53033,141,3,69,"Papaverine HCL
",2003-11-01 00:00:00,,Apparent on its Face|Presumption of Long-Term Non-Acute Administration,J2440,102,2026-07-08 13:35:47,"INJECTION, PAPAVERINE HCL, UP TO 60 MG",Papaverin hcl injection
53033,141,3,70,"Humatrope, Genotropin, Omnitrope, (Saizen, Zorbtive, Zomacton, Norditropin, Nutropin)
",2003-01-15 00:00:00,,Presumption of Long-Term Non-Acute Administration|Acceptable Evidentiary Criteria Available,J2941,102,2026-07-08 13:35:47,"INJECTION, SOMATROPIN, 1 MG",Somatropin injection
53033,141,3,71,Imitrex&reg ,2003-01-15 00:00:00,,Apparent on its Face|Presumption of Long-Term Non-Acute Administration,J3030,102,2026-07-08 13:35:47,"INJECTION, SUMATRIPTAN SUCCINATE, 6 MG (CODE MAY BE USED FOR MEDICARE WHEN DRUG ADMINISTERED UNDER THE DIRECT SUPERVISION OF A PHYSICIAN, NOT FOR USE WHEN DRUG IS SELF ADMINISTERED)",Sumatriptan succinate / 6 mg
53033,141,3,72,Fremanezumab-vfrm (Ajovy),2019-09-18 00:00:00,,Apparent on its Face|Presumption of Long-Term Non-Acute Administration,J3031,102,2026-07-08 13:35:47,"INJECTION, FREMANEZUMAB-VFRM, 1 MG (CODE MAY BE USED FOR MEDICARE WHEN DRUG ADMINISTERED UNDER THE DIRECT SUPERVISION OF A PHYSICIAN, NOT FOR USE WHEN DRUG IS SELF-ADMINISTERED)","Inj., fremanezumab-vfrm 1 mg"
53033,141,3,73,Forteo&reg,2003-11-01 00:00:00,,Presumption of Long-Term Non-Acute Administration,J3110,102,2026-07-08 13:35:47,"INJECTION, TERIPARATIDE, 10 MCG",Teriparatide injection
53033,141,3,74,Stelara® subcutaneous,2021-10-15 00:00:00,,Acceptable Evidentiary Criteria Available,J3357,102,2026-07-08 13:35:47,"USTEKINUMAB, FOR SUBCUTANEOUS INJECTION, 1 MG","Ustekinumab sub cu inj, 1 mg"
53033,141,3,75,bimekizumab-bkzx (Bimzelx®),2026-08-29 00:00:00,,Apparent on its Face,J3490,102,2026-07-08 13:35:47,UNCLASSIFIED DRUGS,Drugs unclassified injection
53033,141,3,76,Nemolizumab-ilto (Nemluvio),2026-06-06 00:00:00,,Apparent on its Face,J3490,102,2026-07-08 13:35:47,UNCLASSIFIED DRUGS,Drugs unclassified injection
53033,141,3,77,lebrikizumab-lbkz (Ebglyss),2025-06-01 00:00:00,,Apparent on its Face,J3490,102,2026-07-08 13:35:47,UNCLASSIFIED DRUGS,Drugs unclassified injection
53033,141,3,78,ustekinumab-stba (SteQeyma)*,2025-06-01 00:00:00,,Apparent on its Face,J3490,102,2026-07-08 13:35:47,UNCLASSIFIED DRUGS,Drugs unclassified injection
53033,141,3,79,"Peginterferon Alfa 2-b Sylatron, Pegintron",2013-06-26 00:00:00,,Apparent on its Face|Presumption of Long-Term Non-Acute Administration,J3490,102,2026-07-08 13:35:47,UNCLASSIFIED DRUGS,Drugs unclassified injection
53033,141,3,80,mipomersen sodium (Kynamro®),2013-06-26 00:00:00,,Apparent on its Face|Presumption of Long-Term Non-Acute Administration,J3490,102,2026-07-08 13:35:47,UNCLASSIFIED DRUGS,Drugs unclassified injection
53033,141,3,81,"Pramlintide acetate, (Symlin®, SymlinPen 60, SymlinPen 120)
",2006-04-01 00:00:00,,Apparent on its Face|Presumption of Long-Term Non-Acute Administration,J3490,102,2026-07-08 13:35:47,UNCLASSIFIED DRUGS,Drugs unclassified injection
53033,141,3,82,Exenatide (Byetta®),2006-04-01 00:00:00,,Apparent on its Face|Presumption of Long-Term Non-Acute Administration,J3490,102,2026-07-08 13:35:47,UNCLASSIFIED DRUGS,Drugs unclassified injection
53033,141,3,83,"Tesamorelin Acetate (Egrifta®)
",2013-09-30 00:00:00,,Apparent on its Face|Presumption of Long-Term Non-Acute Administration,J3490,102,2026-07-08 13:35:47,UNCLASSIFIED DRUGS,Drugs unclassified injection
53033,141,3,84,Trimix<br> ,2013-09-30 00:00:00,,Apparent on its Face|Presumption of Long-Term Non-Acute Administration,J3490,102,2026-07-08 13:35:47,UNCLASSIFIED DRUGS,Drugs unclassified injection
53033,141,3,85,"Liraglutide GLP-1 (Victoza®, Saxenda®)",2013-09-30 00:00:00,,Apparent on its Face|Presumption of Long-Term Non-Acute Administration,J3490,102,2026-07-08 13:35:47,UNCLASSIFIED DRUGS,Drugs unclassified injection
53033,141,3,86,Albiglutide for SQ injection (Tanzeum™),2015-06-04 00:00:00,,Apparent on its Face|Presumption of Long-Term Non-Acute Administration,J3490,102,2026-07-08 13:35:47,UNCLASSIFIED DRUGS,Drugs unclassified injection
53033,141,3,87,Metreleptin for injection (Myalept™),2015-06-04 00:00:00,,Apparent on its Face|Presumption of Long-Term Non-Acute Administration,J3490,102,2026-07-08 13:35:47,UNCLASSIFIED DRUGS,Drugs unclassified injection
53033,141,3,88,Pasireotide (Signifor®),2015-06-04 00:00:00,,Apparent on its Face|Presumption of Long-Term Non-Acute Administration,J3490,102,2026-07-08 13:35:47,UNCLASSIFIED DRUGS,Drugs unclassified injection
53033,141,3,89,"Interferon beta 1a, (Rebif®)",2015-06-04 00:00:00,,Apparent on its Face|Presumption of Long-Term Non-Acute Administration,J3490,102,2026-07-08 13:35:47,UNCLASSIFIED DRUGS,Drugs unclassified injection
53033,141,3,90,Exenatide XR (Bydureon®),2015-06-04 00:00:00,,Apparent on its Face|Presumption of Long-Term Non-Acute Administration,J3490,102,2026-07-08 13:35:47,UNCLASSIFIED DRUGS,Drugs unclassified injection
53033,141,3,91,Secukinumab (Cosentyx) subcutaneous use,2015-06-04 00:00:00,,Apparent on its Face|Presumption of Long-Term Non-Acute Administration,J3490,102,2026-07-08 13:35:47,UNCLASSIFIED DRUGS,Drugs unclassified injection
53033,141,3,92,All insulin products,2019-09-18 00:00:00,,Apparent on its Face|Presumption of Long-Term Non-Acute Administration,J3490,102,2026-07-08 13:35:47,UNCLASSIFIED DRUGS,Drugs unclassified injection
53033,141,3,93,Adalimumab-adbm (Cyltezo),2019-09-18 00:00:00,,Apparent on its Face|Presumption of Long-Term Non-Acute Administration,J3490,102,2026-07-08 13:35:47,UNCLASSIFIED DRUGS,Drugs unclassified injection
53033,141,3,94,somapacitan-beco (Sogroya®),2021-04-05 00:00:00,,Apparent on its Face,J3490,102,2026-07-08 13:35:47,UNCLASSIFIED DRUGS,Drugs unclassified injection
53033,141,3,95,Ropeginterferon alfa-2b-njft (Besremi®),2022-04-24 00:00:00,,Apparent on its Face,J3490,102,2026-07-08 13:35:47,UNCLASSIFIED DRUGS,Drugs unclassified injection
53033,141,3,96,Risankizumab-rzaa (Skyrizi™) subcutaneous use,2022-05-15 00:00:00,,Presumption of Long-Term Non-Acute Administration|Acceptable Evidentiary Criteria Available,J3490,102,2026-07-08 13:35:47,UNCLASSIFIED DRUGS,Drugs unclassified injection
53033,141,3,97,ofatumumab (Kesimpta®) subcutaneous use*,2022-07-17 00:00:00,,Apparent on its Face|Presumption of Long-Term Non-Acute Administration,J3490,102,2026-07-08 13:35:47,UNCLASSIFIED DRUGS,Drugs unclassified injection
53033,141,3,98,tralokinumab-ldrm (Adbry™),2022-11-01 00:00:00,,Presumption of Long-Term Non-Acute Administration|Acceptable Evidentiary Criteria Available,J3490,102,2026-07-08 13:35:47,UNCLASSIFIED DRUGS,Drugs unclassified injection
53033,141,3,99,"Tirzepatide (Mounjaro™, Zepbound)",2022-11-01 00:00:00,,Apparent on its Face,J3490,102,2026-07-08 13:35:47,UNCLASSIFIED DRUGS,Drugs unclassified injection
53033,141,3,100,Adalimumab-aqvh (Yusimry),2023-06-25 00:00:00,,Apparent on its Face,J3490,102,2026-07-08 13:35:47,UNCLASSIFIED DRUGS,Drugs unclassified injection
53033,141,3,101,Adalimumab-adaz (Hyrimoz),2023-06-25 00:00:00,,Apparent on its Face,J3490,102,2026-07-08 13:35:47,UNCLASSIFIED DRUGS,Drugs unclassified injection
53033,141,3,102,Adalimumab-fkjp (Hulio®),2023-06-25 00:00:00,,Apparent on its Face,J3490,102,2026-07-08 13:35:47,UNCLASSIFIED DRUGS,Drugs unclassified injection
53033,141,3,103,Adalimumab-bwwd (Hadlima),2023-06-25 00:00:00,,Apparent on its Face,J3490,102,2026-07-08 13:35:47,UNCLASSIFIED DRUGS,Drugs unclassified injection
53033,141,3,104,Adalimumab-afzb (Abrilada™),2023-06-25 00:00:00,,Apparent on its Face,J3490,102,2026-07-08 13:35:47,UNCLASSIFIED DRUGS,Drugs unclassified injection
53033,141,3,105,Adalimumab-aacf (Idacio®),2023-06-25 00:00:00,,Apparent on its Face,J3490,102,2026-07-08 13:35:47,UNCLASSIFIED DRUGS,Drugs unclassified injection
53033,141,3,106,Adalimumab-aaty (Yuflyma),2024-01-14 00:00:00,,Apparent on its Face,J3490,102,2026-07-08 13:35:47,UNCLASSIFIED DRUGS,Drugs unclassified injection
53033,141,3,107,Vedolizumab (Entyvio®) subcutaneous use*,2024-01-14 00:00:00,,Apparent on its Face,J3490,102,2026-07-08 13:35:47,UNCLASSIFIED DRUGS,Drugs unclassified injection
53033,141,3,108,Vedolizumab (Entyvio®) subcutaneous use*,2024-01-14 00:00:00,,Apparent on its Face,J3590,102,2026-07-08 13:35:47,UNCLASSIFIED BIOLOGICS,Unclassified biologics
53033,141,3,109,Adalimumab-aaty (Yuflyma),2024-01-14 00:00:00,,Apparent on its Face,J3590,102,2026-07-08 13:35:47,UNCLASSIFIED BIOLOGICS,Unclassified biologics
53033,141,3,110,Adalimumab-aacf (Idacio®),2023-06-25 00:00:00,,Apparent on its Face,J3590,102,2026-07-08 13:35:47,UNCLASSIFIED BIOLOGICS,Unclassified biologics
53033,141,3,111,Adalimumab-afzb (Abrilada™),2023-06-25 00:00:00,,Apparent on its Face,J3590,102,2026-07-08 13:35:47,UNCLASSIFIED BIOLOGICS,Unclassified biologics
53033,141,3,112,Adalimumab-bwwd (Hadlima),2023-06-25 00:00:00,,Apparent on its Face,J3590,102,2026-07-08 13:35:47,UNCLASSIFIED BIOLOGICS,Unclassified biologics
53033,141,3,113,Adalimumab-fkjp (Hulio®),2023-06-25 00:00:00,,Apparent on its Face,J3590,102,2026-07-08 13:35:47,UNCLASSIFIED BIOLOGICS,Unclassified biologics
53033,141,3,114,Adalimumab-adaz (Hyrimoz),2023-06-25 00:00:00,,Apparent on its Face,J3590,102,2026-07-08 13:35:47,UNCLASSIFIED BIOLOGICS,Unclassified biologics
53033,141,3,115,Adalimumab-aqvh (Yusimry),2023-06-25 00:00:00,,Apparent on its Face,J3590,102,2026-07-08 13:35:47,UNCLASSIFIED BIOLOGICS,Unclassified biologics
53033,141,3,116,"Tirzepatide (Mounjaro™, Zepbound)",2022-11-19 00:00:00,,Apparent on its Face,J3590,102,2026-07-08 13:35:47,UNCLASSIFIED BIOLOGICS,Unclassified biologics
53033,141,3,117,tralokinumab-ldrm (Adbry™),2022-11-01 00:00:00,,Presumption of Long-Term Non-Acute Administration|Acceptable Evidentiary Criteria Available,J3590,102,2026-07-08 13:35:47,UNCLASSIFIED BIOLOGICS,Unclassified biologics
53033,141,3,118,ofatumumab (Kesimpta®) subcutaneous use*,2022-07-17 00:00:00,,Apparent on its Face|Presumption of Long-Term Non-Acute Administration,J3590,102,2026-07-08 13:35:47,UNCLASSIFIED BIOLOGICS,Unclassified biologics
53033,141,3,119,Risankizumab-rzaa (Skyrizi™) subcutaneous use,2022-05-15 00:00:00,,Presumption of Long-Term Non-Acute Administration|Acceptable Evidentiary Criteria Available,J3590,102,2026-07-08 13:35:47,UNCLASSIFIED BIOLOGICS,Unclassified biologics
53033,141,3,120,Ropeginterferon alfa-2b-njft (Besremi®),2022-04-24 00:00:00,,Apparent on its Face,J3590,102,2026-07-08 13:35:47,UNCLASSIFIED BIOLOGICS,Unclassified biologics
53033,141,3,121,somapacitan-beco (Sogroya®),2021-04-05 00:00:00,,Apparent on its Face,J3590,102,2026-07-08 13:35:47,UNCLASSIFIED BIOLOGICS,Unclassified biologics
53033,141,3,122,Abaloparatide (Tymlos),2019-09-18 00:00:00,,Apparent on its Face|Presumption of Long-Term Non-Acute Administration,J3590,102,2026-07-08 13:35:47,UNCLASSIFIED BIOLOGICS,Unclassified biologics
53033,141,3,123,Sarilumab (Kevzara),2019-09-18 00:00:00,,Apparent on its Face|Presumption of Long-Term Non-Acute Administration,J3590,102,2026-07-08 13:35:47,UNCLASSIFIED BIOLOGICS,Unclassified biologics
53033,141,3,124,"Semaglutide (Ozempic, Wegovy)",2019-09-18 00:00:00,,Apparent on its Face|Presumption of Long-Term Non-Acute Administration,J3590,102,2026-07-08 13:35:47,UNCLASSIFIED BIOLOGICS,Unclassified biologics
53033,141,3,125,Erenumab-aoooe (Aimovig),2019-09-18 00:00:00,,Apparent on its Face|Presumption of Long-Term Non-Acute Administration,J3590,102,2026-07-08 13:35:47,UNCLASSIFIED BIOLOGICS,Unclassified biologics
53033,141,3,126,Alcanezumab-gnlm (Emgality),2019-09-18 00:00:00,,Apparent on its Face|Presumption of Long-Term Non-Acute Administration,J3590,102,2026-07-08 13:35:47,UNCLASSIFIED BIOLOGICS,Unclassified biologics
53033,141,3,127,Alirocumab (Praluent®),2015-11-24 00:00:00,,Apparent on its Face,J3590,102,2026-07-08 13:35:47,UNCLASSIFIED BIOLOGICS,Unclassified biologics
53033,141,3,128,Evolucumab (Repatha™),2015-11-24 00:00:00,,Apparent on its Face,J3590,102,2026-07-08 13:35:47,UNCLASSIFIED BIOLOGICS,Unclassified biologics
53033,141,3,129,Dulaglutide (Trulicity®),2016-06-27 00:00:00,,Apparent on its Face,J3590,102,2026-07-08 13:35:47,UNCLASSIFIED BIOLOGICS,Unclassified biologics
53033,141,3,130,"Methotrexate - Solution Auto-injector Non Chemotherapeutic (Otrexup™, Rasuvo®)",2016-06-27 00:00:00,,Apparent on its Face,J3590,102,2026-07-08 13:35:47,UNCLASSIFIED BIOLOGICS,Unclassified biologics
53033,141,3,131,Parathyroid Hormone (Natpara®),2016-06-27 00:00:00,,Apparent on its Face,J3590,102,2026-07-08 13:35:47,UNCLASSIFIED BIOLOGICS,Unclassified biologics
53033,141,3,132,Peginterferon beta-1a (Plegridy™),2016-06-27 00:00:00,,Apparent on its Face,J3590,102,2026-07-08 13:35:47,UNCLASSIFIED BIOLOGICS,Unclassified biologics
53033,141,3,133,All insulin products,2016-06-27 00:00:00,,Apparent on its Face,J3590,102,2026-07-08 13:35:47,UNCLASSIFIED BIOLOGICS,Unclassified biologics
53033,141,3,134,"Pegvisomant (Somavert&reg, variable)",2004-05-01 00:00:00,,Apparent on its Face|Presumption of Long-Term Non-Acute Administration,J3590,102,2026-07-08 13:35:47,UNCLASSIFIED BIOLOGICS,Unclassified biologics
53033,141,3,135,"Peginterferon Alfa-2a (Pegasys™, Roferon®-A)",2005-05-01 00:00:00,,Apparent on its Face|Presumption of Long-Term Non-Acute Administration,J3590,102,2026-07-08 13:35:47,UNCLASSIFIED BIOLOGICS,Unclassified biologics
53033,141,3,136,Anakinra (Kineret&reg),2005-10-15 00:00:00,,Apparent on its Face|Presumption of Long-Term Non-Acute Administration,J3590,102,2026-07-08 13:35:47,UNCLASSIFIED BIOLOGICS,Unclassified biologics
53033,141,3,137,Golimumab (Simponi®),2013-09-30 00:00:00,,Apparent on its Face|Presumption of Long-Term Non-Acute Administration,J3590,102,2026-07-08 13:35:47,UNCLASSIFIED BIOLOGICS,Unclassified biologics
53033,141,3,138,"Abatacept (Orencia®)
",2013-09-30 00:00:00,,Apparent on its Face|Presumption of Long-Term Non-Acute Administration,J3590,102,2026-07-08 13:35:47,UNCLASSIFIED BIOLOGICS,Unclassified biologics
53033,141,3,139,Etanercept-SZZS (Erelzi™),2016-12-06 00:00:00,,Apparent on its Face,J3590,102,2026-07-08 13:35:47,UNCLASSIFIED BIOLOGICS,Unclassified biologics
53033,141,3,140,Asfotase-alfa (Strensiq™),2017-02-28 00:00:00,,Apparent on its Face,J3590,102,2026-07-08 13:35:47,UNCLASSIFIED BIOLOGICS,Unclassified biologics
53033,141,3,141,Ixekizumab (Taltz™),2017-02-28 00:00:00,,Apparent on its Face,J3590,102,2026-07-08 13:35:47,UNCLASSIFIED BIOLOGICS,Unclassified biologics
53033,141,3,142,Adalimumab-atto (Amjevita™),2017-02-28 00:00:00,,Apparent on its Face,J3590,102,2026-07-08 13:35:47,UNCLASSIFIED BIOLOGICS,Unclassified biologics
53033,141,3,143,Dupilumab (Dupixent),2017-08-07 00:00:00,,Apparent on its Face,J3590,102,2026-07-08 13:35:47,UNCLASSIFIED BIOLOGICS,Unclassified biologics
53033,141,3,144,Brodalumab (Siliq),2017-08-07 00:00:00,,Apparent on its Face,J3590,102,2026-07-08 13:35:47,UNCLASSIFIED BIOLOGICS,Unclassified biologics
53033,141,3,145,Secukinumab (Cosentyx) subcutaneous use,2015-06-04 00:00:00,,Apparent on its Face|Presumption of Long-Term Non-Acute Administration,J3590,102,2026-07-08 13:35:47,UNCLASSIFIED BIOLOGICS,Unclassified biologics
53033,141,3,146,ustekinumab-stba (SteQeyma)*,2025-06-01 00:00:00,,Apparent on its Face,J3590,102,2026-07-08 13:35:47,UNCLASSIFIED BIOLOGICS,Unclassified biologics
53033,141,3,147,lebrikizumab-lbkz (Ebglyss),2025-06-01 00:00:00,,Apparent on its Face,J3590,102,2026-07-08 13:35:47,UNCLASSIFIED BIOLOGICS,Unclassified biologics
53033,141,3,148,Nemolizumab-ilto (Nemluvio),2026-06-06 00:00:00,,Apparent on its Face,J3590,102,2026-07-08 13:35:47,UNCLASSIFIED BIOLOGICS,Unclassified biologics
53033,141,3,149,bimekizumab-bkzx (Bimzelx®),2026-08-29 00:00:00,,Apparent on its Face,J3590,102,2026-07-08 13:35:47,UNCLASSIFIED BIOLOGICS,Unclassified biologics
53033,141,3,150,Roferon-A&reg,2003-11-01 00:00:00,,Apparent on its Face|Presumption of Long-Term Non-Acute Administration,J9213,102,2026-07-08 13:35:47,"INJECTION, INTERFERON, ALFA-2A, RECOMBINANT, 3 MILLION UNITS",Interferon alfa-2a inj
53033,141,3,151,Actimmune&reg,2003-01-15 00:00:00,,Apparent on its Face|Presumption of Long-Term Non-Acute Administration,J9216,102,2026-07-08 13:35:47,"INJECTION, INTERFERON, GAMMA 1-B, 3 MILLION UNITS",Interferon gamma 1-b inj
53033,141,3,152,"Leuprolide Acetate, Leuprolide Acetate Inj
",2003-01-15 00:00:00,,Presumption of Long-Term Non-Acute Administration|Acceptable Evidentiary Criteria Available,J9218,102,2026-07-08 13:35:47,"LEUPROLIDE ACETATE, PER 1 MG",Leuprolide acetate injeciton
53033,141,3,153,"Geref®
",2007-04-15 00:00:00,,Apparent on its Face|Presumption of Long-Term Non-Acute Administration,Q0515,102,2026-07-08 13:35:47,"INJECTION, SERMORELIN ACETATE, 1 MICROGRAM",Sermorelin acetate injection
53033,141,3,154,"Avonex®, Avonex Pen®
",2015-06-04 00:00:00,,Apparent on its Face|Presumption of Long-Term Non-Acute Administration,Q3027,102,2026-07-08 13:35:47,"INJECTION, INTERFERON BETA-1A, 1 MCG FOR INTRAMUSCULAR USE",Inj beta interferon im 1 mcg
53033,141,3,155,Rebif®,2015-06-04 00:00:00,,Apparent on its Face|Presumption of Long-Term Non-Acute Administration,Q3028,102,2026-07-08 13:35:47,"INJECTION, INTERFERON BETA-1A, 1 MCG FOR SUBCUTANEOUS USE",Inj beta interferon sq 1 mcg
53033,141,3,156,ustekinumab-srlf (imuldosa)*,2025-07-01 00:00:00,,Apparent on its Face,Q5098,102,2026-07-08 13:35:47,"INJECTION, USTEKINUMAB-SRLF (IMULDOSA), BIOSIMILAR, 1 MG","Inj ustekinumab-srlf, 1 mg"
53033,141,3,157,ustekinumab-stba (steqeyma)*,2025-07-01 00:00:00,,Apparent on its Face,Q5099,102,2026-07-08 13:35:47,"INJECTION, USTEKINUMAB-STBA (STEQEYMA), BIOSIMILAR, 1 MG","Inj ustekinumab-stba, 1 mg"
53033,141,3,158,ustekinumab-kfce (yesintek)*,2025-07-01 00:00:00,,Apparent on its Face,Q5100,102,2026-07-08 13:35:47,"INJECTION, USTEKINUMAB-KFCE (YESINTEK), BIOSIMILAR, 1 MG","Inj ustekinumab-kfce, 1 mg"
53033,141,3,159,ustekinumab-auub (wezlana),2024-07-01 00:00:00,,Apparent on its Face,Q5137,102,2026-07-08 13:35:47,"INJECTION, USTEKINUMAB-AUUB (WEZLANA), BIOSIMILAR, SUBCUTANEOUS, 1 MG","Inj, wezlana, sub cu, 1 mg"
53033,141,3,160,adalimumab-fkjp,2025-01-01 00:00:00,,Apparent on its Face,Q5140,102,2026-07-08 13:35:47,"INJECTION, ADALIMUMAB-FKJP, BIOSIMILAR, 1 MG","Inj adalimumab-fkjp, 1 mg"
53033,141,3,161,adalimumab-aaty,2025-01-01 00:00:00,,Apparent on its Face,Q5141,102,2026-07-08 13:35:47,"INJECTION, ADALIMUMAB-AATY, BIOSIMILAR, 1 MG","Inj adalimumab-aaty, 1 mg"
53033,141,3,162,adalimumab-ryvk,2025-01-01 00:00:00,,Apparent on its Face,Q5142,102,2026-07-08 13:35:47,"INJECTION, ADALIMUMAB-RYVK BIOSIMILAR, 1 MG","Inj adalimumab-ryvk, 1 mg"
53033,141,3,163,adalimumab-adbm,2025-01-01 00:00:00,,Apparent on its Face,Q5143,102,2026-07-08 13:35:47,"INJECTION, ADALIMUMAB-ADBM, BIOSIMILAR, 1 MG","Inj adalimumab-adbm, 1 mg"
53033,141,3,164,adalimumab-aacf (idacio),2025-01-01 00:00:00,,Apparent on its Face,Q5144,102,2026-07-08 13:35:47,"INJECTION, ADALIMUMAB-AACF (IDACIO), BIOSIMILAR, 1 MG","Inj, idacio, 1 mg"
53033,141,3,165,adalimumab-afzb (abrilada),2025-01-01 00:00:00,,Apparent on its Face,Q5145,102,2026-07-08 13:35:47,"INJECTION, ADALIMUMAB-AFZB (ABRILADA), BIOSIMILAR, 1 MG","Inj, abrilada, 1 mg"
53033,141,3,166,ustekinumab-hmny (starjemza)*,2026-08-29 00:00:00,,Apparent on its Face,Q5164,102,2026-07-08 13:35:47,"INJECTION, USTEKINUMAB-HMNY (STARJEMZA), BIOSIMILAR, 1 MG","Ustekinumab-hmny, 1 mg"
53033,141,3,167,ustekinumab-ttwe (pyzchiva),2025-01-01 00:00:00,,Acceptable Evidentiary Criteria Available,Q9996,102,2026-07-08 13:35:47,"INJECTION, USTEKINUMAB-TTWE (PYZCHIVA), SUBCUTANEOUS, 1 MG",Ustekinumab- ttwe sub cu inj
53033,141,3,168,ustekinumab-aekn (selarsdi)*,2025-01-01 00:00:00,,Apparent on its Face,Q9998,102,2026-07-08 13:35:47,"INJECTION, USTEKINUMAB-AEKN (SELARSDI), BIOSIMILAR, 1 MG","Inj ustekinumab-aekn, 1 mg"
53033,141,3,169,Ustekinumab-aauz (Otulfi)*,2025-06-01 00:00:00,,Apparent on its Face,Q9999,102,2026-07-08 13:35:47,"INJECTION, USTEKINUMAB-AAUZ (OTULFI), BIOSIMILAR, 1 MG",Inj ustekinumab-aauz 1 mg
53033,141,3,170,Daclizumab (Zinbryta™),2017-02-28 00:00:00,2021-02-18 00:00:00,Apparent on its Face,C9399,102,2026-07-08 13:35:47,UNCLASSIFIED DRUGS OR BIOLOGICALS,Unclassified drugs or biolog
53033,141,3,171,Tezspire™ (tezepelumab-ekko),2022-07-17 00:00:00,2022-07-17 00:00:00,Apparent on its Face|Presumption of Long-Term Non-Acute Administration,C9399,102,2026-07-08 13:35:47,UNCLASSIFIED DRUGS OR BIOLOGICALS,Unclassified drugs or biolog
53033,141,3,172,Mirikizumab-mrkz (Omvoh™) subcutaneous use*,2024-01-14 00:00:00,2024-06-30 00:00:00,Apparent on its Face,C9399,102,2026-07-08 13:35:47,UNCLASSIFIED DRUGS OR BIOLOGICALS,Unclassified drugs or biolog
53033,141,3,173,ustekinumab-auub* (Wezlana) ,2024-03-17 00:00:00,2024-06-30 00:00:00,Apparent on its Face,C9399,102,2026-07-08 13:35:47,UNCLASSIFIED DRUGS OR BIOLOGICALS,Unclassified drugs or biolog
53033,141,3,174,Orencia (Abatacept)<br> ,2013-09-30 00:00:00,2013-09-30 00:00:00,,J0129,102,2026-07-08 13:35:47,"INJECTION, ABATACEPT, 10 MG (CODE MAY BE USED FOR MEDICARE WHEN DRUG ADMINISTERED UNDER THE DIRECT SUPERVISION OF A PHYSICIAN, NOT FOR USE WHEN DRUG IS SELF ADMINISTERED)",Abatacept injection
53033,141,3,175,Muse&reg,2003-01-15 00:00:00,2017-07-14 00:00:00,Apparent on its Face|Presumption of Long-Term Non-Acute Administration,J0275,102,2026-07-08 13:35:47,"ALPROSTADIL URETHRAL SUPPOSITORY (CODE MAY BE USED FOR MEDICARE WHEN DRUG ADMINISTERED UNDER THE DIRECT SUPERVISION OF A PHYSICIAN, NOT FOR USE WHEN DRUG IS SELF ADMINISTERED)",Alprostadil urethral suppos
53033,141,3,176,Hizentra&reg,2011-02-15 00:00:00,2020-12-31 00:00:00,Apparent on its Face|Presumption of Long-Term Non-Acute Administration,J1559,102,2026-07-08 13:35:47,"INJECTION, IMMUNE GLOBULIN (HIZENTRA), 100 MG",Hizentra injection
53033,141,3,177,Immune globulin,2016-02-11 00:00:00,2016-07-25 00:00:00,,J1575,102,2026-07-08 13:35:47,"INJECTION, IMMUNE GLOBULIN/HYALURONIDASE, (HYQVIA), 100 MG IMMUNEGLOBULIN",Hyqvia 100mg immuneglobulin
53033,141,3,178,Tremfya® ,2020-05-03 00:00:00,2020-05-03 00:00:00,Acceptable Evidentiary Criteria Available,J1628,102,2026-07-08 13:35:47,"INJECTION, GUSELKUMAB, 1 MG","Inj., guselkumab, 1 mg"
53033,141,3,179,Pasireotide long acting,2016-02-11 00:00:00,2016-10-01 00:00:00,Apparent on its Face,J2502,102,2026-07-08 13:35:47,"INJECTION, PASIREOTIDE LONG ACTING, 1 MG","Inj, pasireotide long acting"
53033,141,3,180,Regitine®,2013-09-30 00:00:00,2017-07-14 00:00:00,Apparent on its Face|Presumption of Long-Term Non-Acute Administration,J2760,102,2026-07-08 13:35:47,"INJECTION, PHENTOLAMINE MESYLATE, UP TO 5 MG",Phentolaine mesylate inj
53033,141,3,181,Stelara® subcutaneous,2020-05-03 00:00:00,2020-05-03 00:00:00,Acceptable Evidentiary Criteria Available,J3357,102,2026-07-08 13:35:47,"USTEKINUMAB, FOR SUBCUTANEOUS INJECTION, 1 MG","Ustekinumab sub cu inj, 1 mg"
53033,141,3,182,Methylnaltrexone bromide <br> ,2013-09-30 00:00:00,2017-07-14 00:00:00,Apparent on its Face|Presumption of Long-Term Non-Acute Administration,J3490,102,2026-07-08 13:35:47,UNCLASSIFIED DRUGS,Drugs unclassified injection
53033,141,3,183,Tezspire™ (tezepelumab-ekko),2022-07-17 00:00:00,2022-07-17 00:00:00,Apparent on its Face|Presumption of Long-Term Non-Acute Administration,J3490,102,2026-07-08 13:35:47,UNCLASSIFIED DRUGS,Drugs unclassified injection
53033,141,3,184,Mirikizumab-mrkz (Omvoh™) subcutaneous use*,2024-01-14 00:00:00,2024-06-30 00:00:00,Apparent on its Face,J3490,102,2026-07-08 13:35:47,UNCLASSIFIED DRUGS,Drugs unclassified injection
53033,141,3,185,ustekinumab-auub* (Wezlana),2024-03-17 00:00:00,2024-06-30 00:00:00,Apparent on its Face,J3490,102,2026-07-08 13:35:47,UNCLASSIFIED DRUGS,Drugs unclassified injection
53033,141,3,186,ustekinumab-auub* (Wezlana),2024-03-17 00:00:00,2024-06-30 00:00:00,Apparent on its Face,J3590,102,2026-07-08 13:35:47,UNCLASSIFIED BIOLOGICS,Unclassified biologics
53033,141,3,187,Mirikizumab-mrkz (Omvoh™) subcutaneous use*,2024-01-14 00:00:00,2024-06-30 00:00:00,Apparent on its Face,J3590,102,2026-07-08 13:35:47,UNCLASSIFIED BIOLOGICS,Unclassified biologics
53033,141,3,188,Tezspire™ (tezepelumab-ekko),2022-07-17 00:00:00,2022-07-17 00:00:00,Apparent on its Face|Presumption of Long-Term Non-Acute Administration,J3590,102,2026-07-08 13:35:47,UNCLASSIFIED BIOLOGICS,Unclassified biologics
53033,141,3,189,"Peginterferon Alfa 2-b,  Sylatron, Pegintron 
",2003-11-01 00:00:00,2017-06-06 00:00:00,Apparent on its Face|Presumption of Long-Term Non-Acute Administration,J3590,102,2026-07-08 13:35:47,UNCLASSIFIED BIOLOGICS,Unclassified biologics
53033,141,3,190,"efalizumab (Raptiva&reg), variable",2004-05-01 00:00:00,2017-07-14 00:00:00,Apparent on its Face|Presumption of Long-Term Non-Acute Administration,J3590,102,2026-07-08 13:35:47,UNCLASSIFIED BIOLOGICS,Unclassified biologics
53033,141,3,191,Daclizumab (Zinbryta™),2017-02-28 00:00:00,2021-02-18 00:00:00,Apparent on its Face,J3590,102,2026-07-08 13:35:47,UNCLASSIFIED BIOLOGICS,Unclassified biologics
53066,99,3,1,Skyrizi™ (risankizumab-rzaa) subcutaneous use,2022-05-15 00:00:00,,Presumption of Long-Term Non-Acute Administration,C9399,102,2026-07-09 15:36:15,UNCLASSIFIED DRUGS OR BIOLOGICALS,Unclassified drugs or biolog
53066,99,3,2,Kesimpta® (ofatumumab) subcutaneous use*,2022-07-01 00:00:00,,Apparent on its Face,C9399,102,2026-07-09 15:36:15,UNCLASSIFIED DRUGS OR BIOLOGICALS,Unclassified drugs or biolog
53066,99,3,3,Adbry™ (tralokinumab-Idrm),2022-11-01 00:00:00,,Apparent on its Face,C9399,102,2026-07-09 15:36:15,UNCLASSIFIED DRUGS OR BIOLOGICALS,Unclassified drugs or biolog
53066,99,3,4,All insulin products,2022-11-19 00:00:00,,Apparent on its Face,C9399,102,2026-07-09 15:36:15,UNCLASSIFIED DRUGS OR BIOLOGICALS,Unclassified drugs or biolog
53066,99,3,5,"Mounjaro® (tirzepatide)
Zepbound™ (tirzepatide)",2022-11-19 00:00:00,,Apparent on its Face,C9399,102,2026-07-09 15:36:15,UNCLASSIFIED DRUGS OR BIOLOGICALS,Unclassified drugs or biolog
53066,99,3,6,Idacio® (adalimumab-aacf),2023-06-25 00:00:00,,Presumption of Long-Term Non-Acute Administration,C9399,102,2026-07-09 15:36:15,UNCLASSIFIED DRUGS OR BIOLOGICALS,Unclassified drugs or biolog
53066,99,3,7,Abrilada™ (adalimumab-afzb),2023-06-25 00:00:00,,Presumption of Long-Term Non-Acute Administration,C9399,102,2026-07-09 15:36:15,UNCLASSIFIED DRUGS OR BIOLOGICALS,Unclassified drugs or biolog
53066,99,3,8,Hadlima (adalimumab-bwwd),2023-06-25 00:00:00,,Presumption of Long-Term Non-Acute Administration,C9399,102,2026-07-09 15:36:15,UNCLASSIFIED DRUGS OR BIOLOGICALS,Unclassified drugs or biolog
53066,99,3,9,Hulio® (adalimumab-fkjp),2023-06-25 00:00:00,,Presumption of Long-Term Non-Acute Administration,C9399,102,2026-07-09 15:36:15,UNCLASSIFIED DRUGS OR BIOLOGICALS,Unclassified drugs or biolog
53066,99,3,10,Hyrimoz® (adalimumab-adaz),2023-06-25 00:00:00,,Presumption of Long-Term Non-Acute Administration,C9399,102,2026-07-09 15:36:15,UNCLASSIFIED DRUGS OR BIOLOGICALS,Unclassified drugs or biolog
53066,99,3,11,Yusimry (adalimumab-aqvh),2023-06-25 00:00:00,,Presumption of Long-Term Non-Acute Administration,C9399,102,2026-07-09 15:36:15,UNCLASSIFIED DRUGS OR BIOLOGICALS,Unclassified drugs or biolog
53066,99,3,12,"Entyvio® (vedolizumab), subcutaneous use*",2024-01-14 00:00:00,,Apparent on its Face,C9399,102,2026-07-09 15:36:15,UNCLASSIFIED DRUGS OR BIOLOGICALS,Unclassified drugs or biolog
53066,99,3,13,Yuflyma® (adalimumab-aaty),2024-01-14 00:00:00,,Apparent on its Face,C9399,102,2026-07-09 15:36:15,UNCLASSIFIED DRUGS OR BIOLOGICALS,Unclassified drugs or biolog
53066,99,3,14,"Cosentyx® (secukinumab), subcutaneous use",2015-10-01 00:00:00,,Acceptable Evidentiary Criteria Available,C9399,102,2026-07-09 15:36:15,UNCLASSIFIED DRUGS OR BIOLOGICALS,Unclassified drugs or biolog
53066,99,3,15,Steqeyma® (ustekinumab-stba) subcutaneous use* ,2025-06-01 00:00:00,,Apparent on its Face,C9399,102,2026-07-09 15:36:15,UNCLASSIFIED DRUGS OR BIOLOGICALS,Unclassified drugs or biolog
53066,99,3,16,Ebglyss™ (lebrikizumab-lbkz),2025-06-01 00:00:00,,Apparent on its Face,C9399,102,2026-07-09 15:36:15,UNCLASSIFIED DRUGS OR BIOLOGICALS,Unclassified drugs or biolog
53066,99,3,17,Nemluvio (nemolizumab-ilto),2026-06-01 00:00:00,,Apparent on its Face,C9399,102,2026-07-09 15:36:15,UNCLASSIFIED DRUGS OR BIOLOGICALS,Unclassified drugs or biolog
53066,99,3,18,Bimzelx® (bimekizumab-bkzx),2026-08-29 00:00:00,,Apparent on its Face,C9399,102,2026-07-09 15:36:15,UNCLASSIFIED DRUGS OR BIOLOGICALS,Unclassified drugs or biolog
53066,99,3,19,"Abatacept, Orencia®, subcutaneous use*",2013-10-03 00:00:00,,Presumption of Long-Term Non-Acute Administration,J0129,102,2026-07-09 15:36:15,"INJECTION, ABATACEPT, 10 MG (CODE MAY BE USED FOR MEDICARE WHEN DRUG ADMINISTERED UNDER THE DIRECT SUPERVISION OF A PHYSICIAN, NOT FOR USE WHEN DRUG IS SELF ADMINISTERED)",Abatacept injection
53066,99,3,20,Humira®,2025-01-01 00:00:00,,Apparent on its Face,J0139,102,2026-07-09 15:36:15,"INJECTION, ADALIMUMAB, 1 MG","Inj, adalimumab, 1 mg"
53066,99,3,21,"Caverjet®, Edex®, Prostin VR®",2002-12-01 00:00:00,,Acceptable Evidentiary Criteria Available,J0270,102,2026-07-09 15:36:15,"INJECTION, ALPROSTADIL, 1.25 MCG (CODE MAY BE USED FOR MEDICARE WHEN DRUG ADMINISTERED UNDER THE DIRECT SUPERVISION OF A PHYSICIAN, NOT FOR USE WHEN DRUG IS SELF ADMINISTERED)",Alprostadil for injection
53066,99,3,22,Benlysta® subcutaneous use*,2019-07-20 00:00:00,,Acceptable Evidentiary Criteria Available,J0490,102,2026-07-09 15:36:15,"INJECTION, BELIMUMAB, 10 MG",Belimumab injection
53066,99,3,23,Haegarda,2019-01-01 00:00:00,,Acceptable Evidentiary Criteria Available,J0599,102,2026-07-09 15:36:15,"INJECTION, C-1 ESTERASE INHIBITOR (HUMAN), (HAEGARDA), 10 UNITS","Inj., haegarda 10 units"
53066,99,3,24,"Acthar® Gel, subcutaneous use**",2023-10-01 00:00:00,,Apparent on its Face,J0801,102,2026-07-09 15:36:15,"INJECTION, CORTICOTROPIN (ACTHAR GEL), UP TO 40 UNITS",Inj. acthar gel to 40 units
53066,99,3,25,"Purified Cortrophin Gel®, subcutaneous use**",2023-10-01 00:00:00,,Apparent on its Face,J0802,102,2026-07-09 15:36:15,"INJECTION, CORTICOTROPIN (ANI), UP TO 40 UNITS","Inj. (ani), up to 40 units"
53066,99,3,26,Fuzeon®,2002-12-01 00:00:00,,Acceptable Evidentiary Criteria Available,J1324,102,2026-07-09 15:36:15,"INJECTION, ENFUVIRTIDE, 1 MG",Enfuvirtide injection
53066,99,3,27,Enbrel®,2002-12-01 00:00:00,,Presumption of Long-Term Non-Acute Administration,J1438,102,2026-07-09 15:36:15,"INJECTION, ETANERCEPT, 25 MG (CODE MAY BE USED FOR MEDICARE WHEN DRUG ADMINISTERED UNDER THE DIRECT SUPERVISION OF A PHYSICIAN, NOT FOR USE WHEN DRUG IS SELF ADMINISTERED)",Etanercept injection
53066,99,3,28,"Copaxone®, Glatopa® ",2003-09-15 00:00:00,,Acceptable Evidentiary Criteria Available,J1595,102,2026-07-09 15:36:15,"INJECTION, GLATIRAMER ACETATE, 20 MG",Injection glatiramer acetate
53066,99,3,29,"Tremfya 1 mg, subcutaneous use*",2019-01-01 00:00:00,,Apparent on its Face,J1628,102,2026-07-09 15:36:15,"INJECTION, GUSELKUMAB, 1 MG","Inj., guselkumab, 1 mg"
53066,99,3,30,Supprelin LA®,2006-01-01 00:00:00,,Acceptable Evidentiary Criteria Available,J1675,102,2026-07-09 15:36:15,"INJECTION, HISTRELIN ACETATE, 10 MICROGRAMS",Histrelin acetate
53066,99,3,31,Firazyr®,2012-06-18 00:00:00,,Acceptable Evidentiary Criteria Available,J1744,102,2026-07-09 15:36:15,"INJECTION, ICATIBANT, 1 MG",Icatibant injection
53066,99,3,32,Zymfentra™ (infliximab-dyyb),2024-08-18 00:00:00,,Apparent on its Face,J1748,102,2026-07-09 15:36:15,"INJECTION, INFLIXIMAB-DYYB (ZYMFENTRA), 10 MG","Inj, zymfentra, 10 mg"
53066,99,3,33,All insulin products,2023-07-01 00:00:00,,Apparent on its Face,J1811,102,2026-07-09 15:36:15,"INSULIN (FIASP) FOR ADMINISTRATION THROUGH DME (I.E., INSULIN PUMP) PER 50 UNITS",Fiasp for insulin pump use
53066,99,3,34,All insulin products,2023-07-01 00:00:00,,Apparent on its Face,J1812,102,2026-07-09 15:36:15,"INSULIN (FIASP), PER 5 UNITS",Inj. insulin (fiasp)
53066,99,3,35,All insulin products,2023-07-01 00:00:00,,Apparent on its Face,J1813,102,2026-07-09 15:36:15,"INSULIN (LYUMJEV) FOR ADMINISTRATION THROUGH DME (I.E., INSULIN PUMP) PER 50 UNITS",Lyumjev for insulin pump use
53066,99,3,36,All insulin products,2023-07-01 00:00:00,,Apparent on its Face,J1814,102,2026-07-09 15:36:15,"INSULIN (LYUMJEV), PER 5 UNITS",Inj. insulin (lyumjev)
53066,99,3,37,All insulin products,2004-01-01 00:00:00,,Acceptable Evidentiary Criteria Available,J1815,102,2026-07-09 15:36:15,"INJECTION, INSULIN, PER 5 UNITS",Insulin injection
53066,99,3,38,All insulin products,2004-01-01 00:00:00,,Acceptable Evidentiary Criteria Available,J1817,102,2026-07-09 15:36:15,"INSULIN FOR ADMINISTRATION THROUGH DME (I.E., INSULIN PUMP) PER 50 UNITS",Insulin for insulin pump use
53066,99,3,39,Betaseron®,2002-12-01 00:00:00,,Acceptable Evidentiary Criteria Available,J1830,102,2026-07-09 15:36:15,"INJECTION, INTERFERON BETA-1B, 0.25 MG (CODE MAY BE USED FOR MEDICARE WHEN DRUG ADMINISTERED UNDER THE DIRECT SUPERVISION OF A PHYSICIAN, NOT FOR USE WHEN DRUG IS SELF ADMINISTERED)",Interferon beta-1b / .25 mg
53066,99,3,40,Furoscix®,2023-07-01 00:00:00,,Apparent on its Face,J1941,102,2026-07-09 15:36:15,"INJECTION, FUROSEMIDE (FUROSCIX), 20 MG","Inj, furoscix, 20 mg"
53066,99,3,41,Increlex® ,2007-07-16 00:00:00,,Acceptable Evidentiary Criteria Available,J2170,102,2026-07-09 15:36:15,"INJECTION, MECASERMIN, 1 MG",Mecasermin injection
53066,99,3,42,Relistor®,2013-09-03 00:00:00,,Acceptable Evidentiary Criteria Available,J2212,102,2026-07-09 15:36:15,"INJECTION, METHYLNALTREXONE, 0.1 MG",Methylnaltrexone injection
53066,99,3,43,"Omvoh™ (mirikizumab-mrkz), subcutaneous use*",2024-07-01 00:00:00,,Apparent on its Face,J2267,102,2026-07-09 15:36:15,"INJECTION, MIRIKIZUMAB-MRKZ, 1 MG","Inj, mirikizumab-mrkz, 1 mg"
53066,99,3,44,Sandostatin® subcutaneous use*,2003-05-01 00:00:00,,Presumption of Long-Term Non-Acute Administration,J2354,102,2026-07-09 15:36:15,"INJECTION, OCTREOTIDE, NON-DEPOT FORM FOR SUBCUTANEOUS OR INTRAVENOUS INJECTION, 25 MCG","Octreotide inj, non-depot"
53066,99,3,45,"Papaverine
(generic)",2013-09-03 00:00:00,,Acceptable Evidentiary Criteria Available,J2440,102,2026-07-09 15:36:15,"INJECTION, PAPAVERINE HCL, UP TO 60 MG",Papaverin hcl injection
53066,99,3,46,"Biotropin®, Genotropin® Nutropin®, Humatrope®, Genotropin®, Genotropin Miniquick®, Norditropin®, Nutropin®, Nutropin AQ®,  Omnitrope®, Saizen®, Saizen Somatropin RDNA Origin®, Serostim RDNA Origin®, Zorbtive®, Serostim®, Accretropin™",2002-12-01 00:00:00,,Presumption of Long-Term Non-Acute Administration,J2941,102,2026-07-09 15:36:15,"INJECTION, SOMATROPIN, 1 MG",Somatropin injection
53066,99,3,47,"Imitrex®, Imitrex Statdose Pen®, Zembrace™- SymTouch™, Alsuma™, Sumavel® DosePro®",2002-12-01 00:00:00,,Presumption of Long-Term Non-Acute Administration,J3030,102,2026-07-09 15:36:15,"INJECTION, SUMATRIPTAN SUCCINATE, 6 MG (CODE MAY BE USED FOR MEDICARE WHEN DRUG ADMINISTERED UNDER THE DIRECT SUPERVISION OF A PHYSICIAN, NOT FOR USE WHEN DRUG IS SELF ADMINISTERED)",Sumatriptan succinate / 6 mg
53066,99,3,48,Ajovy® ,2019-10-01 00:00:00,,Apparent on its Face,J3031,102,2026-07-09 15:36:15,"INJECTION, FREMANEZUMAB-VFRM, 1 MG (CODE MAY BE USED FOR MEDICARE WHEN DRUG ADMINISTERED UNDER THE DIRECT SUPERVISION OF A PHYSICIAN, NOT FOR USE WHEN DRUG IS SELF-ADMINISTERED)","Inj., fremanezumab-vfrm 1 mg"
53066,99,3,49,Stelara®,2021-10-15 00:00:00,,Acceptable Evidentiary Criteria Available,J3357,102,2026-07-09 15:36:15,"USTEKINUMAB, FOR SUBCUTANEOUS INJECTION, 1 MG","Ustekinumab sub cu inj, 1 mg"
53066,99,3,50,Victoza® (liraglutide),2013-09-03 00:00:00,,Acceptable Evidentiary Criteria Available,J3490,102,2026-07-09 15:36:15,UNCLASSIFIED DRUGS,Drugs unclassified injection
53066,99,3,51,"Tesamorelin, Egrifta®",2013-09-03 00:00:00,,Acceptable Evidentiary Criteria Available,J3490,102,2026-07-09 15:36:15,UNCLASSIFIED DRUGS,Drugs unclassified injection
53066,99,3,52,"Mipomersen sodium, Kynamro®",2013-09-03 00:00:00,,Acceptable Evidentiary Criteria Available,J3490,102,2026-07-09 15:36:15,UNCLASSIFIED DRUGS,Drugs unclassified injection
53066,99,3,53,TriMix,2013-09-03 00:00:00,,Acceptable Evidentiary Criteria Available,J3490,102,2026-07-09 15:36:15,UNCLASSIFIED DRUGS,Drugs unclassified injection
53066,99,3,54,"Peginterferon Alfa 2-b, Peg-Intron®, Peg-Intron Redipen®, Sylatron®",2003-05-01 00:00:00,,Presumption of Long-Term Non-Acute Administration,J3490,102,2026-07-09 15:36:15,UNCLASSIFIED DRUGS,Drugs unclassified injection
53066,99,3,55,"Pramlintide acetate, Symlin®, SymlinPen 60®, SymlinPen 120®",2007-07-16 00:00:00,,Acceptable Evidentiary Criteria Available,J3490,102,2026-07-09 15:36:15,UNCLASSIFIED DRUGS,Drugs unclassified injection
53066,99,3,56,"Exenatide, Byetta®, Bydureon® ",2007-07-16 00:00:00,,Acceptable Evidentiary Criteria Available,J3490,102,2026-07-09 15:36:15,UNCLASSIFIED DRUGS,Drugs unclassified injection
53066,99,3,57,"Anakinra, Kineret®  ",2003-09-15 00:00:00,,Acceptable Evidentiary Criteria Available,J3490,102,2026-07-09 15:36:15,UNCLASSIFIED DRUGS,Drugs unclassified injection
53066,99,3,58,"Albiglutide, 
Tanzeum®",2016-05-16 00:00:00,,Presumption of Long-Term Non-Acute Administration,J3490,102,2026-07-09 15:36:15,UNCLASSIFIED DRUGS,Drugs unclassified injection
53066,99,3,59,"Dulaglutide,
Trulicity®",2016-05-16 00:00:00,,Presumption of Long-Term Non-Acute Administration,J3490,102,2026-07-09 15:36:15,UNCLASSIFIED DRUGS,Drugs unclassified injection
53066,99,3,60,"Methotrexate - Solution Auto-injector Non Chemotherapeutic,
Otrexup™, 
Rasuvo®   ",2016-05-16 00:00:00,,Presumption of Long-Term Non-Acute Administration,J3490,102,2026-07-09 15:36:15,UNCLASSIFIED DRUGS,Drugs unclassified injection
53066,99,3,61,"Pasireotide,
Signifor®   ",2016-05-16 00:00:00,,Presumption of Long-Term Non-Acute Administration,J3490,102,2026-07-09 15:36:15,UNCLASSIFIED DRUGS,Drugs unclassified injection
53066,99,3,62,"Cosentyx®, secukinumab, subcutaneous use",2015-10-01 00:00:00,,Acceptable Evidentiary Criteria Available,J3490,102,2026-07-09 15:36:15,UNCLASSIFIED DRUGS,Drugs unclassified injection
53066,99,3,63,QuadMix (tri-mix+atropine),2017-07-17 00:00:00,,Apparent on its Face,J3490,102,2026-07-09 15:36:15,UNCLASSIFIED DRUGS,Drugs unclassified injection
53066,99,3,64,All insulin products,2019-07-20 00:00:00,,Apparent on its Face,J3490,102,2026-07-09 15:36:15,UNCLASSIFIED DRUGS,Drugs unclassified injection
53066,99,3,65,Cyltezo® (adalimumab-adbm),2019-07-20 00:00:00,,Presumption of Long-Term Non-Acute Administration,J3490,102,2026-07-09 15:36:15,UNCLASSIFIED DRUGS,Drugs unclassified injection
53066,99,3,66,Skyrizi™ (risankizumab-rzaa) subcutaneous use,2022-05-15 00:00:00,,Presumption of Long-Term Non-Acute Administration,J3490,102,2026-07-09 15:36:15,UNCLASSIFIED DRUGS,Drugs unclassified injection
53066,99,3,67,Kesimpta® (ofatumumab) subcutaneous use*,2022-07-01 00:00:00,,Apparent on its Face,J3490,102,2026-07-09 15:36:15,UNCLASSIFIED DRUGS,Drugs unclassified injection
53066,99,3,68,Adbry™ (tralokinumab-Idrm),2022-11-01 00:00:00,,Apparent on its Face,J3490,102,2026-07-09 15:36:15,UNCLASSIFIED DRUGS,Drugs unclassified injection
53066,99,3,69,"Mounjaro® (tirzepatide)
Zepbound™ (tirzepatide)",2022-11-19 00:00:00,,Apparent on its Face,J3490,102,2026-07-09 15:36:15,UNCLASSIFIED DRUGS,Drugs unclassified injection
53066,99,3,70,Idacio® (adalimumab-aacf),2023-06-25 00:00:00,,Presumption of Long-Term Non-Acute Administration,J3490,102,2026-07-09 15:36:15,UNCLASSIFIED DRUGS,Drugs unclassified injection
53066,99,3,71,Abrilada™ (adalimumab-afzb),2023-06-25 00:00:00,,Presumption of Long-Term Non-Acute Administration,J3490,102,2026-07-09 15:36:15,UNCLASSIFIED DRUGS,Drugs unclassified injection
53066,99,3,72,Hadlima (adalimumab-bwwd),2023-06-25 00:00:00,,Presumption of Long-Term Non-Acute Administration,J3490,102,2026-07-09 15:36:15,UNCLASSIFIED DRUGS,Drugs unclassified injection
53066,99,3,73,Hulio® (adalimumab-fkjp),2023-06-25 00:00:00,,Presumption of Long-Term Non-Acute Administration,J3490,102,2026-07-09 15:36:15,UNCLASSIFIED DRUGS,Drugs unclassified injection
53066,99,3,74,Hyrimoz® (adalimumab-adaz),2023-06-25 00:00:00,,Presumption of Long-Term Non-Acute Administration,J3490,102,2026-07-09 15:36:15,UNCLASSIFIED DRUGS,Drugs unclassified injection
53066,99,3,75,Yusimry (adalimumab-aqvh),2023-06-25 00:00:00,,Presumption of Long-Term Non-Acute Administration,J3490,102,2026-07-09 15:36:15,UNCLASSIFIED DRUGS,Drugs unclassified injection
53066,99,3,76,"Entyvio® (vedolizumab), subcutaneous use*",2024-01-14 00:00:00,,Apparent on its Face,J3490,102,2026-07-09 15:36:15,UNCLASSIFIED DRUGS,Drugs unclassified injection
53066,99,3,77,Yuflyma® (adalimumab-aaty),2024-01-14 00:00:00,,Apparent on its Face,J3490,102,2026-07-09 15:36:15,UNCLASSIFIED DRUGS,Drugs unclassified injection
53066,99,3,78,Ebglyss™ (lebrikizumab-lbkz),2025-06-01 00:00:00,,Apparent on its Face,J3490,102,2026-07-09 15:36:15,UNCLASSIFIED DRUGS,Drugs unclassified injection
53066,99,3,79,Steqeyma® (ustekinumab-stba) subcutaneous use* ,2025-06-01 00:00:00,,Apparent on its Face,J3490,102,2026-07-09 15:36:15,UNCLASSIFIED DRUGS,Drugs unclassified injection
53066,99,3,80,Nemluvio (nemolizumab-ilto),2026-06-01 00:00:00,,Apparent on its Face,J3490,102,2026-07-09 15:36:15,UNCLASSIFIED DRUGS,Drugs unclassified injection
53066,99,3,81,Bimzelx® (bimekizumab-bkzx),2026-08-29 00:00:00,,Apparent on its Face,J3490,102,2026-07-09 15:36:15,UNCLASSIFIED DRUGS,Drugs unclassified injection
53066,99,3,82,Bimzelx® (bimekizumab-bkzx),2026-08-29 00:00:00,,Apparent on its Face,J3590,102,2026-07-09 15:36:15,UNCLASSIFIED BIOLOGICS,Unclassified biologics
53066,99,3,83,Nemluvio (nemolizumab-ilto),2026-06-01 00:00:00,,Apparent on its Face,J3590,102,2026-07-09 15:36:15,UNCLASSIFIED BIOLOGICS,Unclassified biologics
53066,99,3,84,Steqeyma® (ustekinumab-stba) subcutaneous use* ,2025-06-01 00:00:00,,Apparent on its Face,J3590,102,2026-07-09 15:36:15,UNCLASSIFIED BIOLOGICS,Unclassified biologics
53066,99,3,85,Ebglyss™ (lebrikizumab-lbkz),2025-06-01 00:00:00,,Apparent on its Face,J3590,102,2026-07-09 15:36:15,UNCLASSIFIED BIOLOGICS,Unclassified biologics
53066,99,3,86,"Entyvio® (vedolizumab), subcutaneous use*",2024-01-14 00:00:00,,Apparent on its Face,J3590,102,2026-07-09 15:36:15,UNCLASSIFIED BIOLOGICS,Unclassified biologics
53066,99,3,87,Yuflyma® (adalimumab-aaty),2024-01-14 00:00:00,,Apparent on its Face,J3590,102,2026-07-09 15:36:15,UNCLASSIFIED BIOLOGICS,Unclassified biologics
53066,99,3,88,"Cosentyx® (secukinumab), subcutaneous use",2015-10-01 00:00:00,,Acceptable Evidentiary Criteria Available,J3590,102,2026-07-09 15:36:15,UNCLASSIFIED BIOLOGICS,Unclassified biologics
53066,99,3,89,Yusimry (adalimumab-aqvh),2023-06-25 00:00:00,,Presumption of Long-Term Non-Acute Administration,J3590,102,2026-07-09 15:36:15,UNCLASSIFIED BIOLOGICS,Unclassified biologics
53066,99,3,90,Hyrimoz® (adalimumab-adaz),2023-06-25 00:00:00,,Presumption of Long-Term Non-Acute Administration,J3590,102,2026-07-09 15:36:15,UNCLASSIFIED BIOLOGICS,Unclassified biologics
53066,99,3,91,Hulio® (adalimumab-fkjp),2023-06-25 00:00:00,,Presumption of Long-Term Non-Acute Administration,J3590,102,2026-07-09 15:36:15,UNCLASSIFIED BIOLOGICS,Unclassified biologics
53066,99,3,92,Hadlima (adalimumab-bwwd),2023-06-25 00:00:00,,Presumption of Long-Term Non-Acute Administration,J3590,102,2026-07-09 15:36:15,UNCLASSIFIED BIOLOGICS,Unclassified biologics
53066,99,3,93,Abrilada™ (adalimumab-afzb),2023-06-25 00:00:00,,Presumption of Long-Term Non-Acute Administration,J3590,102,2026-07-09 15:36:15,UNCLASSIFIED BIOLOGICS,Unclassified biologics
53066,99,3,94,Idacio® (adalimumab-aacf),2023-06-25 00:00:00,,Presumption of Long-Term Non-Acute Administration,J3590,102,2026-07-09 15:36:15,UNCLASSIFIED BIOLOGICS,Unclassified biologics
53066,99,3,95,"Mounjaro® (tirzepatide)
Zepbound™ (tirzepatide)",2022-11-19 00:00:00,,Apparent on its Face,J3590,102,2026-07-09 15:36:15,UNCLASSIFIED BIOLOGICS,Unclassified biologics
53066,99,3,96,Adbry™ (tralokinumab-Idrm),2022-11-01 00:00:00,,Apparent on its Face,J3590,102,2026-07-09 15:36:15,UNCLASSIFIED BIOLOGICS,Unclassified biologics
53066,99,3,97,Kesimpta® (ofatumumab) subcutaneous use*,2022-07-01 00:00:00,,Apparent on its Face,J3590,102,2026-07-09 15:36:15,UNCLASSIFIED BIOLOGICS,Unclassified biologics
53066,99,3,98,Skyrizi™ (risankizumab-rzaa) subcutaneous use,2022-05-15 00:00:00,,Presumption of Long-Term Non-Acute Administration,J3590,102,2026-07-09 15:36:15,UNCLASSIFIED BIOLOGICS,Unclassified biologics
53066,99,3,99,Emgality® (galcanezumab-gnlm),2019-07-20 00:00:00,,Presumption of Long-Term Non-Acute Administration,J3590,102,2026-07-09 15:36:15,UNCLASSIFIED BIOLOGICS,Unclassified biologics
53066,99,3,100,Tymlos® (abaloparatide),2019-07-20 00:00:00,,Apparent on its Face,J3590,102,2026-07-09 15:36:15,UNCLASSIFIED BIOLOGICS,Unclassified biologics
53066,99,3,101,Kevzara® (sarilumab),2019-07-20 00:00:00,,Acceptable Evidentiary Criteria Available,J3590,102,2026-07-09 15:36:15,UNCLASSIFIED BIOLOGICS,Unclassified biologics
53066,99,3,102,"Ozempic® (semaglutide)
Wegovy® (semaglutide)",2019-07-20 00:00:00,,Apparent on its Face,J3590,102,2026-07-09 15:36:15,UNCLASSIFIED BIOLOGICS,Unclassified biologics
53066,99,3,103,Aimovig™ (erenumab-aooe),2019-07-20 00:00:00,,Presumption of Long-Term Non-Acute Administration,J3590,102,2026-07-09 15:36:15,UNCLASSIFIED BIOLOGICS,Unclassified biologics
53066,99,3,104,Dupixent®,2017-07-17 00:00:00,,Presumption of Long-Term Non-Acute Administration,J3590,102,2026-07-09 15:36:15,UNCLASSIFIED BIOLOGICS,Unclassified biologics
53066,99,3,105,Siliq™,2017-07-17 00:00:00,,Presumption of Long-Term Non-Acute Administration,J3590,102,2026-07-09 15:36:15,UNCLASSIFIED BIOLOGICS,Unclassified biologics
53066,99,3,106,Erelzi™,2017-07-17 00:00:00,,Presumption of Long-Term Non-Acute Administration,J3590,102,2026-07-09 15:36:15,UNCLASSIFIED BIOLOGICS,Unclassified biologics
53066,99,3,107,"Ixekizumab, Taltz®",2016-11-14 00:00:00,,Presumption of Long-Term Non-Acute Administration,J3590,102,2026-07-09 15:36:15,UNCLASSIFIED BIOLOGICS,Unclassified biologics
53066,99,3,108,"Saxenda® (liraglutide)
Victoza® (liraglutide) ",2016-11-14 00:00:00,,Presumption of Long-Term Non-Acute Administration,J3590,102,2026-07-09 15:36:15,UNCLASSIFIED BIOLOGICS,Unclassified biologics
53066,99,3,109,"Metreleptin, Myalept® ",2016-11-14 00:00:00,,Presumption of Long-Term Non-Acute Administration,J3590,102,2026-07-09 15:36:15,UNCLASSIFIED BIOLOGICS,Unclassified biologics
53066,99,3,110,"Alirocumab,
Praluent®",2016-05-16 00:00:00,,Presumption of Long-Term Non-Acute Administration,J3590,102,2026-07-09 15:36:15,UNCLASSIFIED BIOLOGICS,Unclassified biologics
53066,99,3,111,"Evolcumab,
Repatha®",2016-05-16 00:00:00,,Presumption of Long-Term Non-Acute Administration,J3590,102,2026-07-09 15:36:15,UNCLASSIFIED BIOLOGICS,Unclassified biologics
53066,99,3,112,All insulin products,2016-05-16 00:00:00,,Presumption of Long-Term Non-Acute Administration,J3590,102,2026-07-09 15:36:15,UNCLASSIFIED BIOLOGICS,Unclassified biologics
53066,99,3,113,"Parathyroid Hormone,
Natpara®",2016-05-16 00:00:00,,Presumption of Long-Term Non-Acute Administration,J3590,102,2026-07-09 15:36:15,UNCLASSIFIED BIOLOGICS,Unclassified biologics
53066,99,3,114,"Peginterferon beta-1a,
Plegridy®",2016-05-16 00:00:00,,Presumption of Long-Term Non-Acute Administration,J3590,102,2026-07-09 15:36:15,UNCLASSIFIED BIOLOGICS,Unclassified biologics
53066,99,3,115,"Golimumab, Simponi®  ",2012-10-22 00:00:00,,Presumption of Long-Term Non-Acute Administration,J3590,102,2026-07-09 15:36:15,UNCLASSIFIED BIOLOGICS,Unclassified biologics
53066,99,3,116,"Pegvisomant, Somavert®  ",2007-07-16 00:00:00,,Acceptable Evidentiary Criteria Available,J3590,102,2026-07-09 15:36:15,UNCLASSIFIED BIOLOGICS,Unclassified biologics
53066,99,3,117,"Pegylated Interferon Alfa-2a,  <br> Pegasys® , Pegasys ProClick™",2013-10-03 00:00:00,,Presumption of Long-Term Non-Acute Administration,J3590,102,2026-07-09 15:36:15,UNCLASSIFIED BIOLOGICS,Unclassified biologics
53066,99,3,118,Sogroya (somapacitan-beco),2021-04-05 00:00:00,,Apparent on its Face,J3590,102,2026-07-09 15:36:15,UNCLASSIFIED BIOLOGICS,Unclassified biologics
53066,99,3,119,BESREMi® (ropeginterferon alfa-2b-njft),2022-04-24 00:00:00,,Presumption of Long-Term Non-Acute Administration,J3590,102,2026-07-09 15:36:15,UNCLASSIFIED BIOLOGICS,Unclassified biologics
53066,99,3,120,Actimmune®,2003-05-01 00:00:00,,Acceptable Evidentiary Criteria Available,J9216,102,2026-07-09 15:36:15,"INJECTION, INTERFERON, GAMMA 1-B, 3 MILLION UNITS",Interferon gamma 1-b inj
53066,99,3,121,Eligard®,2002-12-01 00:00:00,,Presumption of Long-Term Non-Acute Administration,J9218,102,2026-07-09 15:36:15,"LEUPROLIDE ACETATE, PER 1 MG",Leuprolide acetate injeciton
53066,99,3,122,Avonex Pen®,2017-07-17 00:00:00,,Presumption of Long-Term Non-Acute Administration,Q3027,102,2026-07-09 15:36:15,"INJECTION, INTERFERON BETA-1A, 1 MCG FOR INTRAMUSCULAR USE",Inj beta interferon im 1 mcg
53066,99,3,123,"Rebif®, Rebif®Rebidose",2016-05-16 00:00:00,,Presumption of Long-Term Non-Acute Administration,Q3028,102,2026-07-09 15:36:15,"INJECTION, INTERFERON BETA-1A, 1 MCG FOR SUBCUTANEOUS USE",Inj beta interferon sq 1 mcg
53066,99,3,124,Imuldosa subcutaneous use*,2025-07-01 00:00:00,,Apparent on its Face,Q5098,102,2026-07-09 15:36:15,"INJECTION, USTEKINUMAB-SRLF (IMULDOSA), BIOSIMILAR, 1 MG","Inj ustekinumab-srlf, 1 mg"
53066,99,3,125,Steqeyma® subcutaneous use*,2025-07-01 00:00:00,,Apparent on its Face,Q5099,102,2026-07-09 15:36:15,"INJECTION, USTEKINUMAB-STBA (STEQEYMA), BIOSIMILAR, 1 MG","Inj ustekinumab-stba, 1 mg"
53066,99,3,126,Yesintek™ subcutaneous use*,2025-07-01 00:00:00,,Apparent on its Face,Q5100,102,2026-07-09 15:36:15,"INJECTION, USTEKINUMAB-KFCE (YESINTEK), BIOSIMILAR, 1 MG","Inj ustekinumab-kfce, 1 mg"
53066,99,3,127,Wezlana™ (ustekinumab-auub),2024-07-01 00:00:00,,Acceptable Evidentiary Criteria Available,Q5137,102,2026-07-09 15:36:15,"INJECTION, USTEKINUMAB-AUUB (WEZLANA), BIOSIMILAR, SUBCUTANEOUS, 1 MG","Inj, wezlana, sub cu, 1 mg"
53066,99,3,128,Hulio® (adalimumab-fkjp),2025-01-01 00:00:00,,Apparent on its Face,Q5140,102,2026-07-09 15:36:15,"INJECTION, ADALIMUMAB-FKJP, BIOSIMILAR, 1 MG","Inj adalimumab-fkjp, 1 mg"
53066,99,3,129,Yuflyma® (adalimumab-aaty),2025-01-01 00:00:00,,Apparent on its Face,Q5141,102,2026-07-09 15:36:15,"INJECTION, ADALIMUMAB-AATY, BIOSIMILAR, 1 MG","Inj adalimumab-aaty, 1 mg"
53066,99,3,130,Simlandi® (adalimumab-ryvk),2025-01-01 00:00:00,,Apparent on its Face,Q5142,102,2026-07-09 15:36:15,"INJECTION, ADALIMUMAB-RYVK BIOSIMILAR, 1 MG","Inj adalimumab-ryvk, 1 mg"
53066,99,3,131,Cyltezo® (adalimumab-adbm),2025-01-01 00:00:00,,Apparent on its Face,Q5143,102,2026-07-09 15:36:15,"INJECTION, ADALIMUMAB-ADBM, BIOSIMILAR, 1 MG","Inj adalimumab-adbm, 1 mg"
53066,99,3,132,Idacio® (adalimumab-aacf),2025-01-01 00:00:00,,Apparent on its Face,Q5144,102,2026-07-09 15:36:15,"INJECTION, ADALIMUMAB-AACF (IDACIO), BIOSIMILAR, 1 MG","Inj, idacio, 1 mg"
53066,99,3,133,Abrilada™ (adalimumab-afzb),2025-01-01 00:00:00,,Apparent on its Face,Q5145,102,2026-07-09 15:36:15,"INJECTION, ADALIMUMAB-AFZB (ABRILADA), BIOSIMILAR, 1 MG","Inj, abrilada, 1 mg"
53066,99,3,134,Starjemza™ (ustekinumab-hmny) subcutaneous use*,2026-07-01 00:00:00,,Apparent on its Face,Q5164,102,2026-07-09 15:36:15,"INJECTION, USTEKINUMAB-HMNY (STARJEMZA), BIOSIMILAR, 1 MG","Ustekinumab-hmny, 1 mg"
53066,99,3,135,Pyzchiva® (ustekinumab-ttwe),2025-01-01 00:00:00,,Apparent on its Face,Q9996,102,2026-07-09 15:36:15,"INJECTION, USTEKINUMAB-TTWE (PYZCHIVA), SUBCUTANEOUS, 1 MG",Ustekinumab- ttwe sub cu inj
53066,99,3,136,Selarsdi™ (ustekinumab-aekn) subcutaneous use*,2025-01-01 00:00:00,,Apparent on its Face,Q9998,102,2026-07-09 15:36:15,"INJECTION, USTEKINUMAB-AEKN (SELARSDI), BIOSIMILAR, 1 MG","Inj ustekinumab-aekn, 1 mg"
53066,99,3,137,Otulfi (ustekinumab-aauz) subcutaneous use*,2025-04-01 00:00:00,,Apparent on its Face,Q9999,102,2026-07-09 15:36:15,"INJECTION, USTEKINUMAB-AAUZ (OTULFI), BIOSIMILAR, 1 MG",Inj ustekinumab-aauz 1 mg
53066,99,3,138,Muse®,2010-10-29 00:00:00,2017-07-17 00:00:00,Acceptable Evidentiary Criteria Available,J0275,102,2026-07-09 15:36:15,"ALPROSTADIL URETHRAL SUPPOSITORY (CODE MAY BE USED FOR MEDICARE WHEN DRUG ADMINISTERED UNDER THE DIRECT SUPERVISION OF A PHYSICIAN, NOT FOR USE WHEN DRUG IS SELF ADMINISTERED)",Alprostadil urethral suppos
53066,99,3,139,Apokyn,2012-10-22 00:00:00,2013-09-03 00:00:00,,J0364,102,2026-07-09 15:36:15,"INJECTION, APOMORPHINE HYDROCHLORIDE, 1 MG",Apomorphine hydrochloride
53066,99,3,140,Sensipar®,2018-01-01 00:00:00,2018-08-06 00:00:00,Presumption of Long-Term Non-Acute Administration,J0604,102,2026-07-09 15:36:15,"CINACALCET, ORAL, 1 MG, (FOR ESRD ON DIALYSIS)","Cinacalcet, esrd on dialysis"
53066,99,3,141,"Calcimar®, Miacalcin®",2002-12-01 00:00:00,2017-07-17 00:00:00,Acceptable Evidentiary Criteria Available,J0630,102,2026-07-09 15:36:15,"INJECTION, CALCITONIN SALMON, UP TO 400 UNITS",Calcitonin salmon injection
53066,99,3,142,Hizentra®,2013-11-18 00:00:00,2020-12-31 00:00:00,Acceptable Evidentiary Criteria Available,J1559,102,2026-07-09 15:36:15,"INJECTION, IMMUNE GLOBULIN (HIZENTRA), 100 MG",Hizentra injection
53066,99,3,143,Immune globulin <br> Hizentra,2013-09-03 00:00:00,2013-09-03 00:00:00,,J1559,102,2026-07-09 15:36:15,"INJECTION, IMMUNE GLOBULIN (HIZENTRA), 100 MG",Hizentra injection
53066,99,3,144,HyQvia,2016-11-14 00:00:00,2018-08-06 00:00:00,Presumption of Long-Term Non-Acute Administration,J1575,102,2026-07-09 15:36:15,"INJECTION, IMMUNE GLOBULIN/HYALURONIDASE, (HYQVIA), 100 MG IMMUNEGLOBULIN",Hyqvia 100mg immuneglobulin
53066,99,3,145,Regitine®,2013-09-03 00:00:00,2017-07-17 00:00:00,Acceptable Evidentiary Criteria Available,J2760,102,2026-07-09 15:36:15,"INJECTION, PHENTOLAMINE MESYLATE, UP TO 5 MG",Phentolaine mesylate inj
53066,99,3,146,Forteo®,2003-05-01 00:00:00,2017-07-17 00:00:00,Acceptable Evidentiary Criteria Available,J3110,102,2026-07-09 15:36:15,"INJECTION, TERIPARATIDE, 10 MCG",Teriparatide injection
53066,99,3,147,Actemra®,2017-07-17 00:00:00,2017-07-03 00:00:00,Presumption of Long-Term Non-Acute Administration,J3262,102,2026-07-09 15:36:15,"INJECTION, TOCILIZUMAB, 1 MG",Tocilizumab injection
53066,99,3,148,"Nitroglycerine Lingual spray,
Nitrolingual®, 
Nitromist®",2016-05-16 00:00:00,2017-07-17 00:00:00,Apparent on its Face|Acceptable Evidentiary Criteria Available,J3490,102,2026-07-09 15:36:15,UNCLASSIFIED DRUGS,Drugs unclassified injection
53066,99,3,149,Haegarda®,2017-10-02 00:00:00,2019-02-09 00:00:00,Acceptable Evidentiary Criteria Available,J3490,102,2026-07-09 15:36:15,UNCLASSIFIED DRUGS,Drugs unclassified injection
53066,99,3,150,Wezlana™ (ustekinumab-auub) subcutaneous use*,2024-03-16 00:00:00,2024-06-30 00:00:00,Acceptable Evidentiary Criteria Available,J3490,102,2026-07-09 15:36:15,UNCLASSIFIED DRUGS,Drugs unclassified injection
53066,99,3,151,Wezlana™ (ustekinumab-auub) subcutaneous use*,2024-03-16 00:00:00,2024-06-30 00:00:00,Acceptable Evidentiary Criteria Available,J3590,102,2026-07-09 15:36:15,UNCLASSIFIED BIOLOGICS,Unclassified biologics
53066,99,3,152,"Omvoh™ (mirikizumab-mrkz), subcutaneous use*",2024-01-14 00:00:00,2024-06-30 00:00:00,Apparent on its Face,J3590,102,2026-07-09 15:36:15,UNCLASSIFIED BIOLOGICS,Unclassified biologics
53066,99,3,153,Zinbryta®,2017-07-17 00:00:00,2020-07-15 00:00:00,Presumption of Long-Term Non-Acute Administration,J3590,102,2026-07-09 15:36:15,UNCLASSIFIED BIOLOGICS,Unclassified biologics
53066,99,3,154,"Efalizumab, Raptiva®",2007-07-16 00:00:00,2009-04-08 00:00:00,,J3590,102,2026-07-09 15:36:15,UNCLASSIFIED BIOLOGICS,Unclassified biologics
53066,99,3,155,Actemra®,2017-07-03 00:00:00,2020-07-15 00:00:00,Presumption of Long-Term Non-Acute Administration,J3590,102,2026-07-09 15:36:15,UNCLASSIFIED BIOLOGICS,Unclassified biologics
53066,99,3,156,Tezspire™ (tezepelumab-ekko).,2022-07-01 00:00:00,2022-07-01 00:00:00,Apparent on its Face,J3590,102,2026-07-09 15:36:15,UNCLASSIFIED BIOLOGICS,Unclassified biologics
53066,99,3,157,Roferon-A®,2012-06-18 00:00:00,2016-03-23 00:00:00,,J9213,102,2026-07-09 15:36:15,"INJECTION, INTERFERON, ALFA-2A, RECOMBINANT, 3 MILLION UNITS",Interferon alfa-2a inj
53066,99,3,158,Sermorelin,2007-07-16 00:00:00,2017-03-23 00:00:00,Acceptable Evidentiary Criteria Available,Q0515,102,2026-07-09 15:36:15,"INJECTION, SERMORELIN ACETATE, 1 MICROGRAM",Sermorelin acetate injection
53066,99,3,159,XX000,2014-01-01 00:00:00,2014-01-01 00:00:00,,XX000,102,2026-07-09 15:36:15,Not Applicable,Not Applicable
53066,99,3,160,XX000,2014-01-01 00:00:00,2014-01-01 00:00:00,,XX000,102,2026-07-09 15:36:15,Not Applicable,Not Applicable
53066,99,3,161,XX000,2014-01-01 00:00:00,2014-01-01 00:00:00,,XX000,102,2026-07-09 15:36:15,Not Applicable,Not Applicable
53066,99,3,162,xx000,2012-11-19 00:00:00,2012-11-29 00:00:00,,XX000,102,2026-07-09 15:36:15,Not Applicable,Not Applicable
53127,193,3,1,Amjevita (adalimumab-atto),2017-08-28 00:00:00,,Apparent on its Face,C9399,102,2026-07-10 13:46:04,UNCLASSIFIED DRUGS OR BIOLOGICALS,Unclassified drugs or biolog
53127,193,3,2,"Pegasys, Pegasys Proclick (peginterferon alfa-2a)
",2016-03-17 00:00:00,,Apparent on its Face,C9399,102,2026-07-10 13:46:04,UNCLASSIFIED DRUGS OR BIOLOGICALS,Unclassified drugs or biolog
53127,193,3,3,Sylatron (peginterferon alfa-2b),2016-03-17 00:00:00,,Apparent on its Face,C9399,102,2026-07-10 13:46:04,UNCLASSIFIED DRUGS OR BIOLOGICALS,Unclassified drugs or biolog
53127,193,3,4,TriMix,2016-03-17 00:00:00,,Apparent on its Face,C9399,102,2026-07-10 13:46:04,UNCLASSIFIED DRUGS OR BIOLOGICALS,Unclassified drugs or biolog
53127,193,3,5,Bydureon (exenatide extended release for injectable suspension),2015-10-01 00:00:00,,Apparent on its Face,C9399,102,2026-07-10 13:46:04,UNCLASSIFIED DRUGS OR BIOLOGICALS,Unclassified drugs or biolog
53127,193,3,6,Byetta (exenatide injection),2015-10-01 00:00:00,,Apparent on its Face,C9399,102,2026-07-10 13:46:04,UNCLASSIFIED DRUGS OR BIOLOGICALS,Unclassified drugs or biolog
53127,193,3,7,Tanzeum 30mg (albiglutide for subcutaneous injection),2015-10-01 00:00:00,,Apparent on its Face,C9399,102,2026-07-10 13:46:04,UNCLASSIFIED DRUGS OR BIOLOGICALS,Unclassified drugs or biolog
53127,193,3,8,Victoza (liraglutide),2015-10-01 00:00:00,,Apparent on its Face,C9399,102,2026-07-10 13:46:04,UNCLASSIFIED DRUGS OR BIOLOGICALS,Unclassified drugs or biolog
53127,193,3,9, Signifor (pasireotide),2015-10-01 00:00:00,,Apparent on its Face,C9399,102,2026-07-10 13:46:04,UNCLASSIFIED DRUGS OR BIOLOGICALS,Unclassified drugs or biolog
53127,193,3,10,Myalept 11mg (metreleptin for injection),2015-10-01 00:00:00,,Apparent on its Face,C9399,102,2026-07-10 13:46:04,UNCLASSIFIED DRUGS OR BIOLOGICALS,Unclassified drugs or biolog
53127,193,3,11,Kineret 100mg (anakinra),2016-10-24 00:00:00,,Apparent on its Face,C9399,102,2026-07-10 13:46:04,UNCLASSIFIED DRUGS OR BIOLOGICALS,Unclassified drugs or biolog
53127,193,3,12,Symlin (pramlintide acetate injection),2016-10-24 00:00:00,,Apparent on its Face,C9399,102,2026-07-10 13:46:04,UNCLASSIFIED DRUGS OR BIOLOGICALS,Unclassified drugs or biolog
53127,193,3,13,PegIntron (pegylated interferon alfa-2b),2016-10-24 00:00:00,,Apparent on its Face,C9399,102,2026-07-10 13:46:04,UNCLASSIFIED DRUGS OR BIOLOGICALS,Unclassified drugs or biolog
53127,193,3,14,Somavert (pegvisomant),2016-10-24 00:00:00,,Apparent on its Face,C9399,102,2026-07-10 13:46:04,UNCLASSIFIED DRUGS OR BIOLOGICALS,Unclassified drugs or biolog
53127,193,3,15,Cosentyx (secukinumab),2016-10-24 00:00:00,,Apparent on its Face,C9399,102,2026-07-10 13:46:04,UNCLASSIFIED DRUGS OR BIOLOGICALS,Unclassified drugs or biolog
53127,193,3,16,Otrexup (methotrexate injection),2016-10-24 00:00:00,,Apparent on its Face,C9399,102,2026-07-10 13:46:04,UNCLASSIFIED DRUGS OR BIOLOGICALS,Unclassified drugs or biolog
53127,193,3,17,Saxenda (liraglutide),2016-10-24 00:00:00,,Apparent on its Face,C9399,102,2026-07-10 13:46:04,UNCLASSIFIED DRUGS OR BIOLOGICALS,Unclassified drugs or biolog
53127,193,3,18,Toujeo (insulin glargine injection),2016-10-24 00:00:00,,Apparent on its Face,C9399,102,2026-07-10 13:46:04,UNCLASSIFIED DRUGS OR BIOLOGICALS,Unclassified drugs or biolog
53127,193,3,19,Trulicity (dulaglutide),2016-10-24 00:00:00,,Apparent on its Face,C9399,102,2026-07-10 13:46:04,UNCLASSIFIED DRUGS OR BIOLOGICALS,Unclassified drugs or biolog
53127,193,3,20,Plegridy (peginterferon beta-1a),2016-10-24 00:00:00,,Apparent on its Face,C9399,102,2026-07-10 13:46:04,UNCLASSIFIED DRUGS OR BIOLOGICALS,Unclassified drugs or biolog
53127,193,3,21,Egrifta (tesamorelin),2016-10-24 00:00:00,,Presumption of Long-Term Non-Acute Administration,C9399,102,2026-07-10 13:46:04,UNCLASSIFIED DRUGS OR BIOLOGICALS,Unclassified drugs or biolog
53127,193,3,22,Strensiq (asfotase alfa),2016-10-24 00:00:00,,Apparent on its Face,C9399,102,2026-07-10 13:46:04,UNCLASSIFIED DRUGS OR BIOLOGICALS,Unclassified drugs or biolog
53127,193,3,23,Simponi (golimumab),2016-10-24 00:00:00,,Presumption of Long-Term Non-Acute Administration,C9399,102,2026-07-10 13:46:04,UNCLASSIFIED DRUGS OR BIOLOGICALS,Unclassified drugs or biolog
53127,193,3,24,Praluent (alirocumab),2016-10-24 00:00:00,,Apparent on its Face,C9399,102,2026-07-10 13:46:04,UNCLASSIFIED DRUGS OR BIOLOGICALS,Unclassified drugs or biolog
53127,193,3,25,Repatha (evolocumab),2016-10-24 00:00:00,,Apparent on its Face,C9399,102,2026-07-10 13:46:04,UNCLASSIFIED DRUGS OR BIOLOGICALS,Unclassified drugs or biolog
53127,193,3,26,Natpara (parathyroid hormone),2016-10-24 00:00:00,,Apparent on its Face,C9399,102,2026-07-10 13:46:04,UNCLASSIFIED DRUGS OR BIOLOGICALS,Unclassified drugs or biolog
53127,193,3,27,Rebif 1 mcg (interferon beta-1a),2016-10-24 00:00:00,,Apparent on its Face,C9399,102,2026-07-10 13:46:04,UNCLASSIFIED DRUGS OR BIOLOGICALS,Unclassified drugs or biolog
53127,193,3,28,Taltz (ixekizumab),2016-10-24 00:00:00,,Apparent on its Face,C9399,102,2026-07-10 13:46:04,UNCLASSIFIED DRUGS OR BIOLOGICALS,Unclassified drugs or biolog
53127,193,3,29,Dupixent (dupilumab),2017-08-28 00:00:00,,Apparent on its Face,C9399,102,2026-07-10 13:46:04,UNCLASSIFIED DRUGS OR BIOLOGICALS,Unclassified drugs or biolog
53127,193,3,30,Erelzi (etanercept-SZZS),2017-08-28 00:00:00,,Apparent on its Face,C9399,102,2026-07-10 13:46:04,UNCLASSIFIED DRUGS OR BIOLOGICALS,Unclassified drugs or biolog
53127,193,3,31,"Kynamro (mipomersen sodium)
",2017-08-28 00:00:00,,Apparent on its Face,C9399,102,2026-07-10 13:46:04,UNCLASSIFIED DRUGS OR BIOLOGICALS,Unclassified drugs or biolog
53127,193,3,32,"Orencia, subcutaneous* ",2017-08-28 00:00:00,,Apparent on its Face,C9399,102,2026-07-10 13:46:04,UNCLASSIFIED DRUGS OR BIOLOGICALS,Unclassified drugs or biolog
53127,193,3,33,Quad-Mix,2017-08-28 00:00:00,,Apparent on its Face,C9399,102,2026-07-10 13:46:04,UNCLASSIFIED DRUGS OR BIOLOGICALS,Unclassified drugs or biolog
53127,193,3,34,"Rasuvo (methotrexate, injection for subcutaneous use)",2017-08-28 00:00:00,,Apparent on its Face,C9399,102,2026-07-10 13:46:04,UNCLASSIFIED DRUGS OR BIOLOGICALS,Unclassified drugs or biolog
53127,193,3,35,Siliq (brodalumab),2017-08-28 00:00:00,,Apparent on its Face,C9399,102,2026-07-10 13:46:04,UNCLASSIFIED DRUGS OR BIOLOGICALS,Unclassified drugs or biolog
53127,193,3,36,Aimovig (erenumab-aooe),2019-12-02 00:00:00,,Apparent on its Face,C9399,102,2026-07-10 13:46:04,UNCLASSIFIED DRUGS OR BIOLOGICALS,Unclassified drugs or biolog
53127,193,3,37,Emgality (galcanezumab-gnlm),2019-12-02 00:00:00,,Apparent on its Face,C9399,102,2026-07-10 13:46:04,UNCLASSIFIED DRUGS OR BIOLOGICALS,Unclassified drugs or biolog
53127,193,3,38,Kevzara (sarilumab),2019-12-02 00:00:00,,Apparent on its Face,C9399,102,2026-07-10 13:46:04,UNCLASSIFIED DRUGS OR BIOLOGICALS,Unclassified drugs or biolog
53127,193,3,39,Ozempic (semaglutide),2019-12-02 00:00:00,,Apparent on its Face,C9399,102,2026-07-10 13:46:04,UNCLASSIFIED DRUGS OR BIOLOGICALS,Unclassified drugs or biolog
53127,193,3,40,Tymlos (abaloparatide),2019-12-02 00:00:00,,Apparent on its Face,C9399,102,2026-07-10 13:46:04,UNCLASSIFIED DRUGS OR BIOLOGICALS,Unclassified drugs or biolog
53127,193,3,41,Lantus (insulin glargine injection),2019-12-02 00:00:00,,Apparent on its Face,C9399,102,2026-07-10 13:46:04,UNCLASSIFIED DRUGS OR BIOLOGICALS,Unclassified drugs or biolog
53127,193,3,42,Cyltezo (adalimumab-adbm),2019-12-02 00:00:00,,Apparent on its Face,C9399,102,2026-07-10 13:46:04,UNCLASSIFIED DRUGS OR BIOLOGICALS,Unclassified drugs or biolog
53127,193,3,43,"Besremi (ropeginterferon alfa-2b, injection for subcutaneous use)",2022-06-06 00:00:00,,Apparent on its Face,C9399,102,2026-07-10 13:46:04,UNCLASSIFIED DRUGS OR BIOLOGICALS,Unclassified drugs or biolog
53127,193,3,44,"Skyrizi (risankizumab-rzaa, injection for subcutaneous use)",2022-06-06 00:00:00,,Apparent on its Face,C9399,102,2026-07-10 13:46:04,UNCLASSIFIED DRUGS OR BIOLOGICALS,Unclassified drugs or biolog
53127,193,3,45,"Sogroya (somapacitan-beco, injection for subcutaneous use)",2022-06-06 00:00:00,,Apparent on its Face,C9399,102,2026-07-10 13:46:04,UNCLASSIFIED DRUGS OR BIOLOGICALS,Unclassified drugs or biolog
53127,193,3,46,"Kesimpta* (ofatumumab, injection for subcutaneous use)",2022-09-19 00:00:00,,Apparent on its Face,C9399,102,2026-07-10 13:46:04,UNCLASSIFIED DRUGS OR BIOLOGICALS,Unclassified drugs or biolog
53127,193,3,47,Adbry (tralokinumab-idrm) ,2022-11-14 00:00:00,,Apparent on its Face,C9399,102,2026-07-10 13:46:04,UNCLASSIFIED DRUGS OR BIOLOGICALS,Unclassified drugs or biolog
53127,193,3,48,Mounjaro (tirzepatide),2023-03-27 00:00:00,,Apparent on its Face,C9399,102,2026-07-10 13:46:04,UNCLASSIFIED DRUGS OR BIOLOGICALS,Unclassified drugs or biolog
53127,193,3,49,Idacio (adalimumab-aacf),2023-06-25 00:00:00,,Apparent on its Face,C9399,102,2026-07-10 13:46:04,UNCLASSIFIED DRUGS OR BIOLOGICALS,Unclassified drugs or biolog
53127,193,3,50,Abrilada (adalimumab-afzb) is biosimilar to HUMIRA Humira (adalimumab),2023-06-25 00:00:00,,Apparent on its Face,C9399,102,2026-07-10 13:46:04,UNCLASSIFIED DRUGS OR BIOLOGICALS,Unclassified drugs or biolog
53127,193,3,51,Hadlima (adalimumab-bwwd) is biosimilar to Humira (adalimumab),2023-06-25 00:00:00,,Apparent on its Face,C9399,102,2026-07-10 13:46:04,UNCLASSIFIED DRUGS OR BIOLOGICALS,Unclassified drugs or biolog
53127,193,3,52,"Hulio (adalimumab-fkjp) is biosimilar to Humira (adalimumab)

",2023-06-25 00:00:00,,Apparent on its Face,C9399,102,2026-07-10 13:46:04,UNCLASSIFIED DRUGS OR BIOLOGICALS,Unclassified drugs or biolog
53127,193,3,53,Hyrimoz (adalimumab-adaz) is biosimilar to Humira (adalimumab),2023-06-25 00:00:00,,Apparent on its Face,C9399,102,2026-07-10 13:46:04,UNCLASSIFIED DRUGS OR BIOLOGICALS,Unclassified drugs or biolog
53127,193,3,54,Yusimry (adalimumab-aqvh) is biosimilar to Humira (adalimumab),2023-06-25 00:00:00,,Apparent on its Face,C9399,102,2026-07-10 13:46:04,UNCLASSIFIED DRUGS OR BIOLOGICALS,Unclassified drugs or biolog
53127,193,3,55,Entyvio (vedolizumab),2024-01-14 00:00:00,,Apparent on its Face,C9399,102,2026-07-10 13:46:04,UNCLASSIFIED DRUGS OR BIOLOGICALS,Unclassified drugs or biolog
53127,193,3,56,Yuflyma (adalimumab-aaty),2024-01-14 00:00:00,,Apparent on its Face,C9399,102,2026-07-10 13:46:04,UNCLASSIFIED DRUGS OR BIOLOGICALS,Unclassified drugs or biolog
53127,193,3,57,Wegovy (semaglutide),2024-06-30 00:00:00,,Apparent on its Face,C9399,102,2026-07-10 13:46:04,UNCLASSIFIED DRUGS OR BIOLOGICALS,Unclassified drugs or biolog
53127,193,3,58,Zepbound (tirzepatide),2024-06-30 00:00:00,,Apparent on its Face,C9399,102,2026-07-10 13:46:04,UNCLASSIFIED DRUGS OR BIOLOGICALS,Unclassified drugs or biolog
53127,193,3,59,Ebglyss (lebrikizumab-lbkz),2025-06-01 00:00:00,,Apparent on its Face,C9399,102,2026-07-10 13:46:04,UNCLASSIFIED DRUGS OR BIOLOGICALS,Unclassified drugs or biolog
53127,193,3,60,Nemluvio (nemolizumab-ilto),2026-06-15 00:00:00,,Apparent on its Face,C9399,102,2026-07-10 13:46:04,UNCLASSIFIED DRUGS OR BIOLOGICALS,Unclassified drugs or biolog
53127,193,3,61,Bimzelx (bimekizumab-bkzx),2026-08-30 00:00:00,,Apparent on its Face,C9399,102,2026-07-10 13:46:04,UNCLASSIFIED DRUGS OR BIOLOGICALS,Unclassified drugs or biolog
53127,193,3,62,"Orencia, subcutaneous*",2019-12-02 00:00:00,,Apparent on its Face,J0129,102,2026-07-10 13:46:04,"INJECTION, ABATACEPT, 10 MG (CODE MAY BE USED FOR MEDICARE WHEN DRUG ADMINISTERED UNDER THE DIRECT SUPERVISION OF A PHYSICIAN, NOT FOR USE WHEN DRUG IS SELF ADMINISTERED)",Abatacept injection
53127,193,3,63,Humira (adalimumab),2025-03-16 00:00:00,,Apparent on its Face,J0139,102,2026-07-10 13:46:04,"INJECTION, ADALIMUMAB, 1 MG","Inj, adalimumab, 1 mg"
53127,193,3,64,"Caverject, Edex, Prostaglandin E1",2012-08-13 00:00:00,,Apparent on its Face,J0270,102,2026-07-10 13:46:04,"INJECTION, ALPROSTADIL, 1.25 MCG (CODE MAY BE USED FOR MEDICARE WHEN DRUG ADMINISTERED UNDER THE DIRECT SUPERVISION OF A PHYSICIAN, NOT FOR USE WHEN DRUG IS SELF ADMINISTERED)",Alprostadil for injection
53127,193,3,65,Muse,2012-08-13 00:00:00,,Apparent on its Face,J0275,102,2026-07-10 13:46:04,"ALPROSTADIL URETHRAL SUPPOSITORY (CODE MAY BE USED FOR MEDICARE WHEN DRUG ADMINISTERED UNDER THE DIRECT SUPERVISION OF A PHYSICIAN, NOT FOR USE WHEN DRUG IS SELF ADMINISTERED)",Alprostadil urethral suppos
53127,193,3,66,Apokyn,2017-08-28 00:00:00,,Apparent on its Face,J0364,102,2026-07-10 13:46:04,"INJECTION, APOMORPHINE HYDROCHLORIDE, 1 MG",Apomorphine hydrochloride
53127,193,3,67,Benlysta (belimumab) subcutaneous use*,2019-12-02 00:00:00,,Apparent on its Face,J0490,102,2026-07-10 13:46:04,"INJECTION, BELIMUMAB, 10 MG",Belimumab injection
53127,193,3,68,Takhzyro (lanadelumab-flyo),2019-12-02 00:00:00,,Apparent on its Face,J0593,102,2026-07-10 13:46:04,"INJECTION, LANADELUMAB-FLYO, 1 MG (CODE MAY BE USED FOR MEDICARE WHEN DRUG ADMINISTERED UNDER DIRECT SUPERVISION OF A PHYSICIAN, NOT FOR USE WHEN DRUG IS SELF-ADMINISTERED)","Inj., lanadelumab-flyo, 1 mg"
53127,193,3,69,"Haegarda (injection, c-1 esterase inhibitor [human]) ",2019-01-01 00:00:00,,Apparent on its Face,J0599,102,2026-07-10 13:46:04,"INJECTION, C-1 ESTERASE INHIBITOR (HUMAN), (HAEGARDA), 10 UNITS","Inj., haegarda 10 units"
53127,193,3,70,"Miacalcin, Fortical",2012-08-13 00:00:00,,Apparent on its Face,J0630,102,2026-07-10 13:46:04,"INJECTION, CALCITONIN SALMON, UP TO 400 UNITS",Calcitonin salmon injection
53127,193,3,71,"Acthar Gel, subcutaneous*",2023-10-01 00:00:00,,Apparent on its Face,J0801,102,2026-07-10 13:46:04,"INJECTION, CORTICOTROPIN (ACTHAR GEL), UP TO 40 UNITS",Inj. acthar gel to 40 units
53127,193,3,72,"Purified Cortrophin Gel, subcutaneous*",2023-10-01 00:00:00,,Apparent on its Face,J0802,102,2026-07-10 13:46:04,"INJECTION, CORTICOTROPIN (ANI), UP TO 40 UNITS","Inj. (ani), up to 40 units"
53127,193,3,73,Fuzeon,2012-08-13 00:00:00,,Apparent on its Face,J1324,102,2026-07-10 13:46:04,"INJECTION, ENFUVIRTIDE, 1 MG",Enfuvirtide injection
53127,193,3,74,Enbrel,2012-08-13 00:00:00,,Apparent on its Face,J1438,102,2026-07-10 13:46:04,"INJECTION, ETANERCEPT, 25 MG (CODE MAY BE USED FOR MEDICARE WHEN DRUG ADMINISTERED UNDER THE DIRECT SUPERVISION OF A PHYSICIAN, NOT FOR USE WHEN DRUG IS SELF ADMINISTERED)",Etanercept injection
53127,193,3,75,"Copaxone, Glatopa",2012-08-13 00:00:00,,Apparent on its Face,J1595,102,2026-07-10 13:46:04,"INJECTION, GLATIRAMER ACETATE, 20 MG",Injection glatiramer acetate
53127,193,3,76,Tremfya (guselkumab)*,2022-06-06 00:00:00,,Acceptable Evidentiary Criteria Available,J1628,102,2026-07-10 13:46:04,"INJECTION, GUSELKUMAB, 1 MG","Inj., guselkumab, 1 mg"
53127,193,3,77,"Firazyr (icatibant)
",2015-10-01 00:00:00,,Apparent on its Face,J1744,102,2026-07-10 13:46:04,"INJECTION, ICATIBANT, 1 MG",Icatibant injection
53127,193,3,78,Zymfentra (infliximab-dyyb) ,2024-09-01 00:00:00,,Apparent on its Face,J1748,102,2026-07-10 13:46:04,"INJECTION, INFLIXIMAB-DYYB (ZYMFENTRA), 10 MG","Inj, zymfentra, 10 mg"
53127,193,3,79,Fiasp for insulin pump use,2023-09-03 00:00:00,,Apparent on its Face,J1811,102,2026-07-10 13:46:04,"INSULIN (FIASP) FOR ADMINISTRATION THROUGH DME (I.E., INSULIN PUMP) PER 50 UNITS",Fiasp for insulin pump use
53127,193,3,80,Fiasp injection*,2023-09-03 00:00:00,,Apparent on its Face,J1812,102,2026-07-10 13:46:04,"INSULIN (FIASP), PER 5 UNITS",Inj. insulin (fiasp)
53127,193,3,81,Lyumjev for insulin pump use,2023-09-03 00:00:00,,Apparent on its Face,J1813,102,2026-07-10 13:46:04,"INSULIN (LYUMJEV) FOR ADMINISTRATION THROUGH DME (I.E., INSULIN PUMP) PER 50 UNITS",Lyumjev for insulin pump use
53127,193,3,82,Lyumjev injection* ,2023-09-03 00:00:00,,Apparent on its Face,J1814,102,2026-07-10 13:46:04,"INSULIN (LYUMJEV), PER 5 UNITS",Inj. insulin (lyumjev)
53127,193,3,83,"Humalog, Humulin, Lantus, Novolin, Novolog, etc. ",2012-08-13 00:00:00,,Apparent on its Face,J1815,102,2026-07-10 13:46:04,"INJECTION, INSULIN, PER 5 UNITS",Insulin injection
53127,193,3,84,"Lispro, Humalog, etc.",2012-08-13 00:00:00,,Apparent on its Face,J1817,102,2026-07-10 13:46:04,"INSULIN FOR ADMINISTRATION THROUGH DME (I.E., INSULIN PUMP) PER 50 UNITS",Insulin for insulin pump use
53127,193,3,85,Avonex,2022-06-06 00:00:00,,Apparent on its Face,J1826,102,2026-07-10 13:46:04,"INJECTION, INTERFERON BETA-1A, 30 MCG",Interferon beta-1a inj
53127,193,3,86,"Betaseron, Extavia",2012-08-13 00:00:00,,Apparent on its Face,J1830,102,2026-07-10 13:46:04,"INJECTION, INTERFERON BETA-1B, 0.25 MG (CODE MAY BE USED FOR MEDICARE WHEN DRUG ADMINISTERED UNDER THE DIRECT SUPERVISION OF A PHYSICIAN, NOT FOR USE WHEN DRUG IS SELF ADMINISTERED)",Interferon beta-1b / .25 mg
53127,193,3,87,Furoscix,2023-09-03 00:00:00,,Apparent on its Face,J1941,102,2026-07-10 13:46:04,"INJECTION, FUROSEMIDE (FUROSCIX), 20 MG","Inj, furoscix, 20 mg"
53127,193,3,88,Increlex,2012-08-13 00:00:00,,Apparent on its Face,J2170,102,2026-07-10 13:46:04,"INJECTION, MECASERMIN, 1 MG",Mecasermin injection
53127,193,3,89,"Relistor (methylnaltrexone bromide) 
",2015-10-01 00:00:00,,Apparent on its Face,J2212,102,2026-07-10 13:46:04,"INJECTION, METHYLNALTREXONE, 0.1 MG",Methylnaltrexone injection
53127,193,3,90,Omvoh (mirikizumab-mrkz)*,2024-07-01 00:00:00,,Apparent on its Face,J2267,102,2026-07-10 13:46:04,"INJECTION, MIRIKIZUMAB-MRKZ, 1 MG","Inj, mirikizumab-mrkz, 1 mg"
53127,193,3,91,"Sandostatin, subcutaneous*",2012-08-13 00:00:00,,Apparent on its Face,J2354,102,2026-07-10 13:46:04,"INJECTION, OCTREOTIDE, NON-DEPOT FORM FOR SUBCUTANEOUS OR INTRAVENOUS INJECTION, 25 MCG","Octreotide inj, non-depot"
53127,193,3,92,"Genotropin, Humatrope, Norditropin, Nutropin, Omnitrope, Saizen, Serostim, Zomacton, Zorbtive
",2012-08-13 00:00:00,,Apparent on its Face,J2941,102,2026-07-10 13:46:04,"INJECTION, SOMATROPIN, 1 MG",Somatropin injection
53127,193,3,93,"Imitrex, Sumavel, Dosepro, Zembrace",2012-08-13 00:00:00,,Apparent on its Face,J3030,102,2026-07-10 13:46:04,"INJECTION, SUMATRIPTAN SUCCINATE, 6 MG (CODE MAY BE USED FOR MEDICARE WHEN DRUG ADMINISTERED UNDER THE DIRECT SUPERVISION OF A PHYSICIAN, NOT FOR USE WHEN DRUG IS SELF ADMINISTERED)",Sumatriptan succinate / 6 mg
53127,193,3,94,Ajovy (fremanezumab-vfrm),2019-12-02 00:00:00,,Apparent on its Face,J3031,102,2026-07-10 13:46:04,"INJECTION, FREMANEZUMAB-VFRM, 1 MG (CODE MAY BE USED FOR MEDICARE WHEN DRUG ADMINISTERED UNDER THE DIRECT SUPERVISION OF A PHYSICIAN, NOT FOR USE WHEN DRUG IS SELF-ADMINISTERED)","Inj., fremanezumab-vfrm 1 mg"
53127,193,3,95,Forteo ,2012-08-13 00:00:00,,Apparent on its Face,J3110,102,2026-07-10 13:46:04,"INJECTION, TERIPARATIDE, 10 MCG",Teriparatide injection
53127,193,3,96,Stelara (ustekinumab) Subcutaneous,2022-06-06 00:00:00,,Acceptable Evidentiary Criteria Available,J3357,102,2026-07-10 13:46:04,"USTEKINUMAB, FOR SUBCUTANEOUS INJECTION, 1 MG","Ustekinumab sub cu inj, 1 mg"
53127,193,3,97,"Besremi (ropeginterferon alfa-2b, injection for subcutaneous use)",2022-06-06 00:00:00,,Apparent on its Face,J3490,102,2026-07-10 13:46:04,UNCLASSIFIED DRUGS,Drugs unclassified injection
53127,193,3,98,"Skyrizi (risankizumab-rzaa, injection for subcutaneous use)",2022-06-06 00:00:00,,Apparent on its Face,J3490,102,2026-07-10 13:46:04,UNCLASSIFIED DRUGS,Drugs unclassified injection
53127,193,3,99,"Sogroya (somapacitan-beco, injection for subcutaneous use)",2022-06-06 00:00:00,,Apparent on its Face,J3490,102,2026-07-10 13:46:04,UNCLASSIFIED DRUGS,Drugs unclassified injection
53127,193,3,100,Kineret 100 mg (anakinra),2012-08-13 00:00:00,,Apparent on its Face,J3490,102,2026-07-10 13:46:04,UNCLASSIFIED DRUGS,Drugs unclassified injection
53127,193,3,101,Symlin (pramlintide acetate injection),2012-08-13 00:00:00,,Apparent on its Face,J3490,102,2026-07-10 13:46:04,UNCLASSIFIED DRUGS,Drugs unclassified injection
53127,193,3,102,"Pegasys, Pegasys Proclick (peginterferon alfa-2a)
",2012-08-13 00:00:00,,Apparent on its Face,J3490,102,2026-07-10 13:46:04,UNCLASSIFIED DRUGS,Drugs unclassified injection
53127,193,3,103,PegIntron (pegylated interferon alfa-2b),2012-08-13 00:00:00,,Apparent on its Face,J3490,102,2026-07-10 13:46:04,UNCLASSIFIED DRUGS,Drugs unclassified injection
53127,193,3,104,Byetta (exenatide injection) ,2012-08-13 00:00:00,,Apparent on its Face,J3490,102,2026-07-10 13:46:04,UNCLASSIFIED DRUGS,Drugs unclassified injection
53127,193,3,105,Myalept 11 mg (metreleptin for injection),2015-10-01 00:00:00,,Apparent on its Face,J3490,102,2026-07-10 13:46:04,UNCLASSIFIED DRUGS,Drugs unclassified injection
53127,193,3,106,Signifor (pasireotide),2015-10-01 00:00:00,,Apparent on its Face,J3490,102,2026-07-10 13:46:04,UNCLASSIFIED DRUGS,Drugs unclassified injection
53127,193,3,107,Victoza (liraglutide),2015-10-01 00:00:00,,Apparent on its Face,J3490,102,2026-07-10 13:46:04,UNCLASSIFIED DRUGS,Drugs unclassified injection
53127,193,3,108,Cosentyx (secukinumab)   ,2016-03-17 00:00:00,,Apparent on its Face,J3490,102,2026-07-10 13:46:04,UNCLASSIFIED DRUGS,Drugs unclassified injection
53127,193,3,109,"Otrexup (methotrexate, injection)",2016-03-17 00:00:00,,Apparent on its Face,J3490,102,2026-07-10 13:46:04,UNCLASSIFIED DRUGS,Drugs unclassified injection
53127,193,3,110,Sylatro (peginterferon alfa-2b),2016-03-17 00:00:00,,Apparent on its Face,J3490,102,2026-07-10 13:46:04,UNCLASSIFIED DRUGS,Drugs unclassified injection
53127,193,3,111,TriMix,2016-03-17 00:00:00,,Apparent on its Face,J3490,102,2026-07-10 13:46:04,UNCLASSIFIED DRUGS,Drugs unclassified injection
53127,193,3,112,Tanzeum 30 mg (albiglutide for subcutaneous injection),2015-10-01 00:00:00,,Apparent on its Face,J3490,102,2026-07-10 13:46:04,UNCLASSIFIED DRUGS,Drugs unclassified injection
53127,193,3,113,Bydureon  (exenatide extended release for injectable suspension),2015-10-01 00:00:00,,Apparent on its Face,J3490,102,2026-07-10 13:46:04,UNCLASSIFIED DRUGS,Drugs unclassified injection
53127,193,3,114,Somavert (pegvisomant),2016-10-24 00:00:00,,Apparent on its Face,J3490,102,2026-07-10 13:46:04,UNCLASSIFIED DRUGS,Drugs unclassified injection
53127,193,3,115,Rebif 1 mcg (interferon beta-1a),2016-10-24 00:00:00,,Apparent on its Face,J3490,102,2026-07-10 13:46:04,UNCLASSIFIED DRUGS,Drugs unclassified injection
53127,193,3,116,Natpara (parathyroid hormone),2016-10-24 00:00:00,,Apparent on its Face,J3490,102,2026-07-10 13:46:04,UNCLASSIFIED DRUGS,Drugs unclassified injection
53127,193,3,117,Repatha (evolocumab),2016-10-24 00:00:00,,Apparent on its Face,J3490,102,2026-07-10 13:46:04,UNCLASSIFIED DRUGS,Drugs unclassified injection
53127,193,3,118,Praluent (alirocumab),2016-10-24 00:00:00,,Apparent on its Face,J3490,102,2026-07-10 13:46:04,UNCLASSIFIED DRUGS,Drugs unclassified injection
53127,193,3,119,Simponi (golimumab),2016-10-24 00:00:00,,Presumption of Long-Term Non-Acute Administration,J3490,102,2026-07-10 13:46:04,UNCLASSIFIED DRUGS,Drugs unclassified injection
53127,193,3,120,Strensiq (asfotase alfa),2016-10-24 00:00:00,,Apparent on its Face,J3490,102,2026-07-10 13:46:04,UNCLASSIFIED DRUGS,Drugs unclassified injection
53127,193,3,121,Egrifta (tesamorelin),2016-10-24 00:00:00,,Presumption of Long-Term Non-Acute Administration,J3490,102,2026-07-10 13:46:04,UNCLASSIFIED DRUGS,Drugs unclassified injection
53127,193,3,122,Plegridy (peginterferon beta-1a),2016-10-24 00:00:00,,Apparent on its Face,J3490,102,2026-07-10 13:46:04,UNCLASSIFIED DRUGS,Drugs unclassified injection
53127,193,3,123,Trulicity (dulaglutide),2016-10-24 00:00:00,,Apparent on its Face,J3490,102,2026-07-10 13:46:04,UNCLASSIFIED DRUGS,Drugs unclassified injection
53127,193,3,124,Saxenda (liraglutide),2016-10-24 00:00:00,,Apparent on its Face,J3490,102,2026-07-10 13:46:04,UNCLASSIFIED DRUGS,Drugs unclassified injection
53127,193,3,125,Toujeo (insulin glargine injection),2016-10-24 00:00:00,,Apparent on its Face,J3490,102,2026-07-10 13:46:04,UNCLASSIFIED DRUGS,Drugs unclassified injection
53127,193,3,126,Taltz (ixekizumab),2016-10-24 00:00:00,,Apparent on its Face,J3490,102,2026-07-10 13:46:04,UNCLASSIFIED DRUGS,Drugs unclassified injection
53127,193,3,127,Amjevita (adalimumab-atto),2017-08-28 00:00:00,,Apparent on its Face,J3490,102,2026-07-10 13:46:04,UNCLASSIFIED DRUGS,Drugs unclassified injection
53127,193,3,128,Dupixent (dupilumab),2017-08-28 00:00:00,,Apparent on its Face,J3490,102,2026-07-10 13:46:04,UNCLASSIFIED DRUGS,Drugs unclassified injection
53127,193,3,129,Erelzi (etanercept-SZZS) ,2017-08-28 00:00:00,,Apparent on its Face,J3490,102,2026-07-10 13:46:04,UNCLASSIFIED DRUGS,Drugs unclassified injection
53127,193,3,130,Kynamro (mipomersen sodium),2017-08-28 00:00:00,,Apparent on its Face,J3490,102,2026-07-10 13:46:04,UNCLASSIFIED DRUGS,Drugs unclassified injection
53127,193,3,131,"Orencia, subcutaneous*",2017-08-28 00:00:00,,Apparent on its Face,J3490,102,2026-07-10 13:46:04,UNCLASSIFIED DRUGS,Drugs unclassified injection
53127,193,3,132,Quad-Mix,2017-08-28 00:00:00,,Apparent on its Face,J3490,102,2026-07-10 13:46:04,UNCLASSIFIED DRUGS,Drugs unclassified injection
53127,193,3,133, Rasuvo (methotrexate injection),2017-08-28 00:00:00,,Apparent on its Face,J3490,102,2026-07-10 13:46:04,UNCLASSIFIED DRUGS,Drugs unclassified injection
53127,193,3,134,Siliq (brodalumab),2017-08-28 00:00:00,,Apparent on its Face,J3490,102,2026-07-10 13:46:04,UNCLASSIFIED DRUGS,Drugs unclassified injection
53127,193,3,135,Aimovig (erenumab-aooe),2019-12-02 00:00:00,,Apparent on its Face,J3490,102,2026-07-10 13:46:04,UNCLASSIFIED DRUGS,Drugs unclassified injection
53127,193,3,136,Emgality (galcanezumab-gnlm),2019-12-02 00:00:00,,Apparent on its Face,J3490,102,2026-07-10 13:46:04,UNCLASSIFIED DRUGS,Drugs unclassified injection
53127,193,3,137,Kevzara (sarilumab),2019-12-02 00:00:00,,Apparent on its Face,J3490,102,2026-07-10 13:46:04,UNCLASSIFIED DRUGS,Drugs unclassified injection
53127,193,3,138,Lantus (insulin glargine),2019-12-02 00:00:00,,Apparent on its Face,J3490,102,2026-07-10 13:46:04,UNCLASSIFIED DRUGS,Drugs unclassified injection
53127,193,3,139,Ozempic (semaglutide),2019-12-02 00:00:00,,Apparent on its Face,J3490,102,2026-07-10 13:46:04,UNCLASSIFIED DRUGS,Drugs unclassified injection
53127,193,3,140,Tymlos (abaloparatide),2019-12-02 00:00:00,,Apparent on its Face,J3490,102,2026-07-10 13:46:04,UNCLASSIFIED DRUGS,Drugs unclassified injection
53127,193,3,141,Cyltezo (adalimumab-adbm),2019-12-02 00:00:00,,Apparent on its Face,J3490,102,2026-07-10 13:46:04,UNCLASSIFIED DRUGS,Drugs unclassified injection
53127,193,3,142,"Kesimpta* (ofatumumab, injection for subcutaneous use)",2022-09-19 00:00:00,,Apparent on its Face,J3490,102,2026-07-10 13:46:04,UNCLASSIFIED DRUGS,Drugs unclassified injection
53127,193,3,143,Adbry (tralokinumab-idrm) ,2022-11-14 00:00:00,,Apparent on its Face,J3490,102,2026-07-10 13:46:04,UNCLASSIFIED DRUGS,Drugs unclassified injection
53127,193,3,144,Mounjaro (tirzepatide),2023-03-27 00:00:00,,Apparent on its Face,J3490,102,2026-07-10 13:46:04,UNCLASSIFIED DRUGS,Drugs unclassified injection
53127,193,3,145,Idacio (adalimumab-aacf),2023-06-25 00:00:00,,Apparent on its Face,J3490,102,2026-07-10 13:46:04,UNCLASSIFIED DRUGS,Drugs unclassified injection
53127,193,3,146,Abrilada (adalimumab-afzb) is biosimilar to Humira (adalimumab),2023-06-25 00:00:00,,Apparent on its Face,J3490,102,2026-07-10 13:46:04,UNCLASSIFIED DRUGS,Drugs unclassified injection
53127,193,3,147,Hadlima (adalimumab-bwwd) is biosimilar to Humira (adalimumab),2023-06-25 00:00:00,,Apparent on its Face,J3490,102,2026-07-10 13:46:04,UNCLASSIFIED DRUGS,Drugs unclassified injection
53127,193,3,148,Hulio (adalimumab-fkjp) is biosimilar to Humira (adalimumab),2023-06-25 00:00:00,,Apparent on its Face,J3490,102,2026-07-10 13:46:04,UNCLASSIFIED DRUGS,Drugs unclassified injection
53127,193,3,149,Hyrimoz (adalimumab-adaz) is biosimilar to Humira (adalimumab),2023-06-25 00:00:00,,Apparent on its Face,J3490,102,2026-07-10 13:46:04,UNCLASSIFIED DRUGS,Drugs unclassified injection
53127,193,3,150,Yusimry (adalimumab-aqvh) is biosimilar to Humira (adalimumab),2023-06-25 00:00:00,,Apparent on its Face,J3490,102,2026-07-10 13:46:04,UNCLASSIFIED DRUGS,Drugs unclassified injection
53127,193,3,151,Entyvio (vedolizumab),2024-01-14 00:00:00,,Apparent on its Face,J3490,102,2026-07-10 13:46:04,UNCLASSIFIED DRUGS,Drugs unclassified injection
53127,193,3,152,Yuflyma (adalimumab-aaty),2024-01-14 00:00:00,,Apparent on its Face,J3490,102,2026-07-10 13:46:04,UNCLASSIFIED DRUGS,Drugs unclassified injection
53127,193,3,153,Wegovy (semaglutide),2024-06-30 00:00:00,,Apparent on its Face,J3490,102,2026-07-10 13:46:04,UNCLASSIFIED DRUGS,Drugs unclassified injection
53127,193,3,154,Zepbound (tirzepatide),2024-06-30 00:00:00,,Apparent on its Face,J3490,102,2026-07-10 13:46:04,UNCLASSIFIED DRUGS,Drugs unclassified injection
53127,193,3,155,Ebglyss (lebrikizumab-lbkz),2025-06-01 00:00:00,,Apparent on its Face,J3490,102,2026-07-10 13:46:04,UNCLASSIFIED DRUGS,Drugs unclassified injection
53127,193,3,156,Nemluvio (nemolizumab-ilto),2026-06-15 00:00:00,,Apparent on its Face,J3490,102,2026-07-10 13:46:04,UNCLASSIFIED DRUGS,Drugs unclassified injection
53127,193,3,157,Bimzelx (bimekizumab-bkzx),2026-08-30 00:00:00,,Apparent on its Face,J3490,102,2026-07-10 13:46:04,UNCLASSIFIED DRUGS,Drugs unclassified injection
53127,193,3,158,Bimzelx (bimekizumab-bkzx),2026-08-30 00:00:00,,Apparent on its Face,J3590,102,2026-07-10 13:46:04,UNCLASSIFIED BIOLOGICS,Unclassified biologics
53127,193,3,159,Nemluvio (nemolizumab-ilto),2026-06-15 00:00:00,,Apparent on its Face,J3590,102,2026-07-10 13:46:04,UNCLASSIFIED BIOLOGICS,Unclassified biologics
53127,193,3,160,Ebglyss (lebrikizumab-lbkz),2025-06-01 00:00:00,,Apparent on its Face,J3590,102,2026-07-10 13:46:04,UNCLASSIFIED BIOLOGICS,Unclassified biologics
53127,193,3,161,Cyltezo (adalimumab-adbm),2019-12-02 00:00:00,,Apparent on its Face,J3590,102,2026-07-10 13:46:04,UNCLASSIFIED BIOLOGICS,Unclassified biologics
53127,193,3,162,"Besremi (ropeginterferon alfa-2b, injection for subcutaneous use)",2022-06-06 00:00:00,,Apparent on its Face,J3590,102,2026-07-10 13:46:04,UNCLASSIFIED BIOLOGICS,Unclassified biologics
53127,193,3,163,"Skyrizi (risankizumab-rzaa, injection for subcutaneous use)",2022-06-06 00:00:00,,Apparent on its Face,J3590,102,2026-07-10 13:46:04,UNCLASSIFIED BIOLOGICS,Unclassified biologics
53127,193,3,164,"Sogroya (somapacitan-beco, injection for subcutaneous use)
",2022-06-06 00:00:00,,Apparent on its Face,J3590,102,2026-07-10 13:46:04,UNCLASSIFIED BIOLOGICS,Unclassified biologics
53127,193,3,165,Wegovy (semaglutide),2024-06-30 00:00:00,,Apparent on its Face,J3590,102,2026-07-10 13:46:04,UNCLASSIFIED BIOLOGICS,Unclassified biologics
53127,193,3,166,Zepbound (tirzepatide),2024-06-30 00:00:00,,Apparent on its Face,J3590,102,2026-07-10 13:46:04,UNCLASSIFIED BIOLOGICS,Unclassified biologics
53127,193,3,167,Entyvio (vedolizumab),2024-01-14 00:00:00,,Apparent on its Face,J3590,102,2026-07-10 13:46:04,UNCLASSIFIED BIOLOGICS,Unclassified biologics
53127,193,3,168,Yuflyma (adalimumab-aaty),2024-01-14 00:00:00,,Apparent on its Face,J3590,102,2026-07-10 13:46:04,UNCLASSIFIED BIOLOGICS,Unclassified biologics
53127,193,3,169,Idacio (adalimumab-aacf),2023-06-25 00:00:00,,Apparent on its Face,J3590,102,2026-07-10 13:46:04,UNCLASSIFIED BIOLOGICS,Unclassified biologics
53127,193,3,170,Abrilada (adalimumab-afzb) is biosimilar to Humira (adalimumab),2023-06-25 00:00:00,,Apparent on its Face,J3590,102,2026-07-10 13:46:04,UNCLASSIFIED BIOLOGICS,Unclassified biologics
53127,193,3,171,Hadlima (adalimumab-bwwd) is biosimilar to Humira (adalimumab),2023-06-25 00:00:00,,Apparent on its Face,J3590,102,2026-07-10 13:46:04,UNCLASSIFIED BIOLOGICS,Unclassified biologics
53127,193,3,172,Hulio (adalimumab-fkjp) is biosimilar to Humira (adalimumab),2023-06-25 00:00:00,,Apparent on its Face,J3590,102,2026-07-10 13:46:04,UNCLASSIFIED BIOLOGICS,Unclassified biologics
53127,193,3,173,Hyrimoz (adalimumab-adaz) is biosimilar to Humira (adalimumab),2023-06-25 00:00:00,,Apparent on its Face,J3590,102,2026-07-10 13:46:04,UNCLASSIFIED BIOLOGICS,Unclassified biologics
53127,193,3,174,Yusimry (adalimumab-aqvh) is biosimilar to Humira (adalimumab),2023-06-25 00:00:00,,Apparent on its Face,J3590,102,2026-07-10 13:46:04,UNCLASSIFIED BIOLOGICS,Unclassified biologics
53127,193,3,175,Mounjaro (tirzepatide),2023-03-27 00:00:00,,Apparent on its Face,J3590,102,2026-07-10 13:46:04,UNCLASSIFIED BIOLOGICS,Unclassified biologics
53127,193,3,176,Adbry (tralokinumab-Idrm) ,2022-11-14 00:00:00,,Apparent on its Face,J3590,102,2026-07-10 13:46:04,UNCLASSIFIED BIOLOGICS,Unclassified biologics
53127,193,3,177,"Kesimpta* (ofatumumab, injection for subcutaneous use)",2022-09-19 00:00:00,,Apparent on its Face,J3590,102,2026-07-10 13:46:04,UNCLASSIFIED BIOLOGICS,Unclassified biologics
53127,193,3,178,Aimovig (erenumab-aooe),2019-12-02 00:00:00,,Apparent on its Face,J3590,102,2026-07-10 13:46:04,UNCLASSIFIED BIOLOGICS,Unclassified biologics
53127,193,3,179,Emgality (galcanezumab-gnlm),2019-12-02 00:00:00,,Apparent on its Face,J3590,102,2026-07-10 13:46:04,UNCLASSIFIED BIOLOGICS,Unclassified biologics
53127,193,3,180,Kevzara (sarilumab),2019-12-02 00:00:00,,Apparent on its Face,J3590,102,2026-07-10 13:46:04,UNCLASSIFIED BIOLOGICS,Unclassified biologics
53127,193,3,181,Lantus (insulin glargine injection),2019-12-02 00:00:00,,Apparent on its Face,J3590,102,2026-07-10 13:46:04,UNCLASSIFIED BIOLOGICS,Unclassified biologics
53127,193,3,182,Ozempic (semaglutide),2019-12-02 00:00:00,,Apparent on its Face,J3590,102,2026-07-10 13:46:04,UNCLASSIFIED BIOLOGICS,Unclassified biologics
53127,193,3,183,Tymlos (abaloparatide),2019-12-02 00:00:00,,Apparent on its Face,J3590,102,2026-07-10 13:46:04,UNCLASSIFIED BIOLOGICS,Unclassified biologics
53127,193,3,184,Amjevita (adalimumab-atto),2017-08-28 00:00:00,,Apparent on its Face,J3590,102,2026-07-10 13:46:04,UNCLASSIFIED BIOLOGICS,Unclassified biologics
53127,193,3,185,Dupixent (dupilumab),2017-08-28 00:00:00,,Apparent on its Face,J3590,102,2026-07-10 13:46:04,UNCLASSIFIED BIOLOGICS,Unclassified biologics
53127,193,3,186,Erelzi (etanercept-SZZS),2017-08-28 00:00:00,,Apparent on its Face,J3590,102,2026-07-10 13:46:04,UNCLASSIFIED BIOLOGICS,Unclassified biologics
53127,193,3,187,"Kynamro (mipomersen sodium)
",2017-08-28 00:00:00,,Apparent on its Face,J3590,102,2026-07-10 13:46:04,UNCLASSIFIED BIOLOGICS,Unclassified biologics
53127,193,3,188,"Orencia, subcutaneous*",2017-08-28 00:00:00,,Apparent on its Face,J3590,102,2026-07-10 13:46:04,UNCLASSIFIED BIOLOGICS,Unclassified biologics
53127,193,3,189,Quad-Mix,2017-08-28 00:00:00,,Apparent on its Face,J3590,102,2026-07-10 13:46:04,UNCLASSIFIED BIOLOGICS,Unclassified biologics
53127,193,3,190,Rasuvo (methotrexate injection),2017-08-28 00:00:00,,Apparent on its Face,J3590,102,2026-07-10 13:46:04,UNCLASSIFIED BIOLOGICS,Unclassified biologics
53127,193,3,191,Siliq (brodalumab),2017-08-28 00:00:00,,Apparent on its Face,J3590,102,2026-07-10 13:46:04,UNCLASSIFIED BIOLOGICS,Unclassified biologics
53127,193,3,192,Taltz (ixekizumab),2016-10-24 00:00:00,,Apparent on its Face,J3590,102,2026-07-10 13:46:04,UNCLASSIFIED BIOLOGICS,Unclassified biologics
53127,193,3,193,Otrexup (methotrexate injection),2016-10-24 00:00:00,,Apparent on its Face,J3590,102,2026-07-10 13:46:04,UNCLASSIFIED BIOLOGICS,Unclassified biologics
53127,193,3,194,TriMix,2016-10-24 00:00:00,,Apparent on its Face,J3590,102,2026-07-10 13:46:04,UNCLASSIFIED BIOLOGICS,Unclassified biologics
53127,193,3,195,Plegridy (peginterferon beta-1a),2016-10-24 00:00:00,,Apparent on its Face,J3590,102,2026-07-10 13:46:04,UNCLASSIFIED BIOLOGICS,Unclassified biologics
53127,193,3,196,Egrifta (tesamorelin),2016-10-24 00:00:00,,Presumption of Long-Term Non-Acute Administration,J3590,102,2026-07-10 13:46:04,UNCLASSIFIED BIOLOGICS,Unclassified biologics
53127,193,3,197,Strensiq (asfotase alfa),2016-10-24 00:00:00,,Apparent on its Face,J3590,102,2026-07-10 13:46:04,UNCLASSIFIED BIOLOGICS,Unclassified biologics
53127,193,3,198,Simponi (golimumab),2016-10-24 00:00:00,,Presumption of Long-Term Non-Acute Administration,J3590,102,2026-07-10 13:46:04,UNCLASSIFIED BIOLOGICS,Unclassified biologics
53127,193,3,199,Praluent (alirocumab),2016-10-24 00:00:00,,Apparent on its Face,J3590,102,2026-07-10 13:46:04,UNCLASSIFIED BIOLOGICS,Unclassified biologics
53127,193,3,200,Repatha (evolocumab),2016-10-24 00:00:00,,Apparent on its Face,J3590,102,2026-07-10 13:46:04,UNCLASSIFIED BIOLOGICS,Unclassified biologics
53127,193,3,201,Natpara (parathyroid hormone),2016-10-24 00:00:00,,Apparent on its Face,J3590,102,2026-07-10 13:46:04,UNCLASSIFIED BIOLOGICS,Unclassified biologics
53127,193,3,202,Rebif 1 mcg (interferon beta-1a),2016-10-24 00:00:00,,Apparent on its Face,J3590,102,2026-07-10 13:46:04,UNCLASSIFIED BIOLOGICS,Unclassified biologics
53127,193,3,203,PegIntron (pegylated interferon alfa-2b),2016-10-24 00:00:00,,Apparent on its Face,J3590,102,2026-07-10 13:46:04,UNCLASSIFIED BIOLOGICS,Unclassified biologics
53127,193,3,204,Symlin (pramlintide acetate injection),2016-10-24 00:00:00,,Apparent on its Face,J3590,102,2026-07-10 13:46:04,UNCLASSIFIED BIOLOGICS,Unclassified biologics
53127,193,3,205,Kineret 100 mg (anakinra),2016-10-24 00:00:00,,Apparent on its Face,J3590,102,2026-07-10 13:46:04,UNCLASSIFIED BIOLOGICS,Unclassified biologics
53127,193,3,206,Bydureon (exenatide extended release for injectable suspension),2015-10-01 00:00:00,,Apparent on its Face,J3590,102,2026-07-10 13:46:04,UNCLASSIFIED BIOLOGICS,Unclassified biologics
53127,193,3,207,Saxenda (liraglutide),2015-10-01 00:00:00,,Apparent on its Face,J3590,102,2026-07-10 13:46:04,UNCLASSIFIED BIOLOGICS,Unclassified biologics
53127,193,3,208,Tanzeum 30 mg (albiglutide for subcutaneous injection),2015-10-01 00:00:00,,Apparent on its Face,J3590,102,2026-07-10 13:46:04,UNCLASSIFIED BIOLOGICS,Unclassified biologics
53127,193,3,209,Victoza (liraglutide),2015-10-01 00:00:00,,Apparent on its Face,J3590,102,2026-07-10 13:46:04,UNCLASSIFIED BIOLOGICS,Unclassified biologics
53127,193,3,210,Signifor (pasireotide),2015-10-01 00:00:00,,Apparent on its Face,J3590,102,2026-07-10 13:46:04,UNCLASSIFIED BIOLOGICS,Unclassified biologics
53127,193,3,211,Myalept 11 mg (metreleptin for injection),2015-10-01 00:00:00,,Apparent on its Face,J3590,102,2026-07-10 13:46:04,UNCLASSIFIED BIOLOGICS,Unclassified biologics
53127,193,3,212,Byetta (exenatide injection),2015-10-01 00:00:00,,Apparent on its Face,J3590,102,2026-07-10 13:46:04,UNCLASSIFIED BIOLOGICS,Unclassified biologics
53127,193,3,213,Cosentyx (secukinumab)   ,2016-03-17 00:00:00,,Apparent on its Face,J3590,102,2026-07-10 13:46:04,UNCLASSIFIED BIOLOGICS,Unclassified biologics
53127,193,3,214,"Pegasys, Pegasys Proclick (peginterferon alfa-2a)",2016-03-17 00:00:00,,Apparent on its Face,J3590,102,2026-07-10 13:46:04,UNCLASSIFIED BIOLOGICS,Unclassified biologics
53127,193,3,215,Sylatron (peginterferon alfa-2b),2016-03-17 00:00:00,,Apparent on its Face,J3590,102,2026-07-10 13:46:04,UNCLASSIFIED BIOLOGICS,Unclassified biologics
53127,193,3,216,Toujeo (insulin glargine injection),2016-03-17 00:00:00,,Apparent on its Face,J3590,102,2026-07-10 13:46:04,UNCLASSIFIED BIOLOGICS,Unclassified biologics
53127,193,3,217,Trulicity (dulaglutide),2016-03-17 00:00:00,,Apparent on its Face,J3590,102,2026-07-10 13:46:04,UNCLASSIFIED BIOLOGICS,Unclassified biologics
53127,193,3,218,Somavert (pegvisomant),2012-08-13 00:00:00,,Apparent on its Face,J3590,102,2026-07-10 13:46:04,UNCLASSIFIED BIOLOGICS,Unclassified biologics
53127,193,3,219,N/A,2012-08-13 00:00:00,,Apparent on its Face,J9213,102,2026-07-10 13:46:04,"INJECTION, INTERFERON, ALFA-2A, RECOMBINANT, 3 MILLION UNITS",Interferon alfa-2a inj
53127,193,3,220,Actimmune,2012-08-13 00:00:00,,Apparent on its Face,J9216,102,2026-07-10 13:46:04,"INJECTION, INTERFERON, GAMMA 1-B, 3 MILLION UNITS",Interferon gamma 1-b inj
53127,193,3,221,"Lupron, Eligard",2012-08-13 00:00:00,,Presumption of Long-Term Non-Acute Administration,J9218,102,2026-07-10 13:46:04,"LEUPROLIDE ACETATE, PER 1 MG",Leuprolide acetate injeciton
53127,193,3,222,N/A,2012-08-13 00:00:00,,Apparent on its Face,Q0515,102,2026-07-10 13:46:04,"INJECTION, SERMORELIN ACETATE, 1 MICROGRAM",Sermorelin acetate injection
53127,193,3,223,Imuldosa (ustekinumab-srlf)*,2025-08-31 00:00:00,,Apparent on its Face,Q5098,102,2026-07-10 13:46:04,"INJECTION, USTEKINUMAB-SRLF (IMULDOSA), BIOSIMILAR, 1 MG","Inj ustekinumab-srlf, 1 mg"
53127,193,3,224,Steqeyma (ustekinumab-stba)*,2025-07-01 00:00:00,,Apparent on its Face,Q5099,102,2026-07-10 13:46:04,"INJECTION, USTEKINUMAB-STBA (STEQEYMA), BIOSIMILAR, 1 MG","Inj ustekinumab-stba, 1 mg"
53127,193,3,225,Yesintek (ustekinumab-kfce)*,2025-08-31 00:00:00,,Apparent on its Face,Q5100,102,2026-07-10 13:46:04,"INJECTION, USTEKINUMAB-KFCE (YESINTEK), BIOSIMILAR, 1 MG","Inj ustekinumab-kfce, 1 mg"
53127,193,3,226,Wezlana (ustekinumab-auub),2024-07-01 00:00:00,,Apparent on its Face,Q5137,102,2026-07-10 13:46:04,"INJECTION, USTEKINUMAB-AUUB (WEZLANA), BIOSIMILAR, SUBCUTANEOUS, 1 MG","Inj, wezlana, sub cu, 1 mg"
53127,193,3,227,Hulio (adalimumab-fkjp),2025-03-16 00:00:00,,Apparent on its Face,Q5140,102,2026-07-10 13:46:04,"INJECTION, ADALIMUMAB-FKJP, BIOSIMILAR, 1 MG","Inj adalimumab-fkjp, 1 mg"
53127,193,3,228,Yuflyma (adalimumab-aaty),2025-03-16 00:00:00,,Apparent on its Face,Q5141,102,2026-07-10 13:46:04,"INJECTION, ADALIMUMAB-AATY, BIOSIMILAR, 1 MG","Inj adalimumab-aaty, 1 mg"
53127,193,3,229,Simlandi (adalimumab-ryvk),2025-03-16 00:00:00,,Apparent on its Face,Q5142,102,2026-07-10 13:46:04,"INJECTION, ADALIMUMAB-RYVK BIOSIMILAR, 1 MG","Inj adalimumab-ryvk, 1 mg"
53127,193,3,230,Cyltezo (adalimumab-adbm),2025-03-16 00:00:00,,Apparent on its Face,Q5143,102,2026-07-10 13:46:04,"INJECTION, ADALIMUMAB-ADBM, BIOSIMILAR, 1 MG","Inj adalimumab-adbm, 1 mg"
53127,193,3,231,Idacio (adalimumab-aacf),2025-03-16 00:00:00,,Apparent on its Face,Q5144,102,2026-07-10 13:46:04,"INJECTION, ADALIMUMAB-AACF (IDACIO), BIOSIMILAR, 1 MG","Inj, idacio, 1 mg"
53127,193,3,232,Abrilada (adalimumab-afzb),2025-03-16 00:00:00,,Apparent on its Face,Q5145,102,2026-07-10 13:46:04,"INJECTION, ADALIMUMAB-AFZB (ABRILADA), BIOSIMILAR, 1 MG","Inj, abrilada, 1 mg"
53127,193,3,233,Starjemza (ustekinumab-hmny)*,2026-08-30 00:00:00,,Apparent on its Face,Q5164,102,2026-07-10 13:46:04,"INJECTION, USTEKINUMAB-HMNY (STARJEMZA), BIOSIMILAR, 1 MG","Ustekinumab-hmny, 1 mg"
53127,193,3,234,Pyzchiva (ustekinumab-ttwe),2025-03-16 00:00:00,,Apparent on its Face,Q9996,102,2026-07-10 13:46:04,"INJECTION, USTEKINUMAB-TTWE (PYZCHIVA), SUBCUTANEOUS, 1 MG",Ustekinumab- ttwe sub cu inj
53127,193,3,235,Selarsdi (ustekinumab-aekn)*,2025-03-16 00:00:00,,Apparent on its Face,Q9998,102,2026-07-10 13:46:04,"INJECTION, USTEKINUMAB-AEKN (SELARSDI), BIOSIMILAR, 1 MG","Inj ustekinumab-aekn, 1 mg"
53127,193,3,236,Otulfi (ustekinumab-aauz)*,2025-06-01 00:00:00,,Apparent on its Face,Q9999,102,2026-07-10 13:46:04,"INJECTION, USTEKINUMAB-AAUZ (OTULFI), BIOSIMILAR, 1 MG",Inj ustekinumab-aauz 1 mg
53127,193,3,237,Zinbryta™  (Daclizumab),2016-10-24 00:00:00,2021-01-01 00:00:00,Apparent on its Face,C9399,102,2026-07-10 13:46:04,UNCLASSIFIED DRUGS OR BIOLOGICALS,Unclassified drugs or biolog
53127,193,3,238,Omvoh (mirikizumab-mrkz)* EFFECTIVE 7/1/2024 REPLACED BY CODE J2267 (SEE EXCLUDED CPT/HCPCS Codes TABLE ABOVE),2024-01-14 00:00:00,2024-07-01 00:00:00,Apparent on its Face,C9399,102,2026-07-10 13:46:04,UNCLASSIFIED DRUGS OR BIOLOGICALS,Unclassified drugs or biolog
53127,193,3,239,"WEZLANA (ustekinumab-auub)* EFFECTIVE 7/1/2024, REPLACED BY CODE Q5137 (SEE EXCLUDED CPT/HCPCS Codes TABLE ABOVE)",2024-03-17 00:00:00,2024-07-01 00:00:00,Apparent on its Face,C9399,102,2026-07-10 13:46:04,UNCLASSIFIED DRUGS OR BIOLOGICALS,Unclassified drugs or biolog
53127,193,3,240,Steqeyma (ustekinumab-stba)*,2025-06-01 00:00:00,2025-07-01 00:00:00,Apparent on its Face,C9399,102,2026-07-10 13:46:04,UNCLASSIFIED DRUGS OR BIOLOGICALS,Unclassified drugs or biolog
53127,193,3,241,Xembify<sup>®</sup>,2022-06-06 00:00:00,2022-06-06 00:00:00,Apparent on its Face,J1558,102,2026-07-10 13:46:04,"INJECTION, IMMUNE GLOBULIN (XEMBIFY), 100 MG","Inj. xembify, 100 mg"
53127,193,3,242,Hizentra<sup>®</sup>,2016-10-24 00:00:00,2021-01-01 00:00:00,Presumption of Long-Term Non-Acute Administration,J1559,102,2026-07-10 13:46:04,"INJECTION, IMMUNE GLOBULIN (HIZENTRA), 100 MG",Hizentra injection
53127,193,3,243,"Actemra<sup>®</sup>, subcutaneous*",2019-12-02 00:00:00,2021-01-01 00:00:00,Apparent on its Face,J3262,102,2026-07-10 13:46:04,"INJECTION, TOCILIZUMAB, 1 MG",Tocilizumab injection
53127,193,3,244,Zinbryta™  (Daclizumab),2016-10-24 00:00:00,2021-01-01 00:00:00,Apparent on its Face,J3490,102,2026-07-10 13:46:04,UNCLASSIFIED DRUGS,Drugs unclassified injection
53127,193,3,245,Omvoh (mirikizumab-mrkz)* EFFECTIVE 7/1/2024 REPLACED BY CODE J2267 (SEE EXCLUDED CPT/HCPCS Codes TABLE ABOVE),2024-01-14 00:00:00,2024-07-01 00:00:00,Apparent on its Face,J3490,102,2026-07-10 13:46:04,UNCLASSIFIED DRUGS,Drugs unclassified injection
53127,193,3,246,"WEZLANA (ustekinumab-auub)* EFFECTIVE 7/1/2024, REPLACED BY CODE Q5137 (SEE EXCLUDED CPT/HCPCS Codes TABLE ABOVE)",2024-03-17 00:00:00,2024-07-01 00:00:00,Apparent on its Face,J3490,102,2026-07-10 13:46:04,UNCLASSIFIED DRUGS,Drugs unclassified injection
53127,193,3,247,"Haegarda (injection, c-1 esterase inhibitor [human])",2018-03-15 00:00:00,2019-01-01 00:00:00,Apparent on its Face,J3490,102,2026-07-10 13:46:04,UNCLASSIFIED DRUGS,Drugs unclassified injection
53127,193,3,248,Steqeyma (ustekinumab-stba)*,2025-06-01 00:00:00,2025-07-01 00:00:00,Apparent on its Face,J3490,102,2026-07-10 13:46:04,UNCLASSIFIED DRUGS,Drugs unclassified injection
53127,193,3,249,Steqeyma (ustekinumab-stba)*,2025-06-01 00:00:00,2025-07-01 00:00:00,Apparent on its Face,J3590,102,2026-07-10 13:46:04,UNCLASSIFIED BIOLOGICS,Unclassified biologics
53127,193,3,250,"Haegarda (injection, c-1 esterase inhibitor [human])",2018-03-15 00:00:00,2019-01-01 00:00:00,Apparent on its Face,J3590,102,2026-07-10 13:46:04,UNCLASSIFIED BIOLOGICS,Unclassified biologics
53127,193,3,251,"WEZLANA (ustekinumab-auub)* EFFECTIVE 7/1/2024, REPLACED BY CODE Q5137 (SEE EXCLUDED CPT/HCPCS Codes TABLE ABOVE)",2024-03-17 00:00:00,2024-07-01 00:00:00,Apparent on its Face,J3590,102,2026-07-10 13:46:04,UNCLASSIFIED BIOLOGICS,Unclassified biologics
53127,193,3,252,Omvoh (mirikizumab-mrkz)* EFFECTIVE 7/1/2024 REPLACED BY CODE J2267 (SEE EXCLUDED CPT/HCPCS Codes TABLE ABOVE),2024-01-14 00:00:00,2024-07-01 00:00:00,Apparent on its Face,J3590,102,2026-07-10 13:46:04,UNCLASSIFIED BIOLOGICS,Unclassified biologics
53127,193,3,253,"Simponi  (Injection, golimumab)",2012-08-13 00:00:00,2012-08-13 00:00:00,,J3590,102,2026-07-10 13:46:04,UNCLASSIFIED BIOLOGICS,Unclassified biologics
53127,193,3,254,Raptiva  (Efalizumab)  <u> *discontinued drug</u>,2012-08-13 00:00:00,2015-10-01 00:00:00,,J3590,102,2026-07-10 13:46:04,UNCLASSIFIED BIOLOGICS,Unclassified biologics
53127,193,3,255,Zinbryta™ (Daclizumab),2016-10-24 00:00:00,2021-01-01 00:00:00,Apparent on its Face,J3590,102,2026-07-10 13:46:04,UNCLASSIFIED BIOLOGICS,Unclassified biologics
53127,193,3,256,Not Applicable,2012-08-13 00:00:00,2012-08-13 00:00:00,,XX000,102,2026-07-10 13:46:04,Not Applicable,Not Applicable
53127,193,3,257,N/A,2012-08-13 00:00:00,2012-08-13 00:00:00,,XX000,102,2026-07-10 13:46:04,Not Applicable,Not Applicable
