article_id,article_version,related_num,r_ncd_id,r_ncd_version,last_updated
52369,13,1,0,1,2025-04-29 23:04:18.650000
52369,16,1,0,1,2025-04-29 23:04:18.650000
52369,17,1,0,1,2025-04-29 23:04:18.650000
52370,119,1,0,1,2025-04-29 23:04:18.690000
52370,122,1,0,1,2025-04-29 23:04:18.690000
52370,125,1,0,1,2025-04-29 23:04:18.690000
52370,128,1,0,1,2025-04-29 23:04:18.690000
52370,130,1,0,1,2025-04-29 23:04:18.690000
52370,131,1,0,1,2025-04-29 23:04:18.690000
52370,135,1,0,1,2025-04-29 23:04:18.690000
52379,9,1,0,1,2025-04-29 23:04:18.900000
52379,10,1,0,1,2025-04-29 23:04:18.900000
52399,57,1,158,1,2025-04-29 23:04:18.913000
52399,61,1,158,1,2025-04-29 23:04:18.913000
52399,63,1,158,1,2025-04-29 23:04:18.913000
52399,65,1,158,1,2025-04-29 23:04:18.913000
52399,68,1,158,1,2025-04-29 23:04:18.913000
52399,71,1,158,1,2025-04-29 23:04:18.913000
52399,74,1,158,1,2025-04-29 23:04:18.913000
52399,75,1,158,1,2025-04-29 23:04:18.913000
52420,60,1,0,1,2025-04-29 23:04:19.210000
52420,63,1,0,1,2025-04-29 23:04:19.210000
52420,64,1,0,1,2025-04-29 23:04:19.210000
52421,22,1,0,1,2025-04-29 23:04:19.230000
52421,23,1,0,1,2025-04-29 23:04:19.230000
52423,83,1,0,1,2025-04-29 23:04:19.393000
52423,84,1,0,1,2025-04-29 23:04:19.393000
52430,11,1,1,1,2025-04-29 23:04:20.467000
52430,12,1,1,1,2025-04-29 23:04:20.467000
52432,14,1,0,1,2025-04-29 23:04:20.470000
52434,50,1,0,1,2025-04-29 23:04:20.277000
52434,51,1,0,1,2025-04-29 23:04:20.277000
52435,13,1,0,1,2025-04-29 23:04:20.470000
52435,14,1,0,1,2025-04-29 23:04:20.470000
52437,16,1,0,1,2025-04-29 23:04:20.470000
52437,17,1,0,1,2025-04-29 23:04:20.470000
52438,20,1,0,1,2025-04-29 23:04:20.470000
52438,22,1,0,1,2025-04-29 23:04:20.470000
52447,29,1,57,1,2025-04-29 23:04:20.287000
52447,30,1,57,1,2025-04-29 23:04:20.287000
52448,21,1,0,1,2025-04-29 23:04:19.773000
52448,23,1,0,1,2025-04-29 23:04:19.773000
52448,24,1,0,1,2025-04-29 23:04:19.773000
52450,80,1,0,1,2025-04-29 23:04:19.847000
52450,82,1,0,1,2025-04-29 23:04:19.847000
52450,83,1,0,1,2025-04-29 23:04:19.847000
52451,72,1,0,1,2025-04-29 23:04:19.973000
52451,75,1,0,1,2025-04-29 23:04:19.973000
52451,78,1,0,1,2025-04-29 23:04:19.973000
52451,81,1,0,1,2025-04-29 23:04:19.973000
52451,84,1,0,1,2025-04-29 23:04:19.973000
52451,86,1,0,1,2025-04-29 23:04:19.973000
52451,87,1,0,1,2025-04-29 23:04:19.973000
52451,89,1,0,1,2025-04-29 23:04:19.973000
52453,40,1,0,1,2025-04-29 23:04:19.470000
52453,48,1,0,1,2025-04-29 23:04:19.470000
52453,49,1,0,1,2025-04-29 23:04:19.470000
52457,63,1,0,1,2025-04-29 23:04:19.403000
52457,65,1,0,1,2025-04-29 23:04:19.403000
52458,34,1,0,1,2025-04-29 23:04:19.403000
52458,36,1,0,1,2025-04-29 23:04:19.403000
52458,40,1,0,1,2025-04-29 23:04:19.403000
52459,23,1,190,1,2025-04-29 23:04:19.403000
52459,23,2,168,1,2025-04-29 23:04:19.407000
52459,23,3,219,1,2025-04-29 23:04:19.407000
52460,16,1,0,1,2025-04-29 23:04:19.410000
52461,21,1,190,1,2025-04-29 23:04:19.410000
52462,28,1,0,1,2025-04-29 23:04:19.410000
52462,30,1,0,1,2025-04-29 23:04:19.413000
52462,32,1,0,1,2025-04-29 23:04:19.413000
52463,28,1,0,1,2025-04-29 23:04:19.413000
52463,30,1,0,1,2025-04-29 23:04:19.417000
52463,32,1,0,1,2025-04-29 23:04:19.417000
52464,62,1,222,1,2025-04-29 23:04:19.423000
52464,62,2,190,1,2025-04-29 23:04:19.423000
52464,65,1,222,1,2025-04-29 23:04:19.423000
52464,65,2,190,1,2025-04-29 23:04:19.423000
52465,60,1,0,1,2025-04-29 23:04:19.430000
52465,65,1,0,1,2025-04-29 23:04:19.430000
52465,70,1,0,1,2025-04-29 23:04:19.430000
52465,72,1,0,1,2025-04-29 23:04:19.430000
52466,72,1,321,1,2025-04-29 23:04:19.430000
52466,72,2,190,1,2025-04-29 23:04:19.433000
52466,80,1,321,1,2025-04-29 23:04:19.430000
52466,80,2,190,1,2025-04-29 23:04:19.433000
52466,83,1,321,1,2025-04-29 23:04:19.430000
52466,83,2,190,1,2025-04-29 23:04:19.433000
52466,85,1,321,1,2025-04-29 23:04:19.430000
52466,85,2,190,1,2025-04-29 23:04:19.433000
52466,87,1,321,1,2025-04-29 23:04:19.430000
52466,87,2,190,1,2025-04-29 23:04:19.433000
52467,54,1,119,1,2025-04-29 23:04:19.433000
52467,54,2,330,1,2025-04-29 23:04:19.437000
52467,54,3,190,1,2025-04-29 23:04:19.437000
52468,22,1,190,1,2025-04-29 23:04:19.440000
52468,22,2,228,1,2025-04-29 23:04:19.440000
52469,28,1,190,1,2025-04-29 23:04:19.443000
52469,28,2,274,1,2025-04-29 23:04:19.443000
52470,18,1,0,1,2025-04-29 23:04:20.473000
52470,19,1,0,1,2025-04-29 23:04:20.473000
52474,37,1,0,1,2025-04-29 23:04:19.447000
52474,40,1,0,1,2025-04-29 23:04:19.447000
52476,27,1,190,1,2025-04-29 23:04:19.450000
52477,16,1,315,1,2025-04-29 23:04:19.450000
52477,16,2,190,1,2025-04-29 23:04:19.453000
52478,24,1,0,1,2025-04-29 23:04:19.457000
52478,26,1,0,1,2025-04-29 23:04:19.457000
52479,64,1,0,1,2025-04-29 23:04:19.460000
52479,67,1,0,1,2025-04-29 23:04:19.460000
52479,69,1,0,1,2025-04-29 23:04:19.460000
52479,73,1,0,1,2025-04-29 23:04:19.460000
52480,83,1,309,2,2025-04-30 18:55:53.630000
52480,86,1,309,2,2025-04-30 18:55:53.630000
52480,90,1,309,2,2025-04-30 18:55:53.630000
52481,27,1,208,1,2025-04-29 23:04:19.463000
52481,30,1,208,1,2025-04-29 23:04:19.470000
52487,27,1,0,1,2025-04-29 23:04:19.470000
52487,30,1,0,1,2025-04-29 23:04:19.473000
52487,33,1,0,1,2025-04-29 23:04:19.477000
52489,24,1,190,1,2025-04-29 23:04:19.480000
52490,27,1,190,1,2025-04-29 23:04:19.480000
52492,20,1,0,1,2025-04-29 23:04:19.480000
52492,22,1,0,1,2025-04-29 23:04:19.480000
52494,59,1,0,1,2025-04-29 23:04:19.483000
52494,63,1,0,1,2025-04-29 23:04:19.483000
52495,18,1,229,1,2025-04-29 23:04:19.487000
52496,55,1,0,1,2025-04-29 23:04:19.490000
52496,57,1,0,1,2025-04-29 23:04:19.490000
52496,59,1,0,1,2025-04-29 23:04:19.490000
52496,61,1,0,1,2025-04-29 23:04:19.490000
52496,64,1,0,1,2025-04-29 23:04:19.490000
52497,35,1,190,1,2025-04-29 23:04:19.493000
52497,35,2,219,1,2025-04-29 23:04:19.493000
52498,57,1,190,1,2025-04-29 23:04:19.497000
52498,57,2,219,1,2025-04-29 23:04:19.497000
52498,57,3,376,1,2025-04-29 23:04:19.500000
52498,59,1,190,1,2025-04-29 23:04:19.497000
52498,59,2,219,1,2025-04-29 23:04:19.497000
52498,59,3,376,1,2025-04-29 23:04:19.500000
52498,61,1,190,1,2025-04-29 23:04:19.497000
52498,61,2,219,1,2025-04-29 23:04:19.497000
52498,61,3,376,1,2025-04-29 23:04:19.500000
52498,64,1,190,1,2025-04-29 23:04:19.497000
52498,64,2,219,1,2025-04-29 23:04:19.497000
52498,64,3,376,1,2025-04-29 23:04:19.500000
52499,23,1,136,1,2025-04-29 23:04:19.500000
52499,23,2,233,1,2025-04-29 23:04:19.503000
52500,42,1,0,1,2025-04-29 23:04:19.503000
52500,44,1,0,1,2025-04-29 23:04:19.507000
52500,46,1,0,1,2025-04-29 23:04:19.507000
52501,47,1,0,1,2025-04-29 23:04:19.507000
52502,20,1,190,1,2025-04-29 23:04:19.510000
52503,23,1,190,1,2025-04-29 23:04:19.510000
52503,23,2,219,1,2025-04-29 23:04:19.513000
52503,26,1,190,1,2025-04-29 23:04:19.510000
52503,26,2,219,1,2025-04-29 23:04:19.513000
52504,55,1,190,1,2025-04-29 23:04:19.530000
52504,55,2,219,1,2025-04-29 23:04:19.530000
52504,55,3,376,1,2025-04-29 23:04:19.533000
52504,59,1,190,1,2025-04-29 23:04:19.530000
52504,59,2,219,1,2025-04-29 23:04:19.530000
52504,59,3,376,1,2025-04-29 23:04:19.533000
52504,61,1,190,1,2025-04-29 23:04:19.530000
52504,61,2,219,1,2025-04-29 23:04:19.530000
52504,61,3,376,1,2025-04-29 23:04:19.533000
52505,74,1,190,1,2025-04-29 23:04:19.547000
52505,74,2,219,1,2025-04-29 23:04:19.547000
52505,77,1,190,1,2025-04-29 23:04:19.547000
52505,77,2,219,1,2025-04-29 23:04:19.547000
52505,80,1,190,1,2025-04-29 23:04:19.547000
52505,80,2,219,1,2025-04-29 23:04:19.547000
52507,139,1,223,1,2025-04-29 23:04:19.583000
52507,139,2,190,1,2025-04-29 23:04:19.583000
52507,143,1,223,1,2025-04-29 23:04:19.583000
52507,143,2,190,1,2025-04-29 23:04:19.583000
52507,146,1,223,1,2025-04-29 23:04:19.583000
52507,146,2,190,1,2025-04-29 23:04:19.583000
52507,151,1,223,1,2025-04-29 23:04:19.583000
52507,151,2,190,1,2025-04-29 23:04:19.583000
52507,156,1,223,1,2025-04-29 23:04:19.583000
52507,156,2,190,1,2025-04-29 23:04:19.583000
52508,39,1,190,1,2025-04-29 23:04:19.587000
52508,39,2,227,1,2025-04-29 23:04:19.590000
52509,65,1,0,1,2025-04-29 23:04:19.590000
52509,68,1,0,1,2025-04-29 23:04:19.590000
52509,73,1,0,1,2025-04-29 23:04:19.590000
52510,58,1,0,1,2025-04-29 23:04:19.593000
52510,61,1,0,1,2025-04-29 23:04:19.593000
52511,28,1,0,1,2025-04-29 23:04:19.593000
52512,46,1,0,1,2025-04-29 23:04:19.597000
52513,43,1,65,1,2025-04-29 23:04:19.597000
52513,47,1,65,1,2025-04-29 23:04:19.597000
52513,50,1,65,1,2025-04-29 23:04:19.597000
52514,61,1,169,1,2025-04-29 23:04:19.600000
52514,61,2,312,1,2025-04-29 23:04:19.600000
52514,61,3,47,1,2025-04-29 23:04:19.603000
52514,61,4,190,1,2025-04-29 23:04:19.603000
52516,26,1,190,1,2025-04-29 23:04:19.607000
52517,50,2,380,1,2025-10-01 19:56:19.217000
52518,36,1,221,1,2025-04-29 23:04:19.610000
52518,36,2,190,1,2025-04-29 23:04:19.610000
52519,39,1,190,1,2025-04-29 23:04:19.610000
52520,31,1,145,1,2025-04-29 23:04:19.613000
52520,31,2,63,1,2025-04-29 23:04:19.617000
52520,31,3,151,1,2025-04-29 23:04:19.617000
52520,31,4,354,1,2025-04-29 23:04:19.620000
52520,31,5,273,1,2025-04-29 23:04:19.620000
52521,38,1,0,1,2025-04-29 23:04:19.623000
52521,43,1,0,1,2025-04-29 23:04:19.627000
52521,48,1,0,1,2025-04-29 23:04:19.633000
52521,51,1,0,1,2025-04-29 23:04:19.633000
52521,55,1,0,1,2025-04-29 23:04:19.633000
52527,84,1,0,1,2025-04-29 23:04:20.480000
52527,85,1,0,1,2025-04-29 23:04:20.480000
52527,89,1,0,1,2025-04-29 23:04:20.480000
52527,90,1,0,1,2025-04-29 23:04:20.480000
52535,13,1,0,1,2025-04-29 23:04:20.483000
52535,14,1,0,1,2025-04-29 23:04:20.483000
52537,11,1,0,1,2025-04-29 23:04:20.483000
52571,130,1,0,1,2025-04-29 23:04:15.460000
52571,133,1,0,1,2025-04-29 23:04:15.460000
52571,136,1,0,1,2025-04-29 23:04:15.460000
52571,139,1,0,1,2025-04-29 23:04:15.460000
52571,141,1,0,1,2025-04-29 23:04:15.460000
52571,143,1,0,1,2025-04-29 23:04:15.460000
52711,22,1,0,1,2025-04-29 23:04:19.633000
52712,25,1,0,1,2025-04-29 23:04:19.637000
52713,18,1,0,1,2025-04-29 23:04:19.637000
52725,31,1,11,1,2025-04-29 23:04:17.313000
52725,31,2,135,1,2025-04-29 23:04:17.313000
52725,31,3,15,1,2025-04-29 23:04:17.317000
52725,36,1,11,1,2025-04-29 23:04:17.313000
52725,36,2,135,1,2025-04-29 23:04:17.313000
52725,36,3,15,1,2025-04-29 23:04:17.317000
52725,37,1,11,1,2025-04-29 23:04:17.313000
52725,37,2,135,1,2025-04-29 23:04:17.313000
52725,37,3,15,1,2025-04-29 23:04:17.317000
52725,38,1,11,1,2025-04-29 23:04:17.313000
52725,38,2,135,1,2025-04-29 23:04:17.313000
52725,38,3,15,1,2025-04-29 23:04:17.317000
52732,24,1,0,1,2025-04-29 23:04:17.317000
52732,25,1,0,1,2025-04-29 23:04:17.317000
52754,6,1,0,1,2025-04-29 23:04:17.320000
52754,7,1,0,1,2025-04-29 23:04:17.320000
52755,13,1,0,1,2025-04-29 23:04:17.320000
52755,14,1,0,1,2025-04-29 23:04:17.320000
52767,13,1,0,1,2025-04-29 23:04:17.320000
52767,14,1,0,1,2025-04-29 23:04:17.320000
52770,28,1,320,1,2025-04-29 23:04:17.323000
52770,29,1,320,1,2025-04-29 23:04:17.323000
52775,17,1,0,1,2025-04-29 23:04:17.330000
52775,18,1,0,1,2025-04-29 23:04:17.330000
52800,92,1,0,1,2025-04-29 23:04:20.737000
52800,94,1,0,1,2025-04-29 23:04:20.737000
52800,96,1,0,1,2025-04-29 23:04:20.737000
52800,98,1,0,1,2025-04-29 23:04:20.737000
52825,11,1,0,1,2025-04-29 23:04:20.310000
52825,12,1,0,1,2025-04-29 23:04:20.310000
52830,7,1,0,1,2025-04-29 23:04:19.207000
52830,8,1,0,1,2025-04-29 23:04:19.207000
52830,9,1,0,1,2025-04-29 23:04:19.207000
52837,20,1,0,1,2025-04-29 23:04:20.267000
52837,21,1,0,1,2025-04-29 23:04:20.267000
52840,2,1,1,1,2025-04-29 23:04:20.273000
52840,3,1,1,1,2025-04-29 23:04:20.273000
52841,3,1,0,1,2025-04-29 23:04:20.283000
52841,4,1,0,1,2025-04-29 23:04:20.283000
52842,17,1,0,1,2025-04-29 23:04:20.290000
52842,18,1,0,1,2025-04-29 23:04:20.290000
52845,7,1,0,1,2025-04-29 23:04:20.277000
52845,8,1,0,1,2025-04-29 23:04:20.277000
52848,38,1,0,1,2025-04-29 23:04:18.760000
52848,41,1,0,1,2025-04-29 23:04:18.760000
52848,42,1,0,1,2025-04-29 23:04:18.760000
52849,35,1,186,1,2025-04-29 23:04:18.763000
52849,35,2,177,1,2025-04-29 23:04:18.767000
52849,35,3,263,1,2025-04-29 23:04:18.773000
52849,35,4,272,1,2025-04-29 23:04:18.777000
52849,36,1,186,1,2025-04-29 23:04:18.763000
52849,36,2,177,1,2025-04-29 23:04:18.767000
52849,36,3,263,1,2025-04-29 23:04:18.773000
52849,36,4,272,1,2025-04-29 23:04:18.777000
52850,50,1,62,1,2025-04-29 23:04:18.787000
52850,52,1,62,1,2025-04-29 23:04:18.787000
52850,55,1,62,1,2025-04-29 23:04:18.787000
52850,56,1,62,1,2025-04-29 23:04:18.787000
52855,30,1,158,1,2025-04-29 23:04:18.920000
52855,31,1,158,1,2025-04-29 23:04:18.920000
52863,55,1,0,1,2025-04-29 23:04:19.850000
52863,58,1,0,1,2025-04-29 23:04:19.850000
52863,59,1,0,1,2025-04-29 23:04:19.850000
52866,34,1,89,1,2025-04-29 23:04:20.080000
52866,34,2,192,1,2025-04-29 23:04:20.087000
52866,34,3,274,1,2025-04-29 23:04:20.090000
52866,34,4,237,1,2025-04-29 23:04:20.093000
52866,35,1,89,1,2025-04-29 23:04:20.080000
52866,35,2,192,1,2025-04-29 23:04:20.087000
52866,35,3,274,1,2025-04-29 23:04:20.090000
52866,35,4,237,1,2025-04-29 23:04:20.093000
52868,45,1,263,1,2025-04-29 23:04:20.163000
52868,46,1,263,1,2025-04-29 23:04:20.163000
52870,37,1,0,1,2025-04-29 23:04:20.193000
52870,38,1,0,1,2025-04-29 23:04:20.193000
52917,4,1,0,1,2025-04-29 23:04:17.330000
52918,5,1,0,1,2025-04-29 23:04:17.333000
52926,9,1,344,1,2018-10-16 21:51:03.283000
52926,11,1,344,1,2018-10-16 21:51:03.283000
52926,13,1,344,1,2025-04-29 23:04:17.333000
52926,14,1,344,1,2025-04-29 23:04:17.333000
52959,13,1,0,1,2025-04-29 23:04:17.337000
52959,14,1,0,1,2025-04-29 23:04:17.337000
52959,15,1,0,1,2025-04-29 23:04:17.337000
52960,14,1,0,1,2025-04-29 23:04:17.337000
52960,15,1,0,1,2025-04-29 23:04:17.337000
52986,237,1,372,2,2023-08-31 19:56:09.250000
52986,242,1,372,2,2023-08-31 19:56:09.250000
52992,27,1,0,1,2025-04-29 23:04:16.603000
52992,30,1,0,1,2025-04-29 23:04:16.607000
52993,54,1,0,1,2025-04-29 23:04:16.607000
52996,26,1,0,1,2025-04-29 23:04:16.610000
52996,31,1,0,1,2025-04-29 23:04:16.610000
52998,47,1,0,1,2025-04-29 23:04:16.610000
52998,50,1,0,1,2025-04-29 23:04:16.610000
53001,42,1,0,1,2025-04-29 23:04:16.613000
53001,45,1,0,1,2025-04-29 23:04:16.613000
53006,14,1,0,1,2025-04-29 23:04:17.930000
53008,53,1,0,1,2025-04-29 23:04:17.337000
53008,55,1,0,1,2025-04-29 23:04:17.337000
53008,56,1,0,1,2025-04-29 23:04:17.337000
53009,51,1,0,1,2025-04-29 23:04:17.340000
53009,53,1,0,1,2025-04-29 23:04:17.340000
53009,54,1,0,1,2025-04-29 23:04:17.340000
53017,36,1,249,1,2025-04-29 23:04:17.340000
53017,37,1,249,1,2025-04-29 23:04:17.340000
53018,13,1,0,1,2025-04-29 23:04:20.140000
53018,14,1,0,1,2025-04-29 23:04:20.140000
53019,14,1,0,1,2025-04-29 23:04:20.303000
53019,15,1,0,1,2025-04-29 23:04:20.303000
53020,2,1,0,1,2025-04-29 23:04:20.310000
53020,3,1,0,1,2025-04-29 23:04:20.310000
53021,126,1,0,1,2025-04-30 16:34:55.170000
53021,128,1,0,1,2025-04-30 16:34:55.170000
53021,132,1,0,1,2025-04-30 16:34:55.170000
53021,136,1,0,1,2025-04-30 16:34:55.170000
53021,140,1,0,1,2025-04-30 16:34:55.170000
53021,141,1,0,1,2025-04-30 16:34:55.170000
53024,21,1,0,1,2025-04-29 23:04:17.340000
53024,22,1,0,1,2025-04-29 23:04:17.340000
53026,59,1,57,1,2025-04-29 23:04:17.343000
53026,61,1,57,3,2015-10-02 17:44:41.300000
53026,62,1,57,3,2015-10-02 17:44:41.300000
53026,65,1,57,3,2015-10-02 17:44:41.300000
53028,56,1,57,1,2025-04-29 23:04:17.347000
53028,58,1,57,3,2015-10-02 17:46:09.177000
53028,59,1,57,3,2015-10-02 17:46:09.177000
53032,132,1,0,1,2025-04-29 23:04:17.350000
53032,134,1,0,1,2025-04-29 23:04:17.350000
53032,138,1,0,1,2025-04-29 23:04:17.350000
53032,141,1,0,1,2025-04-29 23:04:17.350000
53032,143,1,0,1,2025-04-29 23:04:17.350000
53032,145,1,0,1,2025-04-29 23:04:17.350000
53033,126,1,0,1,2025-04-29 23:04:17.357000
53033,128,1,0,1,2025-04-29 23:04:17.357000
53033,132,1,0,1,2025-04-29 23:04:17.357000
53033,135,1,0,1,2025-04-29 23:04:17.357000
53033,139,1,0,1,2025-04-29 23:04:17.357000
53033,141,1,0,1,2025-04-29 23:04:17.357000
53034,7,1,0,1,2025-04-29 23:04:17.360000
53034,8,1,0,1,2025-04-29 23:04:17.360000
53043,14,1,0,1,2025-04-29 23:04:17.930000
53043,16,1,0,1,2025-04-29 23:04:17.930000
53046,21,1,0,1,2025-04-29 23:04:17.360000
53046,22,1,0,1,2025-04-29 23:04:17.360000
53047,17,1,0,1,2025-04-29 23:04:17.933000
53049,96,1,223,2,2017-08-22 18:24:19.800000
53049,98,1,223,1,2025-04-29 23:04:16.617000
53049,99,1,223,1,2025-04-29 23:04:16.617000
53052,47,1,0,1,2025-04-29 23:04:17.933000
53052,48,1,0,1,2025-04-29 23:04:17.933000
53053,14,1,0,1,2025-04-29 23:04:17.937000
53055,13,1,0,1,2025-04-29 23:04:17.937000
53056,15,1,0,1,2025-04-29 23:04:17.940000
53057,61,1,22,1,2025-04-29 23:04:17.940000
53057,61,2,94,1,2025-04-29 23:04:17.943000
53057,63,1,22,1,2025-04-29 23:04:17.940000
53057,63,2,94,1,2025-04-29 23:04:17.943000
53057,67,1,22,1,2025-04-29 23:04:17.940000
53057,67,2,94,1,2025-04-29 23:04:17.943000
53058,59,1,0,1,2025-04-29 23:04:17.943000
53058,61,1,0,1,2025-04-29 23:04:17.943000
53058,65,1,0,1,2025-04-29 23:04:17.943000
53060,44,1,0,1,2025-04-29 23:04:17.947000
53060,48,1,0,1,2025-04-29 23:04:17.947000
53064,81,1,22,1,2025-04-29 23:04:17.947000
53064,81,2,94,1,2025-04-29 23:04:17.950000
53064,81,3,231,1,2025-04-29 23:04:17.950000
53064,81,4,131,1,2025-04-29 23:04:17.953000
53064,83,1,22,1,2025-04-29 23:04:17.947000
53064,83,2,94,1,2025-04-29 23:04:17.950000
53064,83,3,231,1,2025-04-29 23:04:17.950000
53064,83,4,131,1,2025-04-29 23:04:17.953000
53064,87,1,22,1,2025-04-29 23:04:17.947000
53064,87,2,94,1,2025-04-29 23:04:17.950000
53064,87,3,231,1,2025-04-29 23:04:17.950000
53064,87,4,131,1,2025-04-29 23:04:17.953000
53065,70,1,22,1,2025-04-29 23:04:17.953000
53065,70,2,175,1,2025-04-29 23:04:17.953000
53065,70,3,94,1,2025-04-29 23:04:17.957000
53065,70,4,231,1,2025-04-29 23:04:17.957000
53065,70,5,131,1,2025-04-29 23:04:17.960000
53065,72,1,22,1,2025-04-29 23:04:17.953000
53065,72,2,175,1,2025-04-29 23:04:17.953000
53065,72,3,94,1,2025-04-29 23:04:17.957000
53065,72,4,231,1,2025-04-29 23:04:17.957000
53065,72,5,131,1,2025-04-29 23:04:17.960000
53065,76,1,22,1,2025-04-29 23:04:17.953000
53065,76,2,175,1,2025-04-29 23:04:17.953000
53065,76,3,94,1,2025-04-29 23:04:17.957000
53065,76,4,231,1,2025-04-29 23:04:17.957000
53065,76,5,131,1,2025-04-29 23:04:17.960000
53066,92,1,0,1,2025-04-29 23:04:17.960000
53066,95,1,0,1,2025-04-29 23:04:17.960000
53066,97,1,0,1,2025-04-29 23:04:17.960000
53066,99,1,0,1,2025-04-29 23:04:17.960000
53079,25,1,0,1,2025-04-29 23:04:17.363000
53079,26,1,0,1,2025-04-29 23:04:17.363000
53084,27,1,0,1,2025-04-29 23:04:17.363000
53084,28,1,0,1,2025-04-29 23:04:17.363000
53095,28,1,0,1,2025-04-29 23:04:17.960000
53101,46,1,0,1,2025-04-29 23:04:15.410000
53104,32,1,0,1,2025-04-29 23:04:15.410000
53105,22,1,0,1,2025-04-29 23:04:15.413000
53106,16,1,0,1,2025-04-29 23:04:15.417000
53124,37,1,0,1,2025-04-29 23:04:16.620000
53124,38,1,0,1,2025-04-29 23:04:16.620000
53127,181,1,0,1,2025-04-29 23:04:16.633000
53127,184,1,0,1,2025-04-29 23:04:16.633000
53127,187,1,0,1,2025-04-29 23:04:16.633000
53127,190,1,0,1,2025-04-29 23:04:16.633000
53127,193,1,0,1,2025-04-29 23:04:16.633000
53134,84,1,292,1,2025-04-29 23:04:16.633000
53134,84,2,288,1,2025-04-29 23:04:16.637000
53134,84,3,294,1,2025-04-29 23:04:16.637000
53252,234,1,0,1,2025-04-29 23:04:16.650000
53252,236,1,0,1,2025-04-29 23:04:16.650000
53252,237,1,0,1,2025-04-29 23:04:16.650000
53296,18,1,0,1,2025-04-29 23:04:17.367000
53296,22,1,0,1,2025-04-29 23:04:17.367000
53296,23,1,0,1,2025-04-29 23:04:17.367000
53304,15,1,0,1,2025-04-29 23:04:17.367000
53304,16,1,0,1,2025-04-29 23:04:17.367000
53322,15,1,0,1,2025-04-29 23:04:17.370000
53322,16,1,0,1,2025-04-29 23:04:17.370000
53352,12,1,0,1,2025-04-29 23:04:17.373000
53352,13,1,0,1,2025-04-29 23:04:17.373000
53356,13,1,0,1,2025-04-29 23:04:17.373000
53356,14,1,0,1,2025-04-29 23:04:17.373000
53359,34,1,249,1,2025-04-29 23:04:17.377000
53359,35,1,249,1,2025-04-29 23:04:17.377000
53359,38,1,249,1,2025-04-29 23:04:17.377000
53359,40,1,249,1,2025-04-29 23:04:17.377000
53387,32,1,0,1,2025-04-29 23:04:17.963000
53387,33,1,0,1,2025-04-29 23:04:17.963000
53387,35,1,0,1,2025-04-29 23:04:17.963000
53399,13,1,0,1,2025-04-29 23:04:17.963000
53423,16,1,0,1,2025-04-29 23:04:17.963000
53435,11,1,0,1,2025-04-29 23:04:17.967000
53441,10,1,0,1,2025-04-29 23:04:17.967000
53444,14,1,57,1,2025-04-29 23:04:17.970000
53446,6,1,0,1,2025-04-29 23:04:17.970000
53472,18,1,0,1,2025-04-29 23:04:17.973000
53480,14,1,0,1,2025-04-29 23:04:15.420000
53482,13,1,0,1,2025-04-29 23:04:17.973000
53484,16,1,0,1,2025-04-29 23:04:15.420000
53484,18,1,0,1,2025-04-29 23:04:15.420000
53488,11,1,0,1,2025-04-29 23:04:17.973000
53495,11,1,0,1,2025-04-29 23:04:17.977000
53497,15,1,0,1,2025-04-29 23:04:17.977000
53531,22,1,0,1,2025-04-29 23:04:15.420000
53538,15,1,0,1,2025-04-29 23:04:15.423000
53558,29,1,0,1,2025-04-29 23:04:15.423000
53605,21,1,0,1,2025-04-29 23:04:15.423000
53702,19,1,0,1,2025-04-29 23:04:15.427000
53708,16,1,245,1,2025-04-29 23:04:17.980000
53773,20,1,0,1,2025-04-29 23:04:17.983000
53775,34,1,0,1,2025-04-29 23:04:17.983000
53778,14,1,0,1,2025-04-29 23:04:17.987000
53781,17,1,0,1,2025-04-29 23:04:17.987000
53784,15,1,1,1,2025-04-29 23:04:17.990000
53793,33,1,0,1,2025-04-29 23:04:17.990000
53793,35,1,0,1,2025-04-29 23:04:17.990000
53793,38,1,0,1,2025-04-29 23:04:17.990000
53883,26,1,0,1,2025-04-29 23:04:16.650000
53893,8,1,0,1,2025-04-29 23:04:17.377000
53893,10,1,0,1,2025-04-29 23:04:17.377000
53893,11,1,0,1,2025-04-29 23:04:17.377000
53916,11,1,0,1,2025-04-29 23:04:17.377000
53916,12,1,0,1,2025-04-29 23:04:17.377000
53918,11,1,0,1,2025-04-29 23:04:17.380000
53918,12,1,0,1,2025-04-29 23:04:17.380000
53931,6,1,0,1,2025-04-29 23:04:17.990000
53972,9,1,0,1,2025-04-29 23:04:17.380000
53972,10,1,0,1,2025-04-29 23:04:17.380000
53975,8,1,0,1,2025-04-29 23:04:17.380000
53975,9,1,0,1,2025-04-29 23:04:17.380000
53986,18,1,0,1,2025-04-29 23:04:17.990000
53988,20,1,0,1,2025-04-29 23:04:17.993000
54018,33,1,0,1,2025-04-29 23:04:15.430000
54021,26,1,0,1,2025-04-29 23:04:15.430000
54061,19,1,285,1,2025-04-29 23:04:17.380000
54061,20,1,285,1,2025-04-29 23:04:17.380000
54061,23,1,285,1,2025-04-29 23:04:17.380000
54063,15,1,285,1,2025-04-29 23:04:17.383000
54063,16,1,285,1,2025-04-29 23:04:17.383000
54095,59,1,0,1,2025-04-29 23:04:16.653000
54095,65,2,270,2,2025-04-30 17:37:12.247000
54095,68,2,270,2,2025-04-30 17:37:12.247000
54111,48,1,0,1,2025-04-29 23:04:16.663000
54111,50,1,0,1,2025-04-29 23:04:16.663000
54117,86,1,0,1,2026-01-15 14:18:58.330000
54117,88,2,217,6,2026-01-20 17:33:02.303000
54137,2,1,0,1,2025-04-29 23:04:20.483000
54188,33,1,0,1,2025-04-29 23:04:20.487000
54191,27,1,0,1,2025-04-29 23:04:20.487000
54192,22,1,0,1,2025-04-29 23:04:20.490000
54194,23,1,0,1,2025-04-29 23:04:20.490000
54195,22,1,0,1,2025-04-29 23:04:20.490000
54196,20,1,0,1,2025-04-29 23:04:20.490000
54257,14,1,0,1,2025-04-29 23:04:20.497000
54269,14,1,0,1,2025-04-29 23:04:20.500000
54270,16,1,0,1,2025-04-29 23:04:20.500000
54283,15,1,0,1,2025-04-29 23:04:20.507000
54295,27,1,0,1,2025-04-29 23:04:20.507000
54300,16,1,0,1,2025-04-29 23:04:20.510000
54327,7,1,0,1,2025-04-29 23:04:20.510000
54338,52,1,372,1,2025-04-29 23:04:15.430000
54338,55,1,372,1,2025-04-29 23:04:15.430000
54386,37,1,0,1,2025-04-29 23:04:17.383000
54386,38,1,0,1,2025-04-29 23:04:17.383000
54388,33,1,0,1,2025-04-29 23:04:17.387000
54388,34,1,0,1,2025-04-29 23:04:17.387000
54388,35,1,0,1,2025-04-29 23:04:17.387000
54398,2,1,0,1,2025-04-29 23:04:20.737000
54399,2,1,165,1,2025-04-29 23:04:20.740000
54399,2,2,164,1,2025-04-29 23:04:20.740000
54399,2,3,263,1,2025-04-29 23:04:20.740000
54400,2,1,165,1,2025-04-29 23:04:20.743000
54400,2,2,164,1,2025-04-29 23:04:20.743000
54400,2,3,263,1,2025-04-29 23:04:20.747000
54400,2,4,204,1,2025-04-29 23:04:20.747000
54402,2,1,164,1,2025-04-29 23:04:20.750000
54402,2,2,263,1,2025-04-29 23:04:20.750000
54403,2,1,0,1,2025-04-29 23:04:20.330000
54418,27,1,0,1,2025-04-29 23:04:17.387000
54418,28,1,0,1,2025-04-29 23:04:17.387000
54420,26,1,0,1,2025-04-29 23:04:17.390000
54420,27,1,0,1,2025-04-29 23:04:17.390000
54420,28,1,0,1,2025-04-29 23:04:17.390000
54422,20,1,0,1,2025-04-29 23:04:17.390000
54422,21,1,0,1,2025-04-29 23:04:17.390000
54424,19,1,0,1,2025-04-29 23:04:17.390000
54424,20,1,0,1,2025-04-29 23:04:17.390000
54445,26,1,0,1,2025-04-29 23:04:17.390000
54445,27,1,0,1,2025-04-29 23:04:17.390000
54447,23,1,0,1,2025-04-29 23:04:17.393000
54447,25,1,0,1,2025-04-29 23:04:17.393000
54447,26,1,0,1,2025-04-29 23:04:17.393000
54472,30,1,0,1,2025-04-29 23:04:15.433000
54480,13,1,0,1,2025-04-29 23:04:17.393000
54480,15,1,0,1,2025-04-29 23:04:17.393000
54480,16,1,0,1,2025-04-29 23:04:17.393000
54482,13,1,0,1,2025-04-29 23:04:17.393000
54482,15,1,0,1,2025-04-29 23:04:17.393000
54482,16,1,0,1,2025-04-29 23:04:17.393000
54484,10,1,0,1,2025-04-29 23:04:17.397000
54484,12,1,0,1,2025-04-29 23:04:17.397000
54484,13,1,0,1,2025-04-29 23:04:17.397000
54486,10,1,0,1,2025-04-29 23:04:17.397000
54486,12,1,0,1,2025-04-29 23:04:17.397000
54486,13,1,0,1,2025-04-29 23:04:17.397000
54498,23,1,0,1,2025-04-29 23:04:17.397000
54498,24,1,0,1,2025-04-29 23:04:17.397000
54500,21,1,0,1,2025-04-29 23:04:17.400000
54500,23,1,0,1,2025-04-29 23:04:17.400000
54500,24,1,0,1,2025-04-29 23:04:17.400000
54516,45,1,234,1,2025-04-29 23:04:19.650000
54516,45,2,190,1,2025-04-29 23:04:19.650000
54516,48,1,234,1,2025-04-29 23:04:19.650000
54516,48,2,190,1,2025-04-29 23:04:19.650000
54543,16,1,82,1,2025-04-29 23:04:17.400000
54543,20,1,82,1,2025-04-29 23:04:17.400000
54543,21,1,82,1,2025-04-29 23:04:17.400000
54545,16,1,82,1,2025-04-29 23:04:17.400000
54545,19,1,82,1,2025-04-29 23:04:17.400000
54545,20,1,82,1,2025-04-29 23:04:17.400000
54545,21,1,82,1,2025-04-29 23:04:17.400000
54547,3,1,0,1,2025-04-29 23:04:17.403000
54548,32,1,0,1,2025-04-29 23:04:18.943000
54548,35,1,0,1,2025-04-29 23:04:18.943000
54548,36,1,0,1,2025-04-29 23:04:18.943000
54552,3,1,0,1,2025-04-29 23:04:17.403000
54553,3,1,0,1,2025-04-29 23:04:17.403000
54554,3,1,0,1,2025-04-29 23:04:17.407000
54555,18,1,0,1,2025-04-29 23:04:17.993000
54559,12,1,0,1,2025-04-29 23:04:17.993000
54562,3,1,0,1,2025-04-29 23:04:20.753000
54563,54,1,47,1,2025-04-29 23:04:19.650000
54563,54,2,139,1,2025-04-29 23:04:19.653000
54584,2,1,0,1,2025-04-29 23:04:20.510000
54586,2,1,0,1,2025-04-29 23:04:20.510000
54588,2,1,0,1,2025-04-29 23:04:20.513000
54589,2,1,0,1,2025-04-29 23:04:17.407000
54591,3,1,0,1,2025-04-29 23:04:17.407000
54594,3,1,0,1,2025-04-29 23:04:17.410000
54595,3,1,0,1,2025-04-29 23:04:17.410000
54596,3,1,0,1,2025-04-29 23:04:17.410000
54597,3,1,0,1,2025-04-29 23:04:17.410000
54602,21,1,0,1,2025-04-29 23:04:19.997000
54602,24,1,0,1,2025-04-29 23:04:19.997000
54602,25,1,0,1,2025-04-29 23:04:19.997000
54607,2,1,0,1,2025-04-29 23:04:20.513000
54610,3,1,0,1,2025-04-29 23:04:20.513000
54611,5,1,0,1,2025-04-29 23:04:20.517000
54612,4,1,0,1,2025-04-29 23:04:20.517000
54613,3,1,0,1,2025-04-29 23:04:20.517000
54616,2,1,0,1,2025-04-29 23:04:20.520000
54617,2,1,0,1,2025-04-29 23:04:20.520000
54630,2,1,0,1,2025-04-29 23:04:17.413000
54632,3,1,0,1,2025-04-29 23:04:17.413000
54635,30,1,0,1,2025-04-29 23:04:17.413000
54635,31,1,0,1,2025-04-29 23:04:17.413000
54641,3,1,158,1,2015-08-28 21:56:20.180000
54641,5,1,158,1,2015-08-28 21:56:20.180000
54641,9,1,158,1,2015-08-28 21:56:20.180000
54641,13,1,158,1,2025-04-29 23:04:17.417000
54643,3,1,158,1,2015-08-28 21:57:57.633000
54643,5,1,158,1,2015-08-28 21:57:57.633000
54643,9,1,158,1,2015-08-28 21:57:57.633000
54643,13,1,158,1,2025-04-29 23:04:17.417000
54644,2,1,0,1,2025-04-29 23:04:17.420000
54645,3,1,0,1,2025-04-29 23:04:17.420000
54646,3,1,0,1,2025-04-29 23:04:17.420000
54647,3,1,0,1,2025-04-29 23:04:17.420000
54660,13,1,0,1,2025-04-29 23:04:17.423000
54660,14,1,0,1,2025-04-29 23:04:17.423000
54662,13,1,0,1,2025-04-29 23:04:17.423000
54662,14,1,0,1,2025-04-29 23:04:17.423000
54682,34,1,0,1,2025-04-29 23:04:17.997000
54685,17,1,0,1,2025-04-29 23:04:20.520000
54686,22,1,0,1,2025-04-29 23:04:20.520000
54688,23,1,0,1,2025-04-29 23:04:20.523000
54689,32,1,372,1,2025-04-29 23:04:20.523000
54694,2,1,0,1,2025-04-29 23:04:20.753000
54710,6,1,0,1,2025-04-29 23:04:17.423000
54713,4,1,0,1,2025-04-29 23:04:17.427000
54714,4,1,0,1,2025-04-29 23:04:17.427000
54715,4,1,0,1,2025-04-29 23:04:17.427000
54750,13,1,0,1,2025-04-29 23:04:17.997000
54767,65,1,0,1,2025-04-29 23:04:17.997000
54767,66,1,0,1,2025-04-29 23:04:17.997000
54767,68,1,0,1,2025-04-29 23:04:17.997000
54767,71,1,0,1,2025-04-29 23:04:17.997000
54768,36,1,0,1,2025-04-29 23:04:18
54768,38,1,0,1,2025-04-29 23:04:18
54769,27,1,0,1,2025-04-29 23:04:18
54777,2,1,0,1,2025-04-29 23:04:20.527000
54780,2,1,0,1,2025-04-29 23:04:20.527000
54781,2,1,0,1,2025-04-29 23:04:20.530000
54790,2,1,0,1,2025-04-29 23:04:20.530000
54791,2,1,0,1,2025-04-29 23:04:20.530000
54795,42,1,372,1,2025-04-29 23:04:15.433000
54799,59,1,0,1,2025-04-29 23:04:18
54799,62,1,0,1,2025-04-29 23:04:18
54799,65,1,0,1,2025-04-29 23:04:18
54799,67,1,0,1,2025-04-29 23:04:18
54812,7,1,0,1,2025-04-29 23:04:18.003000
54813,2,1,0,1,2025-04-29 23:04:20.530000
54814,2,1,0,1,2025-04-29 23:04:20.533000
54830,9,1,0,1,2025-04-29 23:04:20.533000
54831,28,1,357,1,2025-04-29 23:04:18.007000
54832,14,1,0,1,2025-04-29 23:04:15.437000
54841,2,1,266,1,2025-04-29 23:04:20.753000
54841,2,2,155,1,2025-04-29 23:04:20.757000
54842,2,1,155,1,2025-04-29 23:04:20.757000
54842,2,2,266,1,2025-04-29 23:04:20.760000
54842,2,3,187,1,2025-04-29 23:04:20.760000
54842,2,4,161,1,2025-04-29 23:04:20.763000
54880,10,1,0,1,2025-04-29 23:04:18.007000
54881,2,1,0,1,2025-04-29 23:04:20.533000
54893,4,1,0,1,2025-04-29 23:04:17.430000
54894,4,1,0,1,2025-04-29 23:04:17.430000
54895,2,1,0,1,2025-04-29 23:04:17.430000
54896,3,1,0,1,2025-04-29 23:04:17.430000
54899,2,1,0,1,2025-04-29 23:04:20.537000
54901,27,1,0,1,2025-04-29 23:04:20.537000
54909,24,1,0,1,2025-04-29 23:04:20.030000
54909,25,1,0,1,2025-04-29 23:04:20.030000
54916,2,1,0,1,2025-04-29 23:04:17.433000
54917,15,1,0,1,2025-04-29 23:04:17.433000
54917,19,1,0,1,2025-04-29 23:04:17.433000
54917,20,1,0,1,2025-04-29 23:04:17.433000
54919,17,1,0,1,2025-04-29 23:04:17.433000
54919,21,1,0,1,2025-04-29 23:04:17.433000
54919,22,1,0,1,2025-04-29 23:04:17.433000
54920,2,1,0,1,2025-04-29 23:04:20.763000
54923,39,1,57,1,2025-04-29 23:04:20.767000
54923,41,1,57,3,2016-02-17 13:40:57.960000
54923,45,1,57,3,2016-02-17 13:40:57.960000
54926,25,1,220,1,2025-04-29 23:04:15.463000
54926,25,2,357,1,2025-04-29 23:04:15.463000
54927,3,1,0,1,2025-04-29 23:04:17.437000
54929,33,1,357,2,2019-10-04 19:37:41.137000
54929,35,1,357,2,2019-10-04 19:37:41.137000
54929,37,1,357,1,2025-04-29 23:04:17.437000
54929,39,1,357,1,2025-04-29 23:04:17.437000
54929,40,1,357,1,2025-04-29 23:04:17.437000
54931,28,1,357,2,2019-10-04 19:40:09.030000
54931,30,1,357,2,2019-10-04 19:40:09.030000
54931,32,1,357,1,2025-04-29 23:04:17.440000
54931,34,1,357,1,2025-04-29 23:04:17.440000
54931,35,1,357,1,2025-04-29 23:04:17.440000
54953,65,1,0,1,2025-04-29 23:04:20.770000
54953,67,1,0,1,2025-04-29 23:04:20.770000
54953,68,1,0,1,2025-04-29 23:04:20.770000
54953,70,1,0,1,2025-04-29 23:04:20.770000
54954,28,1,0,1,2025-04-29 23:04:16.670000
54958,24,1,357,1,2025-04-29 23:04:20.770000
54958,26,1,357,1,2025-04-29 23:04:20.770000
54958,28,1,357,1,2025-04-29 23:04:20.770000
54961,20,1,357,1,2025-04-29 23:04:20.540000
54961,21,1,357,1,2025-04-29 23:04:20.540000
54965,3,1,0,1,2025-04-29 23:04:17.440000
54969,48,1,270,1,2025-04-29 23:04:17.443000
54969,51,1,270,1,2025-04-29 23:04:17.443000
54969,52,1,270,1,2025-04-29 23:04:17.443000
54975,16,1,0,1,2025-04-29 23:04:17.447000
54975,17,1,0,1,2025-04-29 23:04:17.447000
54976,15,1,0,1,2025-04-29 23:04:17.447000
54976,16,1,0,1,2025-04-29 23:04:17.447000
54978,3,1,0,1,2025-04-29 23:04:17.447000
54979,4,1,0,1,2025-04-29 23:04:17.450000
54980,2,1,240,1,2025-04-29 23:04:17.450000
54981,3,1,240,1,2025-04-29 23:04:17.450000
54982,28,1,220,1,2025-04-29 23:04:16.673000
54982,28,2,357,1,2025-04-29 23:04:16.673000
54983,2,1,0,1,2025-04-29 23:04:20.540000
54988,2,1,0,1,2025-04-29 23:04:20.543000
54990,4,1,270,1,2025-04-29 23:04:17.453000
54991,4,1,270,1,2025-04-29 23:04:17.453000
54992,39,1,270,1,2025-04-29 23:04:17.457000
54992,42,1,270,1,2025-04-29 23:04:17.457000
54992,43,1,270,1,2025-04-29 23:04:17.457000
54998,4,1,0,1,2025-04-29 23:04:17.460000
55001,64,1,0,1,2025-04-29 23:04:17.460000
55001,65,1,0,1,2025-04-29 23:04:17.460000
55001,67,1,0,1,2025-04-29 23:04:17.460000
55001,69,1,0,1,2025-04-29 23:04:17.460000
55003,2,1,102,1,2025-04-29 23:04:20.773000
55028,40,1,0,1,2025-04-29 23:04:17.460000
55028,42,1,0,1,2025-04-29 23:04:17.460000
55028,44,1,0,1,2025-04-29 23:04:17.460000
55028,45,1,0,1,2025-04-29 23:04:17.460000
55029,33,1,0,1,2025-04-29 23:04:17.463000
55029,35,1,0,1,2025-04-29 23:04:17.463000
55029,36,1,0,1,2025-04-29 23:04:17.463000
55030,62,1,0,1,2025-04-29 23:04:17.463000
55030,63,1,0,1,2025-04-29 23:04:17.463000
55031,3,1,0,1,2025-04-29 23:04:17.463000
55044,17,1,0,1,2025-04-29 23:04:17.467000
55044,18,1,0,1,2025-04-29 23:04:17.467000
55045,16,1,0,1,2025-04-29 23:04:17.470000
55045,17,1,0,1,2025-04-29 23:04:17.470000
55048,2,1,0,1,2025-04-29 23:04:17.470000
55049,3,1,0,1,2025-04-29 23:04:17.470000
55053,2,1,0,1,2025-04-29 23:04:17.470000
55055,2,1,0,1,2025-04-29 23:04:17.473000
55056,13,1,0,1,2025-04-29 23:04:17.473000
55056,14,1,0,1,2025-04-29 23:04:17.473000
55057,11,1,0,1,2025-04-29 23:04:17.477000
55057,12,1,0,1,2025-04-29 23:04:17.477000
55057,13,1,0,1,2025-04-29 23:04:17.477000
55058,6,1,0,1,2025-04-29 23:04:17.477000
55058,7,1,0,1,2025-04-29 23:04:17.477000
55059,6,1,0,1,2025-04-29 23:04:17.477000
55059,7,1,0,1,2025-04-29 23:04:17.477000
55061,10,1,0,1,2025-04-29 23:04:17.480000
55061,11,1,0,1,2025-04-29 23:04:17.480000
55061,13,1,0,1,2025-04-29 23:04:17.480000
55062,10,1,0,1,2025-04-29 23:04:17.480000
55062,11,1,0,1,2025-04-29 23:04:17.480000
55069,24,1,0,1,2025-04-29 23:04:18.010000
55069,26,1,0,1,2025-04-29 23:04:18.010000
55072,6,1,0,1,2025-04-29 23:04:17.480000
55076,6,1,0,1,2025-04-29 23:04:17.480000
55077,5,1,0,1,2025-04-29 23:04:17.483000
55079,5,1,0,1,2025-04-29 23:04:17.483000
55115,14,1,0,1,2025-04-29 23:04:17.483000
55115,15,1,0,1,2025-04-29 23:04:17.483000
55115,18,1,0,1,2025-04-29 23:04:17.483000
55116,14,1,0,1,2025-04-29 23:04:17.487000
55116,15,1,0,1,2025-04-29 23:04:17.487000
55116,16,1,0,1,2025-04-29 23:04:17.487000
55124,2,1,0,1,2025-04-29 23:04:20.457000
55134,36,1,0,1,2025-04-29 23:04:16.677000
55134,37,1,0,1,2025-04-29 23:04:16.677000
55136,19,1,0,1,2025-04-29 23:04:20.777000
55146,13,1,0,1,2025-04-29 23:04:20.777000
55146,15,1,0,1,2025-04-29 23:04:20.777000
55146,17,1,0,1,2025-04-29 23:04:20.777000
55147,30,1,0,1,2025-04-29 23:04:20.777000
55154,2,1,0,1,2025-04-29 23:04:17.487000
55155,3,1,0,1,2025-04-29 23:04:17.490000
55161,23,1,0,1,2025-04-29 23:04:20.780000
55162,18,1,0,1,2025-04-29 23:04:20.780000
55162,20,1,0,1,2025-04-29 23:04:20.780000
55169,13,1,0,1,2025-04-29 23:04:20.780000
55169,15,1,0,1,2025-04-29 23:04:20.780000
55175,23,1,0,1,2025-04-29 23:04:20.780000
55175,25,1,0,1,2025-04-29 23:04:20.780000
55193,14,1,0,1,2025-04-29 23:04:20.783000
55193,15,1,0,1,2025-04-29 23:04:20.783000
55197,33,1,372,1,2025-04-29 23:04:20.783000
55197,35,1,372,1,2025-04-29 23:04:20.783000
55200,35,1,0,1,2025-04-29 23:04:20.787000
55200,37,1,0,1,2025-04-29 23:04:20.787000
55206,18,1,0,1,2025-04-29 23:04:20.787000
55210,13,1,0,1,2025-04-29 23:04:20.787000
55210,15,1,0,1,2025-04-29 23:04:20.787000
55214,8,1,253,1,2025-04-29 23:04:17.490000
55214,9,1,253,1,2025-04-29 23:04:17.490000
55215,8,1,253,1,2025-04-29 23:04:17.490000
55215,9,1,253,1,2025-04-29 23:04:17.490000
55224,33,1,372,1,2025-04-29 23:04:20.790000
55224,35,1,372,1,2025-04-29 23:04:20.790000
55224,37,1,372,1,2025-04-29 23:04:20.790000
55227,17,1,0,1,2025-04-29 23:04:18.013000
55227,19,1,0,1,2025-04-29 23:04:18.013000
55229,40,1,0,1,2025-04-29 23:04:16.680000
55229,46,1,0,1,2025-04-29 23:04:16.680000
55230,16,1,0,1,2025-04-29 23:04:20.790000
55230,18,1,0,1,2025-04-29 23:04:20.790000
55231,15,1,0,1,2025-04-29 23:04:20.790000
55231,17,1,0,1,2025-04-29 23:04:20.790000
55233,21,1,0,1,2025-04-29 23:04:20.790000
55235,15,1,0,1,2025-04-29 23:04:20.793000
55239,56,1,0,1,2025-04-29 23:04:17.497000
55239,58,1,0,1,2025-04-29 23:04:17.497000
55239,59,1,0,1,2025-04-29 23:04:17.497000
55239,61,1,0,1,2025-04-29 23:04:17.497000
55239,63,1,0,1,2025-04-29 23:04:17.497000
55239,65,1,0,1,2025-04-29 23:04:17.497000
55240,25,1,11,1,2025-04-29 23:04:16.680000
55240,25,2,240,1,2025-04-29 23:04:16.683000
55240,26,1,11,1,2025-04-29 23:04:16.680000
55240,26,2,240,1,2025-04-29 23:04:16.683000
55257,6,1,0,1,2025-04-29 23:04:20.360000
55261,5,1,0,1,2025-04-29 23:04:20.423000
55264,13,1,0,1,2025-04-29 23:04:17.497000
55264,14,1,0,1,2025-04-29 23:04:17.497000
55265,12,1,0,1,2025-04-29 23:04:17.497000
55265,13,1,0,1,2025-04-29 23:04:17.497000
55276,2,1,0,1,2025-04-29 23:04:20.543000
55294,30,1,372,1,2025-04-29 23:04:17.500000
55294,33,1,372,1,2025-04-29 23:04:17.500000
55294,34,1,372,1,2025-04-29 23:04:17.500000
55295,27,1,372,1,2025-04-29 23:04:17.500000
55295,29,1,372,1,2025-04-29 23:04:17.500000
55295,30,1,372,1,2025-04-29 23:04:17.500000
55305,2,1,0,1,2025-04-29 23:04:20.543000
55306,2,1,0,1,2025-04-29 23:04:20.547000
55310,10,1,0,1,2025-04-29 23:04:18.013000
55310,12,1,0,1,2025-04-29 23:04:18.013000
55313,2,1,0,1,2025-04-29 23:04:20.547000
55314,2,1,0,1,2025-04-29 23:04:18.017000
55315,16,1,0,1,2025-04-29 23:04:20.547000
55315,17,1,0,1,2025-04-29 23:04:20.547000
55318,4,1,0,1,2025-04-29 23:04:20.447000
55323,49,1,0,1,2025-04-29 23:04:17.503000
55323,51,1,0,1,2025-04-29 23:04:17.503000
55323,52,1,0,1,2025-04-29 23:04:17.503000
55326,39,1,0,1,2025-04-29 23:04:17.507000
55326,40,1,0,1,2025-04-29 23:04:17.507000
55327,33,1,0,1,2025-04-29 23:04:17.507000
55327,35,1,0,1,2025-04-29 23:04:17.507000
55327,36,1,0,1,2025-04-29 23:04:17.507000
55334,6,1,0,1,2025-04-29 23:04:20.437000
55336,47,1,0,1,2025-04-29 23:04:18.017000
55336,49,1,0,1,2025-04-29 23:04:18.017000
55354,35,1,0,1,2025-04-29 23:04:18.017000
55361,3,1,0,1,2025-04-29 23:04:17.507000
55362,3,1,0,1,2025-04-29 23:04:17.510000
55372,4,1,0,1,2025-04-29 23:04:17.513000
55373,4,1,0,1,2025-04-29 23:04:17.513000
55378,4,1,0,1,2025-04-29 23:04:20.410000
55381,2,1,0,1,2025-04-29 23:04:20.793000
55383,3,1,0,1,2025-04-29 23:04:17.513000
55384,4,1,0,1,2025-04-29 23:04:17.517000
55391,2,1,0,1,2025-04-29 23:04:20.797000
55397,2,1,0,1,2025-04-29 23:04:20.797000
55400,3,1,0,1,2025-04-29 23:04:20.797000
55401,2,1,0,1,2025-04-29 23:04:20.800000
55404,2,1,0,1,2025-04-29 23:04:20.800000
55421,9,1,0,1,2025-04-29 23:04:20.453000
55426,117,1,0,1,2025-04-29 23:04:19.653000
55426,120,1,0,1,2025-04-29 23:04:19.657000
55426,123,1,0,1,2025-04-29 23:04:19.657000
55426,128,1,0,1,2025-04-29 23:04:19.657000
55426,130,1,0,1,2025-04-29 23:04:19.657000
55426,132,1,0,1,2025-04-29 23:04:19.657000
55427,2,1,0,1,2025-04-29 23:04:20.550000
55430,2,1,0,1,2025-04-29 23:04:20.550000
55432,2,1,0,1,2025-04-29 23:04:20.550000
55435,2,1,0,1,2025-04-29 23:04:20.550000
55436,2,1,0,1,2025-04-29 23:04:20.553000
55451,2,1,0,1,2025-04-29 23:04:20.553000
55452,2,1,0,1,2025-04-29 23:04:20.557000
55453,2,1,0,1,2025-04-29 23:04:20.557000
55457,7,1,0,1,2025-04-29 23:04:17.517000
55458,7,1,0,1,2025-04-29 23:04:17.520000
55470,3,1,0,1,2025-04-29 23:04:17.520000
55471,3,1,0,1,2025-04-29 23:04:17.520000
55472,3,1,0,1,2025-04-29 23:04:17.520000
55473,3,1,0,1,2025-04-29 23:04:17.523000
55475,3,1,0,1,2025-04-29 23:04:20.473000
55478,11,1,0,1,2025-04-29 23:04:17.523000
55478,12,1,0,1,2025-04-29 23:04:17.523000
55479,10,1,0,1,2025-04-29 23:04:17.523000
55479,11,1,0,1,2025-04-29 23:04:17.523000
55489,3,1,15,1,2025-04-29 23:04:17.527000
55490,4,1,15,1,2025-04-29 23:04:17.527000
55491,3,1,0,1,2025-04-29 23:04:17.530000
55492,4,1,0,1,2025-04-29 23:04:17.530000
55503,5,1,0,1,2025-04-29 23:04:17.530000
55505,5,1,0,1,2025-04-29 23:04:17.530000
55527,5,1,0,1,2025-04-29 23:04:17.530000
55528,5,1,0,1,2025-04-29 23:04:17.533000
55530,34,1,0,1,2025-04-29 23:04:17.533000
55530,35,1,0,1,2025-04-29 23:04:17.533000
55531,33,1,0,1,2025-04-29 23:04:17.537000
55531,34,1,0,1,2025-04-29 23:04:17.537000
55533,2,1,0,1,2025-04-29 23:04:20.800000
55535,2,1,0,1,2025-04-29 23:04:20.800000
55536,2,1,0,1,2025-04-29 23:04:20.803000
55540,2,1,0,1,2025-04-29 23:04:20.803000
55543,2,1,0,1,2025-04-29 23:04:20.803000
55553,4,1,0,1,2025-04-29 23:04:17.537000
55554,6,1,0,1,2025-04-29 23:04:17.537000
55555,8,1,281,1,2025-04-29 23:04:17.540000
55558,8,1,281,1,2025-04-29 23:04:17.540000
55561,2,1,0,1,2025-04-29 23:04:20.557000
55562,2,1,0,1,2025-04-29 23:04:20.560000
55564,2,1,0,1,2025-04-29 23:04:20.560000
55566,2,1,0,1,2025-04-29 23:04:20.560000
55570,12,1,0,1,2025-04-29 23:04:16.687000
55584,18,1,0,1,2025-04-29 23:04:17.540000
55584,19,1,0,1,2025-04-29 23:04:17.540000
55585,17,1,0,1,2025-04-29 23:04:17.543000
55585,18,1,0,1,2025-04-29 23:04:17.543000
55595,16,1,0,1,2025-04-29 23:04:17.543000
55595,17,1,0,1,2025-04-29 23:04:17.543000
55596,12,1,0,1,2025-04-29 23:04:17.543000
55596,13,1,0,1,2025-04-29 23:04:17.543000
55597,23,1,0,1,2025-04-29 23:04:17.547000
55597,24,1,0,1,2025-04-29 23:04:17.547000
55600,16,1,0,1,2025-04-29 23:04:17.547000
55600,17,1,0,1,2025-04-29 23:04:17.547000
55601,12,1,0,1,2025-04-29 23:04:17.547000
55601,13,1,0,1,2025-04-29 23:04:17.547000
55601,14,1,0,1,2025-04-29 23:04:17.547000
55602,23,1,0,1,2025-04-29 23:04:17.550000
55602,24,1,0,1,2025-04-29 23:04:17.550000
55621,15,1,0,1,2025-04-29 23:04:20.807000
55621,17,1,0,1,2025-04-29 23:04:20.807000
55623,15,1,0,1,2025-04-29 23:04:17.550000
55623,16,1,0,1,2025-04-29 23:04:17.550000
55624,33,1,372,1,2025-04-29 23:04:17.550000
55624,34,1,372,1,2025-04-29 23:04:17.550000
55628,13,1,0,1,2025-04-29 23:04:17.553000
55628,14,1,0,1,2025-04-29 23:04:17.553000
55639,44,1,0,1,2025-04-29 23:04:20.810000
55639,46,1,0,1,2025-04-29 23:04:20.810000
55639,49,1,0,1,2025-04-29 23:04:20.810000
55639,51,1,0,1,2025-04-29 23:04:20.810000
55641,2,1,0,1,2025-04-29 23:04:20.813000
55643,2,1,0,1,2025-04-29 23:04:20.813000
55644,2,1,0,1,2025-04-29 23:04:20.813000
55646,2,1,0,1,2025-04-29 23:04:20.817000
55648,2,1,0,1,2025-04-29 23:04:20.817000
55657,4,1,0,1,2025-04-29 23:04:17.553000
55659,2,1,0,1,2025-04-29 23:04:17.553000
55661,3,1,0,1,2025-04-29 23:04:17.557000
55662,3,1,0,1,2025-04-29 23:04:17.557000
55672,25,1,156,1,2025-04-29 23:04:19.023000
55672,25,2,55,1,2025-04-29 23:04:19.030000
55672,25,3,194,1,2025-04-29 23:04:19.033000
55672,26,1,156,1,2025-04-29 23:04:19.023000
55672,26,2,55,1,2025-04-29 23:04:19.030000
55672,26,3,194,1,2025-04-29 23:04:19.033000
55675,24,1,156,1,2025-04-29 23:04:17.557000
55675,24,2,55,1,2025-04-29 23:04:17.560000
55675,24,3,194,1,2025-04-29 23:04:17.560000
55675,25,1,156,1,2025-04-29 23:04:17.557000
55675,25,2,55,1,2025-04-29 23:04:17.560000
55675,25,3,194,1,2025-04-29 23:04:17.560000
55676,23,1,156,1,2025-04-29 23:04:17.560000
55676,23,2,55,1,2025-04-29 23:04:17.563000
55676,23,3,194,1,2025-04-29 23:04:17.563000
55676,24,1,156,1,2025-04-29 23:04:17.560000
55676,24,2,55,1,2025-04-29 23:04:17.563000
55676,24,3,194,1,2025-04-29 23:04:17.563000
55684,5,1,64,1,2025-04-29 23:04:17.567000
55684,5,2,14,1,2025-04-29 23:04:17.567000
55685,5,1,64,1,2025-04-29 23:04:17.570000
55685,5,2,14,1,2025-04-29 23:04:17.570000
55688,4,1,0,1,2025-04-29 23:04:17.570000
55689,4,1,0,1,2025-04-29 23:04:17.573000
55695,21,1,0,1,2025-04-29 23:04:15.437000
55701,5,1,0,1,2025-04-29 23:04:20.417000
55703,25,1,0,1,2025-04-29 23:04:20.817000
55703,27,1,0,1,2025-04-29 23:04:20.817000
55704,7,1,0,1,2025-04-29 23:04:20.473000
55707,9,1,0,1,2025-04-29 23:04:20.433000
55709,11,1,0,1,2025-04-29 23:04:18.020000
55710,9,1,0,1,2025-04-29 23:04:17.573000
55710,10,1,0,1,2025-04-29 23:04:17.573000
55710,16,1,0,1,2025-04-29 23:04:17.573000
55711,20,1,0,1,2025-04-29 23:04:17.573000
55711,23,1,0,1,2025-04-29 23:04:17.573000
55711,24,1,0,1,2025-04-29 23:04:17.573000
55712,19,1,0,1,2025-04-29 23:04:17.577000
55712,21,1,0,1,2025-04-29 23:04:17.577000
55712,22,1,0,1,2025-04-29 23:04:17.577000
55715,12,1,0,1,2025-04-29 23:04:20.563000
55716,11,1,0,1,2025-04-29 23:04:20.563000
55717,24,1,0,1,2025-04-29 23:04:18.020000
55717,26,1,0,1,2025-04-29 23:04:18.020000
55719,8,1,344,1,2018-10-16 21:47:29.587000
55719,10,1,344,1,2018-10-16 21:47:29.587000
55719,14,1,344,1,2025-04-29 23:04:17.577000
55719,15,1,344,1,2025-04-29 23:04:17.577000
55723,44,1,0,1,2025-04-29 23:04:16.687000
55736,2,1,0,1,2025-04-29 23:04:20.567000
55738,17,1,0,1,2025-04-29 23:04:20.820000
55749,5,1,0,1,2025-04-29 23:04:20.460000
55754,21,1,269,1,2025-04-29 23:04:17.580000
55754,22,1,269,1,2025-04-29 23:04:17.580000
55756,16,1,269,1,2025-04-29 23:04:17.580000
55756,17,1,269,1,2025-04-29 23:04:17.580000
55757,5,1,0,1,2025-04-29 23:04:15.467000
55769,13,1,0,1,2025-04-29 23:04:17.580000
55769,14,1,0,1,2025-04-29 23:04:17.580000
55770,10,1,0,1,2025-04-29 23:04:17.583000
55770,11,1,0,1,2025-04-29 23:04:17.583000
55774,12,1,0,1,2025-04-29 23:04:17.583000
55774,13,1,0,1,2025-04-29 23:04:17.583000
55775,11,1,0,1,2025-04-29 23:04:17.587000
55775,12,1,0,1,2025-04-29 23:04:17.587000
55778,4,1,0,1,2025-04-29 23:04:17.587000
55779,4,1,0,1,2025-04-29 23:04:17.590000
55793,4,1,0,1,2025-04-29 23:04:17.590000
55794,4,1,0,1,2025-04-29 23:04:17.590000
55817,4,1,0,1,2025-04-29 23:04:16.690000
55818,23,1,0,1,2025-04-29 23:04:15.470000
55818,26,1,0,1,2025-04-29 23:04:15.470000
55835,15,1,249,1,2025-04-29 23:04:20.570000
55835,16,1,249,1,2025-04-29 23:04:20.570000
55848,8,1,0,1,2025-04-29 23:04:20.427000
55852,6,1,0,1,2025-04-29 23:04:20.473000
55876,2,1,0,1,2025-04-29 23:04:20.570000
55879,2,1,0,1,2025-04-29 23:04:20.820000
55902,4,1,0,1,2025-04-29 23:04:17.590000
55904,3,1,0,1,2025-04-29 23:04:17.593000
55909,41,1,131,1,2025-04-29 23:04:20.830000
55909,41,2,232,1,2025-04-29 23:04:20.830000
55909,41,3,217,1,2025-04-29 23:04:20.833000
55909,41,4,47,1,2025-04-29 23:04:20.833000
55909,41,5,315,1,2025-04-29 23:04:20.837000
55909,44,1,131,1,2025-04-29 23:04:20.830000
55909,44,2,232,1,2025-04-29 23:04:20.830000
55909,44,3,217,1,2025-04-29 23:04:20.833000
55909,44,4,47,1,2025-04-29 23:04:20.833000
55909,44,5,315,1,2025-04-29 23:04:20.837000
55909,46,1,131,1,2025-04-29 23:04:20.830000
55909,46,2,232,1,2025-04-29 23:04:20.830000
55909,46,3,217,1,2025-04-29 23:04:20.833000
55909,46,4,47,1,2025-04-29 23:04:20.833000
55909,46,5,315,1,2025-04-29 23:04:20.837000
55910,2,1,131,1,2025-04-29 23:04:20.837000
55910,2,2,232,1,2025-04-29 23:04:20.840000
55910,2,3,217,1,2025-04-29 23:04:20.840000
55910,2,4,47,1,2025-04-29 23:04:20.840000
55910,2,5,315,1,2025-04-29 23:04:20.843000
55913,9,1,0,1,2025-04-29 23:04:18.020000
55932,18,1,0,1,2025-04-29 23:04:17.593000
55932,19,1,0,1,2025-04-29 23:04:17.593000
55936,2,1,0,1,2025-04-29 23:04:17.597000
55937,37,1,0,1,2025-04-29 23:04:15.470000
55937,42,1,0,1,2025-04-29 23:04:15.470000
55937,46,1,0,1,2025-04-29 23:04:15.470000
55938,2,1,0,1,2025-04-29 23:04:17.597000
55948,17,1,0,1,2025-04-29 23:04:20.457000
55951,15,1,0,1,2025-04-29 23:04:20.843000
55951,17,1,0,1,2025-04-29 23:04:20.843000
55951,19,1,0,1,2025-04-29 23:04:20.843000
55951,21,1,0,1,2025-04-29 23:04:20.843000
55958,6,1,0,1,2025-04-29 23:04:18.023000
55974,4,1,0,1,2025-04-29 23:04:20.413000
55982,7,1,0,1,2025-04-29 23:04:20.437000
55984,4,1,0,1,2025-04-29 23:04:17.597000
55988,4,1,0,1,2025-04-29 23:04:17.600000
56006,19,1,0,1,2025-04-29 23:04:18.023000
56008,11,1,0,1,2025-04-29 23:04:18.027000
56008,12,1,0,1,2025-04-29 23:04:18.027000
56017,2,1,0,1,2025-04-29 23:04:17.600000
56018,2,1,0,1,2025-04-29 23:04:17.600000
56021,3,1,0,1,2025-04-29 23:04:20.843000
56025,15,1,12,1,2025-04-29 23:04:17.600000
56025,16,1,12,1,2025-04-29 23:04:17.600000
56026,12,1,12,1,2025-04-29 23:04:17.603000
56026,13,1,12,1,2025-04-29 23:04:17.603000
56027,9,1,0,1,2025-04-29 23:04:17.603000
56027,10,1,0,1,2025-04-29 23:04:17.603000
56027,14,1,0,1,2025-04-29 23:04:17.603000
56028,7,1,0,1,2025-04-29 23:04:17.607000
56028,8,1,0,1,2025-04-29 23:04:17.607000
56034,34,1,11,1,2025-04-29 23:04:17.607000
56034,34,2,135,1,2025-04-29 23:04:17.610000
56034,34,3,15,1,2025-04-29 23:04:17.610000
56034,39,1,11,1,2025-04-29 23:04:17.607000
56034,39,2,135,1,2025-04-29 23:04:17.610000
56034,39,3,15,1,2025-04-29 23:04:17.610000
56034,40,1,11,1,2025-04-29 23:04:17.607000
56034,40,2,135,1,2025-04-29 23:04:17.610000
56034,40,3,15,1,2025-04-29 23:04:17.610000
56034,42,1,11,1,2025-04-29 23:04:17.607000
56034,42,2,135,1,2025-04-29 23:04:17.610000
56034,42,3,15,1,2025-04-29 23:04:17.610000
56041,3,1,0,1,2025-04-29 23:04:17.610000
56042,3,1,0,1,2025-04-29 23:04:17.613000
56050,14,1,0,1,2025-04-29 23:04:20.570000
56050,15,1,0,1,2025-04-29 23:04:20.570000
56061,13,1,176,1,2025-04-29 23:04:17.613000
56061,13,2,177,1,2025-04-29 23:04:17.617000
56065,23,1,150,1,2025-04-29 23:04:18.030000
56067,9,1,176,1,2025-04-29 23:04:17.617000
56067,9,2,177,1,2025-04-29 23:04:17.620000
56071,22,1,253,1,2025-04-29 23:04:17.620000
56071,23,1,253,1,2025-04-29 23:04:17.620000
56072,13,1,0,1,2025-04-29 23:04:15.440000
56073,21,1,253,1,2025-04-29 23:04:17.620000
56073,22,1,253,1,2025-04-29 23:04:17.620000
56076,5,1,0,1,2025-04-29 23:04:17.623000
56077,5,1,0,1,2025-04-29 23:04:17.623000
56083,13,1,0,1,2025-04-29 23:04:20.573000
56083,14,1,0,1,2025-04-29 23:04:20.573000
56103,13,1,0,1,2025-04-29 23:04:17.627000
56103,14,1,0,1,2025-04-29 23:04:17.627000
56104,15,1,0,1,2025-04-29 23:04:17.627000
56104,16,1,0,1,2025-04-29 23:04:17.627000
56104,17,1,0,1,2025-04-29 23:04:17.627000
56106,14,1,0,1,2025-04-29 23:04:20.573000
56109,3,1,0,1,2025-04-29 23:04:20.477000
56112,5,1,0,1,2025-04-29 23:04:17.627000
56112,6,1,0,1,2025-04-29 23:04:17.627000
56115,2,1,0,1,2025-04-29 23:04:20.337000
56119,34,1,0,1,2025-04-29 23:04:17.633000
56119,35,1,0,1,2025-04-29 23:04:17.633000
56124,31,1,0,1,2025-04-29 23:04:17.637000
56124,32,1,0,1,2025-04-29 23:04:17.637000
56141,39,1,0,1,2025-04-29 23:04:18.030000
56142,2,1,0,1,2025-04-29 23:04:20.573000
56148,2,1,0,1,2025-04-29 23:04:20.577000
56152,32,1,320,1,2025-04-29 23:04:17.640000
56152,34,1,320,1,2025-04-29 23:04:17.640000
56152,35,1,320,1,2025-04-29 23:04:17.640000
56157,15,1,0,1,2025-04-29 23:04:20.847000
56157,17,1,0,1,2025-04-29 23:04:20.847000
56157,19,1,0,1,2025-04-29 23:04:20.847000
56159,22,1,0,1,2025-04-29 23:04:20.580000
56159,23,1,0,1,2025-04-29 23:04:20.580000
56161,2,1,0,1,2025-04-29 23:04:20.580000
56169,3,1,0,1,2025-04-29 23:04:20.847000
56175,14,1,0,1,2025-04-29 23:04:20.580000
56175,15,1,0,1,2025-04-29 23:04:20.580000
56177,2,1,0,1,2025-04-29 23:04:20.583000
56178,20,1,0,1,2025-04-29 23:04:19.877000
56178,21,1,0,1,2025-04-29 23:04:19.877000
56190,3,1,0,1,2025-04-29 23:04:20.583000
56198,10,1,0,1,2025-04-29 23:04:20.293000
56198,11,1,0,1,2025-04-29 23:04:20.293000
56199,115,1,372,1,2025-04-29 23:04:19.660000
56199,117,1,372,1,2025-04-29 23:04:19.660000
56199,122,1,372,1,2025-04-29 23:04:19.660000
56199,124,1,372,1,2025-04-29 23:04:19.660000
56199,129,1,372,2,2026-05-20 12:48:52.913000
56199,130,1,372,2,2026-05-20 12:48:52.913000
56211,2,1,0,1,2025-04-29 23:04:17.640000
56213,3,1,0,1,2025-04-29 23:04:17.640000
56215,5,1,0,1,2025-04-29 23:04:18.030000
56216,4,1,0,1,2025-04-29 23:04:20.420000
56224,94,1,0,1,2025-04-29 23:04:16.693000
56230,3,1,0,1,2025-04-29 23:04:17.643000
56231,3,1,0,1,2025-04-29 23:04:17.643000
56232,30,1,171,1,2025-04-29 23:04:20.850000
56232,34,1,171,1,2025-04-29 23:04:20.850000
56233,5,1,0,1,2025-04-29 23:04:20.850000
56235,2,1,0,1,2025-04-29 23:04:20.853000
56239,3,1,0,1,2025-04-29 23:04:20.587000
56240,8,1,156,1,2025-04-29 23:04:17.643000
56240,8,2,55,1,2025-04-29 23:04:17.647000
56240,8,3,194,1,2025-04-29 23:04:17.647000
56241,8,1,156,1,2025-04-29 23:04:17.650000
56241,8,2,55,1,2025-04-29 23:04:17.650000
56241,8,3,194,1,2025-04-29 23:04:17.653000
56248,11,1,0,1,2025-04-29 23:04:18.893000
56248,12,1,0,1,2025-04-29 23:04:18.893000
56252,2,1,0,1,2025-04-29 23:04:20.407000
56253,3,1,0,1,2025-04-29 23:04:17.653000
56254,4,1,0,1,2025-04-29 23:04:17.653000
56256,4,1,0,1,2025-04-29 23:04:17.657000
56257,4,1,0,1,2025-04-29 23:04:17.657000
56272,3,1,0,1,2025-04-29 23:04:15.440000
56273,26,1,0,1,2025-04-29 23:04:20.853000
56273,28,1,0,1,2025-04-29 23:04:20.853000
56283,3,1,0,1,2025-04-29 23:04:20.587000
56287,18,1,0,1,2025-04-29 23:04:15.470000
56289,11,1,82,1,2025-04-29 23:04:20.590000
56289,13,1,82,1,2025-04-29 23:04:20.590000
56289,14,1,82,1,2025-04-29 23:04:20.590000
56313,2,1,0,1,2025-04-29 23:04:20.590000
56315,3,1,0,1,2025-04-29 23:04:15.440000
56326,27,1,0,1,2025-04-29 23:04:19.237000
56326,28,1,0,1,2025-04-29 23:04:19.237000
56329,4,1,0,1,2025-04-29 23:04:15.440000
56333,11,1,372,1,2025-04-29 23:04:20.853000
56335,14,1,0,1,2025-04-30 19:14:46.643000
56336,2,1,372,1,2025-04-29 23:04:20.860000
56338,2,1,0,1,2025-04-29 23:04:20.860000
56340,30,1,110,1,2025-04-29 23:04:17.660000
56340,31,1,110,1,2025-04-29 23:04:17.660000
56340,32,1,110,1,2025-04-29 23:04:17.660000
56342,32,1,110,1,2025-04-29 23:04:17.663000
56342,33,1,110,1,2025-04-29 23:04:17.663000
56343,13,1,110,1,2025-04-29 23:04:18.030000
56343,14,1,110,1,2025-04-29 23:04:18.030000
56344,2,1,372,1,2025-04-29 23:04:15.443000
56346,22,1,0,1,2025-04-30 17:19:25.703000
56346,25,1,0,1,2025-04-30 17:19:25.703000
56346,27,1,0,1,2025-04-30 17:19:25.703000
56354,3,1,0,1,2025-04-29 23:04:20.590000
56356,3,1,0,1,2025-04-29 23:04:17.663000
56357,3,1,0,1,2025-04-29 23:04:17.667000
56366,3,1,0,1,2025-04-29 23:04:20.590000
56374,3,1,372,1,2025-04-29 23:04:20.593000
56375,3,1,0,1,2025-04-29 23:04:17.667000
56376,3,1,0,1,2025-04-29 23:04:17.670000
56380,54,1,0,1,2025-04-29 23:04:18.033000
56380,56,1,0,1,2025-04-29 23:04:18.033000
56381,4,1,0,1,2025-04-29 23:04:17.670000
56382,5,1,0,1,2025-04-29 23:04:17.670000
56384,7,1,0,1,2025-04-29 23:04:18.037000
56389,35,1,0,1,2025-04-29 23:04:18.037000
56389,36,1,0,1,2025-04-29 23:04:18.037000
56390,11,1,0,1,2025-04-29 23:04:18.040000
56391,35,1,110,4,2019-03-13 16:14:54.897000
56391,37,1,110,4,2019-03-13 16:14:54.897000
56392,3,1,0,1,2025-04-29 23:04:18.040000
56393,2,1,0,1,2025-04-29 23:04:18.040000
56394,27,1,0,1,2025-04-29 23:04:20.870000
56394,29,1,0,1,2025-04-29 23:04:20.870000
56394,31,1,0,1,2025-04-29 23:04:20.870000
56394,32,1,0,1,2025-04-29 23:04:20.870000
56395,17,1,0,1,2025-04-29 23:04:20.870000
56395,18,1,0,1,2025-04-29 23:04:20.870000
56396,11,1,0,1,2025-04-29 23:04:18.043000
56397,2,1,0,1,2025-04-29 23:04:18.043000
56399,2,1,0,1,2025-04-29 23:04:20.870000
56401,2,1,0,1,2025-04-29 23:04:18.047000
56402,2,1,0,1,2025-04-29 23:04:20.870000
56410,6,1,372,1,2025-04-29 23:04:17.673000
56411,4,1,372,1,2025-04-29 23:04:17.673000
56414,36,1,0,1,2025-04-29 23:04:16.697000
56414,41,1,0,1,2025-04-29 23:04:16.697000
56416,39,1,0,1,2025-04-29 23:04:16.697000
56416,42,1,0,1,2025-04-29 23:04:16.697000
56419,20,1,0,1,2025-04-29 23:04:18.047000
56420,16,1,0,1,2025-04-29 23:04:16.697000
56421,34,1,0,1,2025-04-29 23:04:18.050000
56421,36,1,0,1,2025-04-29 23:04:18.050000
56421,38,1,0,1,2025-04-29 23:04:18.050000
56421,40,1,0,1,2025-04-29 23:04:18.050000
56422,40,1,0,1,2025-04-29 23:04:16.700000
56422,42,1,0,1,2025-04-29 23:04:16.700000
56422,50,1,0,1,2025-04-29 23:04:16.700000
56423,56,1,0,1,2025-04-29 23:04:16.700000
56423,59,1,0,1,2025-04-29 23:04:16.700000
56424,17,1,0,1,2025-04-29 23:04:20.593000
56424,19,1,0,1,2025-04-29 23:04:20.593000
56424,20,1,0,1,2025-04-29 23:04:20.593000
56425,15,1,0,1,2025-04-29 23:04:20.597000
56425,16,1,0,1,2025-04-29 23:04:20.597000
56431,6,1,0,1,2025-04-29 23:04:18.050000
56432,20,1,0,1,2025-04-29 23:04:18.050000
56432,22,1,0,1,2025-04-29 23:04:18.050000
56432,25,1,0,1,2025-04-29 23:04:18.050000
56433,80,1,150,1,2025-04-29 23:04:16.700000
56433,84,1,150,1,2025-04-29 23:04:16.700000
56433,85,1,150,1,2025-04-29 23:04:16.700000
56439,16,1,0,1,2025-04-29 23:04:20.597000
56439,18,1,0,1,2025-04-29 23:04:20.600000
56440,43,1,0,1,2025-04-29 23:04:16.703000
56440,44,1,0,1,2025-04-29 23:04:16.703000
56446,4,1,0,1,2025-04-29 23:04:17.677000
56447,5,1,0,1,2025-04-29 23:04:17.677000
56448,21,1,186,1,2025-04-29 23:04:20.600000
56448,22,1,186,1,2025-04-29 23:04:20.600000
56451,25,1,0,1,2025-04-29 23:04:20.600000
56451,26,1,0,1,2025-04-29 23:04:20.600000
56452,20,1,0,1,2025-04-29 23:04:20.600000
56452,21,1,0,1,2025-04-29 23:04:20.600000
56452,22,1,0,1,2025-04-29 23:04:20.600000
56453,11,1,0,1,2025-04-29 23:04:20.603000
56453,12,1,0,1,2025-04-29 23:04:20.603000
56454,11,1,0,1,2025-04-29 23:04:20.603000
56454,12,1,0,1,2025-04-29 23:04:20.603000
56455,11,1,0,1,2025-04-29 23:04:20.607000
56455,12,1,0,1,2025-04-29 23:04:20.607000
56456,24,1,0,1,2025-04-29 23:04:20.610000
56456,26,1,0,1,2025-04-29 23:04:20.610000
56456,28,1,0,1,2025-04-29 23:04:20.610000
56456,32,1,0,1,2025-04-29 23:04:20.610000
56457,13,1,0,1,2025-04-29 23:04:20.613000
56457,14,1,0,1,2025-04-29 23:04:20.613000
56457,15,1,0,1,2025-04-29 23:04:20.613000
56459,19,1,0,1,2025-04-29 23:04:20.613000
56459,25,1,0,1,2025-04-29 23:04:20.613000
56459,26,1,0,1,2025-04-29 23:04:20.613000
56459,28,1,0,1,2025-04-29 23:04:20.613000
56459,30,1,0,1,2025-04-29 23:04:20.613000
56460,13,1,0,1,2025-04-29 23:04:20.617000
56460,14,1,0,1,2025-04-29 23:04:20.617000
56461,23,1,0,1,2025-04-29 23:04:20.620000
56461,25,1,0,1,2025-04-29 23:04:20.620000
56461,26,1,0,1,2025-04-29 23:04:20.620000
56462,30,1,0,1,2025-04-29 23:04:20.620000
56462,32,1,0,1,2025-04-29 23:04:20.620000
56464,32,1,0,1,2025-04-29 23:04:20.623000
56464,34,1,0,1,2025-04-29 23:04:20.623000
56464,35,1,0,1,2025-04-29 23:04:20.623000
56465,15,1,0,1,2025-04-29 23:04:20.627000
56465,16,1,0,1,2025-04-29 23:04:20.627000
56467,12,1,0,1,2025-04-29 23:04:20.627000
56467,14,1,0,1,2025-04-29 23:04:20.627000
56471,17,1,0,1,2025-04-29 23:04:20.630000
56471,18,1,0,1,2025-04-29 23:04:20.630000
56472,20,1,0,1,2025-04-29 23:04:20.630000
56472,22,1,0,1,2025-04-29 23:04:20.630000
56472,23,1,0,1,2025-04-29 23:04:20.630000
56476,34,1,0,1,2025-04-30 17:18:52.810000
56476,35,1,0,1,2025-04-30 17:18:52.810000
56482,42,1,150,1,2025-04-29 23:04:15.473000
56482,48,1,150,1,2025-04-29 23:04:15.473000
56482,49,1,150,1,2025-04-29 23:04:15.473000
56491,25,1,0,1,2025-04-29 23:04:20.633000
56493,12,1,0,1,2025-04-29 23:04:20.637000
56493,13,1,0,1,2025-04-29 23:04:20.637000
56494,15,1,0,1,2025-04-29 23:04:20.637000
56494,17,1,0,1,2025-04-29 23:04:20.637000
56496,3,1,0,1,2025-04-29 23:04:20.640000
56497,20,1,0,1,2025-04-29 23:04:18.053000
56500,36,1,0,1,2025-04-29 23:04:20.640000
56500,38,1,0,1,2025-04-29 23:04:20.640000
56500,39,1,0,1,2025-04-29 23:04:20.640000
56502,8,1,0,1,2025-04-29 23:04:18.057000
56503,12,1,0,1,2025-04-29 23:04:18.060000
56505,37,1,0,1,2025-04-29 23:04:16.707000
56505,41,1,0,1,2025-04-29 23:04:16.707000
56514,22,1,0,1,2025-04-29 23:04:17.680000
56514,24,1,0,1,2025-04-29 23:04:17.680000
56514,25,1,0,1,2025-04-29 23:04:17.680000
56515,18,1,0,1,2025-04-29 23:04:17.683000
56515,20,1,0,1,2025-04-29 23:04:17.683000
56515,21,1,0,1,2025-04-29 23:04:17.683000
56518,26,1,372,1,2025-04-29 23:04:17.687000
56518,27,1,372,1,2025-04-29 23:04:17.687000
56518,28,1,372,1,2025-04-29 23:04:17.687000
56529,4,1,0,1,2025-04-29 23:04:20.373000
56531,19,1,0,1,2025-04-29 23:04:18.060000
56537,38,1,263,1,2025-04-29 23:04:20.013000
56537,40,1,263,1,2025-04-29 23:04:20.013000
56537,41,1,263,1,2025-04-29 23:04:20.013000
56538,24,1,0,1,2025-04-29 23:04:16.710000
56538,27,1,0,1,2025-04-29 23:04:16.710000
56541,40,1,333,1,2025-04-29 23:04:16.710000
56542,16,1,0,1,2025-04-29 23:04:16.713000
56542,18,1,0,1,2025-04-29 23:04:16.713000
56544,24,1,213,1,2025-04-29 23:04:18.800000
56544,24,2,9,1,2025-04-29 23:04:18.807000
56544,24,3,60,1,2025-04-29 23:04:18.810000
56544,24,4,239,1,2025-04-29 23:04:18.813000
56544,27,1,213,1,2025-04-29 23:04:18.800000
56544,27,2,9,1,2025-04-29 23:04:18.807000
56544,27,3,60,1,2025-04-29 23:04:18.810000
56544,27,4,239,1,2025-04-29 23:04:18.813000
56544,28,1,213,1,2025-04-29 23:04:18.800000
56544,28,2,9,1,2025-04-29 23:04:18.807000
56544,28,3,60,1,2025-04-29 23:04:18.810000
56544,28,4,239,1,2025-04-29 23:04:18.813000
56545,14,1,0,1,2025-04-29 23:04:18.063000
56548,17,1,0,1,2025-04-29 23:04:18.897000
56548,19,1,0,1,2025-04-29 23:04:18.897000
56548,20,1,0,1,2025-04-29 23:04:18.897000
56549,12,1,263,1,2025-04-29 23:04:19.777000
56549,12,2,60,1,2025-04-29 23:04:19.780000
56549,12,3,9,1,2025-04-29 23:04:19.787000
56549,13,1,263,1,2025-04-29 23:04:19.777000
56549,13,2,60,1,2025-04-29 23:04:19.780000
56549,13,3,9,1,2025-04-29 23:04:19.787000
56550,11,1,69,1,2025-04-29 23:04:19.867000
56550,12,1,69,1,2025-04-29 23:04:19.867000
56551,30,1,261,1,2025-04-29 23:04:20.257000
56551,33,1,261,1,2025-04-29 23:04:20.257000
56551,34,1,261,1,2025-04-29 23:04:20.257000
56558,75,1,0,1,2025-04-29 23:04:16.717000
56558,83,1,0,1,2025-04-29 23:04:16.717000
56558,86,1,0,1,2025-04-29 23:04:16.717000
56559,22,1,0,1,2025-04-29 23:04:18.063000
56559,26,1,0,1,2025-04-29 23:04:18.067000
56562,33,1,0,1,2025-04-29 23:04:18.067000
56565,16,1,0,1,2025-04-29 23:04:18.070000
56565,19,1,0,1,2025-04-29 23:04:18.070000
56565,20,1,0,1,2025-04-29 23:04:18.070000
56566,38,1,58,1,2025-04-29 23:04:19.800000
56566,38,2,240,1,2025-04-29 23:04:19.807000
56566,38,3,76,1,2025-04-29 23:04:19.810000
56566,38,4,22,1,2025-04-29 23:04:19.813000
56566,38,5,63,1,2025-04-29 23:04:19.817000
56566,38,6,175,1,2025-04-29 23:04:19.823000
56566,38,7,151,1,2025-04-29 23:04:19.823000
56566,38,8,94,1,2025-04-29 23:04:19.830000
56566,38,9,124,1,2025-04-29 23:04:19.833000
56566,38,10,354,1,2025-04-29 23:04:19.833000
56566,38,11,250,1,2025-04-29 23:04:19.840000
56566,38,12,315,1,2025-04-29 23:04:19.843000
56566,41,1,58,1,2025-04-29 23:04:19.800000
56566,41,2,240,1,2025-04-29 23:04:19.807000
56566,41,3,76,1,2025-04-29 23:04:19.810000
56566,41,4,22,1,2025-04-29 23:04:19.813000
56566,41,5,63,1,2025-04-29 23:04:19.817000
56566,41,6,175,1,2025-04-29 23:04:19.823000
56566,41,7,151,1,2025-04-29 23:04:19.823000
56566,41,8,94,1,2025-04-29 23:04:19.830000
56566,41,9,124,1,2025-04-29 23:04:19.833000
56566,41,10,354,1,2025-04-29 23:04:19.833000
56566,41,11,250,1,2025-04-29 23:04:19.840000
56566,41,12,315,1,2025-04-29 23:04:19.843000
56566,45,1,58,1,2025-04-29 23:04:19.800000
56566,45,2,240,1,2025-04-29 23:04:19.807000
56566,45,3,76,1,2025-04-29 23:04:19.810000
56566,45,4,22,1,2025-04-29 23:04:19.813000
56566,45,5,63,1,2025-04-29 23:04:19.817000
56566,45,6,175,1,2025-04-29 23:04:19.823000
56566,45,7,151,1,2025-04-29 23:04:19.823000
56566,45,8,94,1,2025-04-29 23:04:19.830000
56566,45,9,124,1,2025-04-29 23:04:19.833000
56566,45,10,354,1,2025-04-29 23:04:19.833000
56566,45,11,250,1,2025-04-29 23:04:19.840000
56566,45,12,315,1,2025-04-29 23:04:19.843000
56566,46,1,58,1,2025-04-29 23:04:19.800000
56566,46,2,240,1,2025-04-29 23:04:19.807000
56566,46,3,76,1,2025-04-29 23:04:19.810000
56566,46,4,22,1,2025-04-29 23:04:19.813000
56566,46,5,63,1,2025-04-29 23:04:19.817000
56566,46,6,175,1,2025-04-29 23:04:19.823000
56566,46,7,151,1,2025-04-29 23:04:19.823000
56566,46,8,94,1,2025-04-29 23:04:19.830000
56566,46,9,124,1,2025-04-29 23:04:19.833000
56566,46,10,354,1,2025-04-29 23:04:19.833000
56566,46,11,250,1,2025-04-29 23:04:19.840000
56566,46,12,315,1,2025-04-29 23:04:19.843000
56572,21,1,0,1,2025-04-29 23:04:17.690000
56572,22,1,0,1,2025-04-29 23:04:17.690000
56573,19,1,0,1,2025-04-29 23:04:17.690000
56573,20,1,0,1,2025-04-29 23:04:17.690000
56573,21,1,0,1,2025-04-29 23:04:17.690000
56580,28,1,0,1,2025-04-29 23:04:18.073000
56580,30,1,0,1,2025-04-29 23:04:18.073000
56584,14,1,0,1,2025-04-29 23:04:18.077000
56587,43,1,0,1,2025-04-29 23:04:16.720000
56587,48,1,0,1,2025-04-29 23:04:16.720000
56588,27,1,9,1,2025-04-29 23:04:19.580000
56588,27,2,60,1,2025-04-29 23:04:19.583000
56588,27,3,18,1,2025-04-29 23:04:19.587000
56588,32,1,9,1,2025-04-29 23:04:19.580000
56588,32,2,60,1,2025-04-29 23:04:19.583000
56588,32,3,18,1,2025-04-29 23:04:19.587000
56588,33,1,9,1,2025-04-29 23:04:19.580000
56588,33,2,60,1,2025-04-29 23:04:19.583000
56588,33,3,18,1,2025-04-29 23:04:19.587000
56594,13,1,0,1,2025-04-29 23:04:20.647000
56594,14,1,0,1,2025-04-29 23:04:20.647000
56602,39,1,0,1,2025-04-29 23:04:16.727000
56605,15,1,0,1,2025-04-29 23:04:18.077000
56605,19,1,0,1,2025-04-29 23:04:18.080000
56605,22,1,0,1,2025-12-11 13:22:08.940000
56606,21,1,0,1,2025-04-29 23:04:18.080000
56606,22,1,0,1,2025-04-29 23:04:18.080000
56607,16,1,0,1,2025-04-29 23:04:18.080000
56607,19,1,0,1,2025-04-29 23:04:18.083000
56609,17,1,0,1,2025-04-29 23:04:18.720000
56609,18,1,0,1,2025-04-29 23:04:18.720000
56610,13,1,0,1,2025-04-29 23:04:18.083000
56611,9,1,0,1,2025-04-29 23:04:18.087000
56611,15,1,0,1,2025-04-29 23:04:18.090000
56612,30,1,0,1,2025-04-29 23:04:18.090000
56612,33,1,0,1,2025-04-29 23:04:18.090000
56612,35,1,0,1,2025-04-29 23:04:18.090000
56613,14,1,0,1,2025-04-29 23:04:18.090000
56613,17,1,0,1,2025-04-29 23:04:18.090000
56614,23,1,0,1,2025-04-29 23:04:18.093000
56615,31,1,0,1,2025-04-29 23:04:16.727000
56615,36,1,0,1,2025-04-29 23:04:16.730000
56616,11,1,0,1,2025-04-29 23:04:18.093000
56617,25,1,0,1,2025-04-29 23:04:18.903000
56617,26,1,0,1,2025-04-29 23:04:18.903000
56619,30,1,0,1,2025-04-29 23:04:18.093000
56619,33,1,0,1,2025-04-29 23:04:18.093000
56621,23,1,0,1,2025-04-29 23:04:18.097000
56621,26,1,0,1,2025-04-29 23:04:18.097000
56625,35,1,0,1,2025-04-29 23:04:18.097000
56625,36,1,0,1,2025-04-29 23:04:18.097000
56631,19,1,0,1,2025-04-29 23:04:16.730000
56632,29,1,0,1,2025-04-29 23:04:18.100000
56632,31,1,0,1,2025-04-29 23:04:18.100000
56633,47,1,0,1,2025-04-29 23:04:16.730000
56635,2,1,0,1,2025-04-29 23:04:20.873000
56636,18,1,0,1,2025-04-29 23:04:20.873000
56636,20,1,0,1,2025-04-29 23:04:20.873000
56638,37,1,0,1,2025-04-29 23:04:15.473000
56639,18,1,0,1,2025-04-29 23:04:18.100000
56639,20,1,0,1,2025-04-29 23:04:18.100000
56640,16,1,0,1,2025-04-29 23:04:16.730000
56641,16,1,0,1,2025-04-29 23:04:18.100000
56641,18,1,0,1,2025-04-29 23:04:18.100000
56642,47,1,0,1,2025-04-29 23:04:16.733000
56644,22,1,0,1,2025-04-29 23:04:15.473000
56644,29,1,0,1,2025-04-29 23:04:15.473000
56645,48,1,0,1,2025-04-29 23:04:16.733000
56646,21,1,0,1,2025-04-29 23:04:18.103000
56646,23,1,0,1,2025-04-29 23:04:18.103000
56646,24,1,0,1,2025-04-29 23:04:18.103000
56647,32,1,0,1,2025-04-29 23:04:15.477000
56648,19,1,0,1,2025-04-29 23:04:18.103000
56651,36,1,223,1,2025-04-29 23:04:15.477000
56653,15,1,0,1,2025-04-29 23:04:16.737000
56658,32,1,0,1,2025-04-29 23:04:18.107000
56658,36,1,0,1,2025-04-29 23:04:18.107000
56658,38,1,0,1,2025-04-29 23:04:18.107000
56658,42,1,0,1,2025-04-29 23:04:18.107000
56666,19,1,156,1,2025-04-29 23:04:15.480000
56666,19,2,55,1,2025-04-29 23:04:15.480000
56666,19,3,194,1,2025-04-29 23:04:15.483000
56669,16,1,0,1,2025-04-29 23:04:18.107000
56670,58,1,0,1,2025-04-29 23:04:16.740000
56670,61,1,0,1,2025-04-29 23:04:16.740000
56672,16,1,0,1,2025-04-29 23:04:16.740000
56673,14,1,0,1,2025-04-29 23:04:18.110000
56674,11,1,0,1,2025-04-29 23:04:18.110000
56675,25,1,0,1,2025-04-29 23:04:18.110000
56679,9,1,0,1,2025-04-29 23:04:18.110000
56680,37,1,0,1,2025-04-29 23:04:18.113000
56680,40,1,0,1,2025-04-29 23:04:18.117000
56680,44,1,0,1,2025-04-29 23:04:18.117000
56681,34,1,223,1,2025-04-29 23:04:16.743000
56682,46,1,0,1,2025-04-29 23:04:16.743000
56682,49,1,0,1,2025-04-29 23:04:16.743000
56684,13,1,0,1,2025-04-29 23:04:18.117000
56684,16,1,0,1,2025-04-29 23:04:18.117000
56684,17,1,0,1,2025-04-29 23:04:18.117000
56685,17,1,0,1,2025-04-29 23:04:18.120000
56686,16,1,0,1,2025-04-29 23:04:18.120000
56688,7,1,0,1,2025-04-29 23:04:19.660000
56690,17,1,0,1,2025-04-29 23:04:18.123000
56690,18,1,0,1,2025-04-29 23:04:18.123000
56691,26,1,0,1,2025-04-29 23:04:18.123000
56691,28,1,0,1,2025-04-29 23:04:18.127000
56692,16,1,0,1,2025-04-29 23:04:20.653000
56692,17,1,0,1,2025-04-29 23:04:20.653000
56692,18,1,0,1,2025-04-29 23:04:20.653000
56692,19,1,0,1,2025-04-29 23:04:20.653000
56695,21,1,0,1,2025-04-29 23:04:18.127000
56695,24,1,0,1,2025-04-29 23:04:18.130000
56696,33,1,131,1,2025-04-29 23:04:20.653000
56696,34,1,131,3,2025-05-02 14:51:34.600000
56696,35,1,131,3,2025-05-02 14:51:34.600000
56696,43,1,131,3,2025-05-02 14:51:34.600000
56697,40,1,165,1,2025-04-29 23:04:20.663000
56697,40,2,212,1,2025-04-29 23:04:20.667000
56697,40,3,263,1,2025-04-29 23:04:20.667000
56697,41,1,263,3,2025-05-02 14:52:18.337000
56697,41,2,212,1,2025-05-02 14:52:41.287000
56697,41,3,165,1,2025-05-02 14:53:05.867000
56697,43,1,263,3,2025-05-02 14:52:18.337000
56697,43,2,212,1,2025-05-02 14:52:41.287000
56697,43,3,165,1,2025-05-02 14:53:05.867000
56697,44,1,263,3,2025-05-02 14:52:18.337000
56697,44,2,212,1,2025-05-02 14:52:41.287000
56697,44,3,165,1,2025-05-02 14:53:05.867000
56703,17,1,0,1,2025-04-29 23:04:18.130000
56704,10,1,81,1,2025-04-29 23:04:15.490000
56717,30,1,0,1,2025-04-29 23:04:18.130000
56717,31,1,0,1,2025-04-29 23:04:18.130000
56717,35,1,0,1,2025-04-29 23:04:18.130000
56718,31,1,0,1,2025-04-29 23:04:18.130000
56718,33,1,0,1,2025-04-29 23:04:18.130000
56718,36,1,0,1,2025-04-29 23:04:18.130000
56718,39,1,0,1,2025-04-29 23:04:18.130000
56722,20,1,0,1,2025-04-29 23:04:16.747000
56722,23,1,0,1,2025-04-29 23:04:16.747000
56724,5,1,0,1,2025-04-29 23:04:18.133000
56726,36,1,56,1,2025-04-29 23:04:19.790000
56726,36,2,213,1,2025-04-29 23:04:19.790000
56726,36,3,60,1,2025-04-29 23:04:19.797000
56726,42,1,56,1,2025-04-29 23:04:19.790000
56726,42,2,213,1,2025-04-29 23:04:19.790000
56726,42,3,60,1,2025-04-29 23:04:19.797000
56726,43,1,56,1,2025-04-29 23:04:19.790000
56726,43,2,213,1,2025-04-29 23:04:19.790000
56726,43,3,60,1,2025-04-29 23:04:19.797000
56727,18,1,0,1,2025-04-29 23:04:18.133000
56727,21,1,0,1,2025-04-29 23:04:18.137000
56729,20,1,0,1,2025-04-29 23:04:18.137000
56729,21,1,0,1,2025-04-29 23:04:18.137000
56730,22,1,0,1,2025-04-29 23:04:18.137000
56730,23,1,0,1,2025-04-29 23:04:18.137000
56730,27,1,0,1,2025-04-29 23:04:18.137000
56731,16,1,0,1,2025-04-29 23:04:18.140000
56732,15,1,0,1,2025-04-29 23:04:18.140000
56736,4,1,0,1,2025-04-29 23:04:20.477000
56737,30,1,176,1,2025-04-29 23:04:18.790000
56737,31,1,176,1,2025-04-29 23:04:18.790000
56742,3,1,0,1,2025-04-29 23:04:20.340000
56743,22,1,0,1,2025-04-29 23:04:18.797000
56743,25,1,0,1,2025-04-29 23:04:18.797000
56743,26,1,0,1,2025-04-29 23:04:18.797000
56747,28,1,177,1,2025-04-29 23:04:19.473000
56747,28,2,178,1,2025-04-29 23:04:19.480000
56747,29,1,177,1,2025-04-29 23:04:19.473000
56747,29,2,178,1,2025-04-29 23:04:19.480000
56748,27,1,0,1,2025-04-29 23:04:18.143000
56748,28,1,0,1,2025-04-29 23:04:18.143000
56748,29,1,0,1,2025-04-29 23:04:18.143000
56748,31,1,0,1,2025-04-29 23:04:18.143000
56754,4,1,0,1,2025-04-29 23:04:18.143000
56756,20,1,0,1,2025-04-29 23:04:18.147000
56758,58,1,263,1,2025-04-29 23:04:19.720000
56758,61,1,263,1,2025-04-29 23:04:19.720000
56758,62,1,263,1,2025-04-29 23:04:19.720000
56766,21,1,0,1,2025-04-29 23:04:19.383000
56766,24,1,0,1,2025-04-29 23:04:19.383000
56766,25,1,0,1,2025-04-29 23:04:19.383000
56767,20,1,0,1,2025-04-29 23:04:19.203000
56767,25,1,0,1,2025-04-29 23:04:19.203000
56767,28,1,0,1,2025-04-29 23:04:19.203000
56767,29,1,0,1,2025-04-29 23:04:19.203000
56769,14,1,0,1,2025-04-29 23:04:18.147000
56769,18,1,0,1,2025-04-29 23:04:18.150000
56771,25,1,0,1,2025-04-29 23:04:18.150000
56773,25,1,0,1,2025-04-29 23:04:16.747000
56773,30,1,0,1,2025-04-29 23:04:16.747000
56774,18,1,0,1,2025-04-29 23:04:18.150000
56774,22,1,0,1,2025-04-29 23:04:18.153000
56775,23,1,0,1,2025-04-29 23:04:18.153000
56775,24,1,0,1,2025-04-29 23:04:18.153000
56777,12,1,0,1,2025-04-29 23:04:18.153000
56777,16,1,0,1,2025-04-29 23:04:18.153000
56779,16,1,0,1,2025-04-29 23:04:20.670000
56779,18,1,0,1,2025-04-29 23:04:20.670000
56779,20,1,0,1,2025-04-29 23:04:20.670000
56779,22,1,0,1,2025-04-29 23:04:20.670000
56779,25,1,0,1,2025-04-29 23:04:20.670000
56781,34,1,263,1,2025-04-29 23:04:20.190000
56781,36,1,263,1,2025-04-29 23:04:20.190000
56781,38,1,263,1,2025-04-29 23:04:20.190000
56781,39,1,263,1,2025-04-29 23:04:20.190000
56783,3,1,0,1,2025-04-29 23:04:20.433000
56784,18,1,0,1,2025-04-29 23:04:18.157000
56786,46,1,158,1,2025-04-29 23:04:16.750000
56786,50,1,158,1,2025-04-29 23:04:16.750000
56786,62,1,158,1,2025-04-29 23:04:16.750000
56786,67,1,158,1,2025-04-29 23:04:16.750000
56786,71,1,158,1,2025-04-29 23:04:16.750000
56786,73,1,158,1,2025-04-29 23:04:16.750000
56786,77,1,158,1,2025-04-29 23:04:16.750000
56787,23,1,263,1,2025-04-29 23:04:19.723000
56787,24,1,263,1,2025-04-29 23:04:19.723000
56792,11,1,0,1,2025-04-29 23:04:18.157000
56793,34,1,372,1,2025-04-29 23:04:19.113000
56793,34,2,198,1,2025-04-29 23:04:19.120000
56793,35,1,372,1,2025-04-29 23:04:19.113000
56793,35,2,198,1,2025-04-29 23:04:19.120000
56795,34,1,322,1,2019-12-10 13:24:10.773000
56796,26,1,0,1,2025-04-29 23:04:16.753000
56796,31,1,0,1,2025-04-29 23:04:16.753000
56797,11,1,0,1,2025-04-29 23:04:18.997000
56797,14,1,0,1,2025-07-12 22:54:03.283000
56797,17,1,0,1,2025-07-12 22:54:03.283000
56797,18,1,0,1,2025-07-12 22:54:03.283000
56798,28,1,0,1,2025-04-29 23:04:20.670000
56798,29,1,0,1,2025-04-29 23:04:20.670000
56799,23,1,0,1,2025-04-29 23:04:20.670000
56799,26,1,0,1,2025-04-29 23:04:20.670000
56799,27,1,0,1,2025-04-29 23:04:20.670000
56799,29,1,0,1,2025-04-29 23:04:20.670000
56802,15,1,0,1,2025-04-29 23:04:20.673000
56802,17,1,0,1,2025-04-29 23:04:20.673000
56802,18,1,0,1,2025-04-29 23:04:20.673000
56805,37,1,0,1,2025-04-29 23:04:16.757000
56805,41,1,0,1,2025-04-29 23:04:16.757000
56808,14,1,0,1,2025-04-29 23:04:20.673000
56808,15,1,0,1,2025-04-29 23:04:20.673000
56809,18,1,0,1,2025-04-29 23:04:20.673000
56809,20,1,0,1,2025-04-29 23:04:20.677000
56811,11,1,0,1,2025-04-29 23:04:20.677000
56811,12,1,0,1,2025-04-29 23:04:20.677000
56811,13,1,0,1,2025-04-29 23:04:20.677000
56816,15,1,0,1,2025-04-29 23:04:20.680000
56816,16,1,0,1,2025-04-29 23:04:20.680000
56818,49,1,0,1,2025-04-29 23:04:20.680000
56818,50,1,0,1,2025-04-29 23:04:20.680000
56818,51,1,0,1,2025-04-29 23:04:20.680000
56818,53,1,0,1,2025-04-29 23:04:20.680000
56818,55,1,0,1,2025-04-29 23:04:20.680000
56823,15,1,201,1,2025-04-29 23:04:19.873000
56823,19,1,201,1,2025-04-29 23:04:19.873000
56823,21,1,201,1,2025-04-29 23:04:19.873000
56823,22,1,201,1,2025-04-29 23:04:19.873000
56825,19,1,0,1,2025-04-29 23:04:18.160000
56825,20,1,0,1,2025-04-29 23:04:18.160000
56826,11,1,0,1,2025-04-29 23:04:18.783000
56826,12,1,0,1,2025-04-29 23:04:18.783000
56827,12,1,0,1,2025-04-29 23:04:19.917000
56827,16,1,0,1,2025-04-29 23:04:19.917000
56827,17,1,0,1,2025-04-29 23:04:19.917000
56836,17,1,0,1,2025-04-29 23:04:20.680000
56836,18,1,0,1,2025-04-29 23:04:20.680000
56837,17,1,64,1,2025-04-29 23:04:19.990000
56837,18,1,64,1,2025-04-29 23:04:19.990000
56838,13,1,0,1,2025-04-29 23:04:18.160000
56841,18,1,0,1,2025-04-29 23:04:15.490000
56844,22,1,266,1,2025-04-29 23:04:19.980000
56844,22,2,187,1,2025-04-29 23:04:19.983000
56844,22,3,161,1,2025-04-29 23:04:19.987000
56844,25,1,266,1,2025-04-29 23:04:19.980000
56844,25,2,187,1,2025-04-29 23:04:19.983000
56844,25,3,161,1,2025-04-29 23:04:19.987000
56844,26,1,266,1,2025-04-29 23:04:19.980000
56844,26,2,187,1,2025-04-29 23:04:19.983000
56844,26,3,161,1,2025-04-29 23:04:19.987000
56845,6,1,0,1,2025-04-29 23:04:20.230000
56845,11,1,0,1,2025-04-29 23:04:20.230000
56845,12,1,0,1,2025-04-29 23:04:20.230000
56848,16,1,0,1,2025-04-29 23:04:16.760000
56850,32,1,0,1,2025-04-29 23:04:19.933000
56850,33,1,0,1,2025-04-29 23:04:19.933000
56852,19,1,0,1,2025-04-29 23:04:18.160000
56852,20,1,0,1,2025-04-30 17:27:17.353000
56852,22,1,0,1,2025-04-30 17:27:17.353000
56852,24,1,0,1,2025-04-30 17:27:17.353000
56853,90,1,0,1,2025-04-29 23:04:15.450000
56853,92,1,0,1,2025-04-29 23:04:15.450000
56853,94,1,0,1,2025-04-29 23:04:15.450000
56853,97,1,0,1,2025-04-29 23:04:15.450000
56853,99,1,0,1,2025-04-29 23:04:15.450000
56853,102,1,0,1,2025-04-29 23:04:15.450000
56857,7,1,0,1,2025-04-29 23:04:15.450000
56859,7,1,0,1,2025-04-29 23:04:15.450000
56863,14,1,81,1,2025-04-29 23:04:20.017000
56863,14,2,108,1,2025-04-29 23:04:20.020000
56863,14,3,191,1,2025-04-29 23:04:20.023000
56863,15,1,81,1,2025-04-29 23:04:20.017000
56863,15,2,108,1,2025-04-29 23:04:20.020000
56863,15,3,191,1,2025-04-29 23:04:20.023000
56865,28,1,26,1,2025-04-29 23:04:19.920000
56865,28,2,30,1,2025-04-29 23:04:19.923000
56865,28,3,31,1,2025-04-29 23:04:19.927000
56865,28,4,59,1,2025-04-29 23:04:19.930000
56865,29,1,26,1,2025-04-29 23:04:19.920000
56865,29,2,30,1,2025-04-29 23:04:19.923000
56865,29,3,31,1,2025-04-29 23:04:19.927000
56865,29,4,59,1,2025-04-29 23:04:19.930000
56866,18,1,0,1,2025-04-29 23:04:18.163000
56866,21,1,0,1,2025-04-29 23:04:18.163000
56867,34,1,198,1,2025-04-29 23:04:19.173000
56867,34,2,372,1,2025-04-29 23:04:19.180000
56867,36,1,198,1,2025-04-29 23:04:19.193000
56867,36,2,372,1,2025-04-29 23:04:19.200000
56867,38,1,198,1,2025-04-29 23:04:19.193000
56867,38,2,372,1,2025-04-29 23:04:19.200000
56867,42,1,198,1,2025-04-29 23:04:19.193000
56867,42,2,372,1,2025-04-29 23:04:19.200000
56867,44,1,198,1,2025-04-29 23:04:19.193000
56867,44,2,372,1,2025-04-29 23:04:19.200000
56867,45,1,198,1,2025-04-29 23:04:19.193000
56867,45,2,372,1,2025-04-29 23:04:19.200000
56868,28,1,0,1,2025-04-29 23:04:18.163000
56868,30,1,0,1,2025-04-29 23:04:18.163000
56869,12,1,0,1,2025-04-29 23:04:18.163000
56870,7,1,0,1,2025-04-29 23:04:15.453000
56871,19,1,0,1,2025-04-29 23:04:18.167000
56872,10,1,0,1,2025-04-29 23:04:18.167000
56874,28,1,0,1,2025-04-29 23:04:20.117000
56874,29,1,0,1,2025-04-29 23:04:20.117000
56875,11,1,0,1,2025-04-29 23:04:15.453000
56876,18,1,0,1,2025-04-29 23:04:18.170000
56881,10,1,0,1,2025-04-29 23:04:20.683000
56884,13,1,0,1,2025-04-29 23:04:20.683000
56885,14,1,0,1,2025-04-29 23:04:20.683000
56887,11,1,0,1,2025-04-29 23:04:20.687000
56898,15,1,0,1,2025-04-29 23:04:15.453000
56899,11,1,0,1,2025-04-29 23:04:15.457000
56900,21,1,0,1,2025-04-29 23:04:20.883000
56900,23,1,0,1,2025-04-29 23:04:20.883000
56902,47,1,0,1,2025-04-29 23:04:20.890000
56902,50,1,0,1,2025-04-29 23:04:20.890000
56903,15,1,0,1,2025-04-29 23:04:20.890000
56905,17,1,0,1,2025-04-29 23:04:20.893000
56905,20,1,0,1,2025-04-29 23:04:20.893000
56906,13,1,0,1,2025-04-29 23:04:15.457000
56907,22,1,0,1,2025-04-29 23:04:20.897000
56907,24,1,0,1,2025-04-29 23:04:20.897000
56908,17,1,0,1,2025-04-29 23:04:20.900000
56908,19,1,0,1,2025-04-29 23:04:20.900000
56910,9,1,0,1,2025-04-29 23:04:20.900000
56913,13,1,0,1,2025-04-29 23:04:18.170000
56914,14,1,0,1,2025-04-29 23:04:20.907000
56914,16,1,0,1,2025-04-29 23:04:20.907000
56914,19,1,0,1,2025-04-29 23:04:20.907000
56915,28,1,0,1,2025-04-29 23:04:20.910000
56915,31,1,0,1,2025-04-29 23:04:20.910000
56915,33,1,0,1,2025-04-29 23:04:20.910000
56915,35,1,0,1,2025-04-29 23:04:20.910000
56915,37,1,0,1,2025-04-29 23:04:20.910000
56916,29,1,0,1,2025-04-29 23:04:20.913000
56916,31,1,0,1,2025-04-29 23:04:20.913000
56916,33,1,0,1,2025-04-29 23:04:20.913000
56917,2,1,0,1,2025-04-29 23:04:20.917000
56923,16,1,226,1,2025-04-29 23:04:16.760000
56923,16,2,330,1,2025-04-29 23:04:16.763000
56924,11,1,372,1,2025-04-29 23:04:15.460000
56926,16,1,0,1,2025-04-29 23:04:20.687000
56926,17,1,0,1,2025-04-29 23:04:20.687000
56929,15,1,0,1,2025-04-29 23:04:18.173000
56933,9,1,0,1,2025-04-29 23:04:15.463000
56937,36,1,0,1,2025-04-29 23:04:19.937000
56937,39,1,0,1,2025-04-29 23:04:19.937000
56937,42,1,0,1,2025-04-29 23:04:19.937000
56937,43,1,0,1,2025-04-29 23:04:19.937000
56938,46,1,0,1,2025-04-29 23:04:16.763000
56940,11,1,0,1,2025-04-29 23:04:20.690000
56941,7,1,0,1,2025-04-29 23:04:15.463000
56943,14,1,102,1,2025-04-29 23:04:15.467000
56943,17,1,102,1,2025-04-29 23:04:15.467000
56948,21,1,0,1,2025-04-29 23:04:18.173000
56948,23,1,0,1,2025-04-29 23:04:18.177000
56949,7,1,0,1,2025-04-29 23:04:15.470000
56952,47,1,0,1,2025-04-29 23:04:15.490000
56952,50,1,0,1,2025-04-29 23:04:15.490000
56953,25,1,0,1,2025-04-29 23:04:15.493000
56954,5,1,3,1,2025-04-29 23:04:19.800000
56954,6,1,3,1,2025-04-29 23:04:19.800000
56957,9,1,0,1,2025-04-29 23:04:15.470000
56959,30,1,0,1,2025-04-29 23:04:15.470000
56959,31,1,0,1,2025-04-29 23:04:15.470000
56961,16,1,0,1,2025-04-29 23:04:15.473000
56961,18,1,0,1,2025-04-29 23:04:15.473000
56962,8,1,0,1,2025-04-29 23:04:15.473000
56963,12,1,0,1,2025-04-29 23:04:15.477000
56968,2,1,0,1,2025-04-29 23:04:18.177000
56973,63,1,0,1,2025-04-29 23:04:20.697000
56973,64,1,0,1,2025-04-29 23:04:20.697000
56973,67,1,0,1,2025-04-29 23:04:20.697000
56973,69,1,0,1,2025-04-29 23:04:20.697000
56980,12,1,0,1,2025-04-29 23:04:20.697000
56981,16,1,0,1,2025-04-29 23:04:20.697000
56982,15,1,0,1,2025-04-29 23:04:20.697000
56983,12,1,0,1,2025-04-29 23:04:20.700000
56985,15,1,0,1,2025-04-29 23:04:20.700000
56988,16,1,0,1,2025-04-29 23:04:20.700000
56988,17,1,0,1,2025-04-29 23:04:20.700000
56989,11,1,0,1,2025-04-29 23:04:20.703000
56995,15,1,226,1,2025-04-29 23:04:18.177000
56995,15,2,330,1,2025-04-29 23:04:18.180000
56997,18,1,0,1,2025-04-29 23:04:20.703000
56998,10,1,0,1,2025-04-29 23:04:20.703000
56999,30,1,0,1,2025-04-29 23:04:20.707000
56999,31,1,0,1,2025-04-29 23:04:20.707000
57010,3,1,0,1,2025-04-29 23:04:18.183000
57020,5,1,0,1,2025-04-29 23:04:19.703000
57020,6,1,0,1,2025-04-29 23:04:19.703000
57021,19,1,0,1,2025-04-29 23:04:18.183000
57024,15,1,0,1,2025-04-29 23:04:18.683000
57024,16,1,0,1,2025-04-29 23:04:18.683000
57025,21,1,0,1,2025-04-29 23:04:15.497000
57029,10,1,0,1,2025-04-29 23:04:15.497000
57030,10,1,214,1,2025-04-29 23:04:18.950000
57030,10,2,215,1,2025-04-29 23:04:18.953000
57030,11,1,214,1,2025-04-29 23:04:18.950000
57030,11,2,215,1,2025-04-29 23:04:18.953000
57034,11,1,0,1,2025-04-29 23:04:20.707000
57037,20,1,102,1,2025-04-29 23:04:17.690000
57037,23,1,102,1,2025-04-29 23:04:17.690000
57037,24,1,102,1,2025-04-29 23:04:17.690000
57038,15,1,0,1,2025-04-29 23:04:20.707000
57038,16,1,0,1,2025-04-29 23:04:20.707000
57039,8,1,91,1,2025-04-29 23:04:20.710000
57039,9,1,91,1,2025-04-29 23:04:20.710000
57040,25,1,237,1,2025-04-29 23:04:20.713000
57040,25,2,89,1,2025-04-29 23:04:20.713000
57040,26,1,237,1,2025-04-29 23:04:20.713000
57040,26,2,89,1,2025-04-29 23:04:20.713000
57041,18,1,270,1,2025-04-29 23:04:20.720000
57041,20,1,270,1,2025-04-29 23:04:20.720000
57041,21,1,270,1,2025-04-29 23:04:20.720000
57043,20,1,0,1,2025-04-29 23:04:20.720000
57043,23,1,0,1,2025-04-29 23:04:20.720000
57043,24,1,0,1,2025-04-29 23:04:20.720000
57044,16,1,0,1,2025-04-29 23:04:20.723000
57044,17,1,0,1,2025-04-29 23:04:20.723000
57044,21,1,0,1,2025-04-29 23:04:20.723000
57044,22,1,0,1,2025-04-29 23:04:20.723000
57047,11,1,0,1,2025-04-29 23:04:20.723000
57049,12,1,330,1,2025-04-29 23:04:20.727000
57049,12,2,226,1,2025-04-29 23:04:20.730000
57049,13,1,330,1,2025-04-29 23:04:20.727000
57049,13,2,226,1,2025-04-29 23:04:20.730000
57050,12,1,0,1,2025-04-29 23:04:20.730000
57050,13,1,0,1,2025-04-29 23:04:20.730000
57052,17,1,20,1,2025-04-29 23:04:20.733000
57052,17,2,117,1,2025-04-29 23:04:20.733000
57052,17,3,16,1,2025-04-29 23:04:20.737000
57052,17,4,26,1,2025-04-29 23:04:20.737000
57052,17,5,30,1,2025-04-29 23:04:20.740000
57052,17,6,31,1,2025-04-29 23:04:20.740000
57052,17,7,28,1,2025-04-29 23:04:20.740000
57052,17,8,68,1,2025-04-29 23:04:20.743000
57052,17,9,278,1,2025-04-29 23:04:20.743000
57052,17,10,32,1,2025-04-29 23:04:20.747000
57052,18,1,20,1,2025-04-29 23:04:20.733000
57052,18,2,117,1,2025-04-29 23:04:20.733000
57052,18,3,16,1,2025-04-29 23:04:20.737000
57052,18,4,26,1,2025-04-29 23:04:20.737000
57052,18,5,30,1,2025-04-29 23:04:20.740000
57052,18,6,31,1,2025-04-29 23:04:20.740000
57052,18,7,28,1,2025-04-29 23:04:20.740000
57052,18,8,68,1,2025-04-29 23:04:20.743000
57052,18,9,278,1,2025-04-29 23:04:20.743000
57052,18,10,32,1,2025-04-29 23:04:20.747000
57053,21,1,16,1,2025-04-29 23:04:20.750000
57053,21,2,278,1,2025-04-29 23:04:20.753000
57053,21,3,250,1,2025-04-29 23:04:20.753000
57053,22,1,16,1,2025-04-29 23:04:20.750000
57053,22,2,278,1,2025-04-29 23:04:20.753000
57053,22,3,250,1,2025-04-29 23:04:20.753000
57054,11,1,140,1,2025-04-29 23:04:20.757000
57054,12,1,140,1,2025-04-29 23:04:20.757000
57055,17,1,102,1,2025-04-29 23:04:17.693000
57055,20,1,102,1,2025-04-29 23:04:17.693000
57055,21,1,102,1,2025-04-29 23:04:17.693000
57056,42,1,0,1,2025-04-29 23:04:15.500000
57056,44,1,0,1,2025-04-29 23:04:15.500000
57060,7,1,0,1,2025-04-29 23:04:20.253000
57060,11,1,0,1,2025-04-29 23:04:20.253000
57060,12,1,0,1,2025-04-29 23:04:20.253000
57063,26,1,0,1,2025-04-29 23:04:15.500000
57063,29,1,0,1,2025-04-29 23:04:15.500000
57064,9,1,0,1,2025-04-29 23:04:15.500000
57064,14,1,0,1,2025-04-29 23:04:15.500000
57064,15,1,0,1,2025-04-29 23:04:15.500000
57065,24,1,41,1,2025-04-29 23:04:20.813000
57065,24,2,16,1,2025-04-29 23:04:20.813000
57065,24,3,26,1,2025-04-29 23:04:20.817000
57065,24,4,27,1,2025-04-29 23:04:20.817000
57065,24,5,30,1,2025-04-29 23:04:20.817000
57065,24,6,31,1,2025-04-29 23:04:20.820000
57065,24,7,29,1,2025-04-29 23:04:20.820000
57065,24,8,28,1,2025-04-29 23:04:20.820000
57065,24,9,59,1,2025-04-29 23:04:20.823000
57065,24,10,278,1,2025-04-29 23:04:20.823000
57065,25,1,41,1,2025-04-29 23:04:20.813000
57065,25,2,16,1,2025-04-29 23:04:20.813000
57065,25,3,26,1,2025-04-29 23:04:20.817000
57065,25,4,27,1,2025-04-29 23:04:20.817000
57065,25,5,30,1,2025-04-29 23:04:20.817000
57065,25,6,31,1,2025-04-29 23:04:20.820000
57065,25,7,29,1,2025-04-29 23:04:20.820000
57065,25,8,28,1,2025-04-29 23:04:20.820000
57065,25,9,59,1,2025-04-29 23:04:20.823000
57065,25,10,278,1,2025-04-29 23:04:20.823000
57065,28,1,41,1,2025-04-29 23:04:20.813000
57065,28,2,16,1,2025-04-29 23:04:20.813000
57065,28,3,26,1,2025-04-29 23:04:20.817000
57065,28,4,27,1,2025-04-29 23:04:20.817000
57065,28,5,30,1,2025-04-29 23:04:20.817000
57065,28,6,31,1,2025-04-29 23:04:20.820000
57065,28,7,29,1,2025-04-29 23:04:20.820000
57065,28,8,28,1,2025-04-29 23:04:20.820000
57065,28,9,59,1,2025-04-29 23:04:20.823000
57065,28,10,278,1,2025-04-29 23:04:20.823000
57065,30,1,41,1,2025-04-29 23:04:20.813000
57065,30,2,16,1,2025-04-29 23:04:20.813000
57065,30,3,26,1,2025-04-29 23:04:20.817000
57065,30,4,27,1,2025-04-29 23:04:20.817000
57065,30,5,30,1,2025-04-29 23:04:20.817000
57065,30,6,31,1,2025-04-29 23:04:20.820000
57065,30,7,29,1,2025-04-29 23:04:20.820000
57065,30,8,28,1,2025-04-29 23:04:20.820000
57065,30,9,59,1,2025-04-29 23:04:20.823000
57065,30,10,278,1,2025-04-29 23:04:20.823000
57065,32,1,41,1,2025-04-29 23:04:20.813000
57065,32,2,16,1,2025-04-29 23:04:20.813000
57065,32,3,26,1,2025-04-29 23:04:20.817000
57065,32,4,27,1,2025-04-29 23:04:20.817000
57065,32,5,30,1,2025-04-29 23:04:20.817000
57065,32,6,31,1,2025-04-29 23:04:20.820000
57065,32,7,29,1,2025-04-29 23:04:20.820000
57065,32,8,28,1,2025-04-29 23:04:20.820000
57065,32,9,59,1,2025-04-29 23:04:20.823000
57065,32,10,278,1,2025-04-29 23:04:20.823000
57067,29,1,0,1,2025-04-29 23:04:20.827000
57067,31,1,0,1,2025-04-29 23:04:20.827000
57067,32,1,0,1,2025-04-29 23:04:20.827000
57067,34,1,0,1,2025-04-29 23:04:20.827000
57068,14,1,0,1,2025-04-29 23:04:20.830000
57068,16,1,0,1,2025-04-29 23:04:20.830000
57068,17,1,0,1,2025-04-29 23:04:20.830000
57069,14,1,157,1,2025-04-29 23:04:20.830000
57069,16,1,157,1,2025-04-29 23:04:20.830000
57069,17,1,157,1,2025-04-29 23:04:20.830000
57069,20,1,157,1,2025-04-29 23:04:20.830000
57069,22,1,157,1,2025-04-29 23:04:20.830000
57069,24,1,157,1,2025-04-29 23:04:20.830000
57069,25,1,157,1,2025-04-29 23:04:20.830000
57070,15,1,60,1,2025-04-29 23:04:20.830000
57070,15,2,263,1,2025-04-29 23:04:20.833000
57070,16,1,60,1,2025-04-29 23:04:20.830000
57070,16,2,263,1,2025-04-29 23:04:20.833000
57071,30,1,0,1,2025-04-29 23:04:20.833000
57071,32,1,0,1,2025-04-29 23:04:20.833000
57071,35,1,0,1,2025-04-29 23:04:20.833000
57071,36,1,0,1,2025-04-29 23:04:20.833000
57072,17,1,0,1,2025-04-29 23:04:16.767000
57077,29,1,0,1,2025-04-29 23:04:15.503000
57079,7,1,15,1,2025-04-29 23:04:17.693000
57079,9,1,15,1,2025-04-29 23:04:17.693000
57079,13,1,15,1,2025-04-29 23:04:17.693000
57079,15,1,15,1,2025-04-29 23:04:17.693000
57083,10,1,0,1,2025-04-29 23:04:17.697000
57083,13,1,0,1,2025-04-29 23:04:17.697000
57083,14,1,0,1,2025-04-29 23:04:17.697000
57084,14,1,0,1,2025-04-29 23:04:17.697000
57084,15,1,0,1,2025-04-29 23:04:17.697000
57092,20,1,240,1,2025-04-29 23:04:19.217000
57092,20,2,226,1,2025-04-29 23:04:19.220000
57092,20,3,330,1,2025-04-29 23:04:19.227000
57092,24,1,240,1,2025-04-29 23:04:19.217000
57092,24,2,226,1,2025-04-29 23:04:19.220000
57092,24,3,330,1,2025-04-29 23:04:19.227000
57092,25,1,240,1,2025-04-29 23:04:19.217000
57092,25,2,226,1,2025-04-29 23:04:19.220000
57092,25,3,330,1,2025-04-29 23:04:19.227000
57100,41,1,0,1,2025-04-30 19:16:11.873000
57100,43,1,0,1,2025-04-30 19:16:11.873000
57100,46,1,0,1,2025-04-30 19:16:11.873000
57100,48,1,0,1,2025-04-30 19:16:11.873000
57100,51,1,0,1,2025-04-30 19:16:11.873000
57106,12,1,0,1,2025-04-29 23:04:20.923000
57110,17,1,0,1,2025-04-29 23:04:20.923000
57112,11,1,0,1,2025-04-29 23:04:20.923000
57113,41,1,129,1,2025-04-29 23:04:16.770000
57113,44,1,129,1,2025-04-29 23:04:16.770000
57114,13,1,0,1,2025-04-29 23:04:15.503000
57114,16,1,0,1,2025-04-29 23:04:15.503000
57114,21,1,0,1,2026-05-19 14:22:33.620000
57115,7,1,0,1,2025-04-29 23:04:15.503000
57115,10,1,0,1,2025-04-29 23:04:15.503000
57118,3,1,0,1,2025-04-29 23:04:15.507000
57122,17,1,0,1,2025-04-29 23:04:15.510000
57122,19,1,0,1,2025-04-29 23:04:15.510000
57122,23,1,0,1,2025-04-29 23:04:15.510000
57123,53,1,270,1,2025-04-29 23:04:15.513000
57123,58,1,270,1,2025-04-29 23:04:15.523000
57123,61,1,270,1,2025-04-29 23:04:15.523000
57124,20,1,0,1,2025-04-29 23:04:17.697000
57124,21,1,0,1,2025-04-29 23:04:17.697000
57125,22,1,0,1,2025-04-29 23:04:15.527000
57130,44,1,0,1,2025-04-29 23:04:16.773000
57130,51,1,0,1,2025-04-29 23:04:16.773000
57132,19,1,256,1,2025-04-29 23:04:20.837000
57141,39,1,0,1,2025-04-29 23:04:20.840000
57141,42,1,0,1,2025-04-29 23:04:20.840000
57141,44,1,0,1,2025-04-29 23:04:20.840000
57141,47,1,0,1,2025-04-29 23:04:20.840000
57143,3,1,0,1,2025-04-29 23:04:20.117000
57145,25,1,57,1,2025-04-29 23:04:15.527000
57145,29,1,57,1,2025-04-29 23:04:15.527000
57145,32,1,57,1,2025-04-29 23:04:15.527000
57146,3,1,0,1,2025-04-29 23:04:20.127000
57149,16,1,0,1,2025-04-29 23:04:20.843000
57149,18,1,0,1,2025-04-29 23:04:20.843000
57149,19,1,0,1,2025-04-29 23:04:20.843000
57149,20,1,0,1,2025-04-29 23:04:20.843000
57152,2,1,0,1,2025-04-29 23:04:20.137000
57155,15,1,0,1,2025-04-29 23:04:20.843000
57160,9,1,0,1,2025-04-29 23:04:20.847000
57160,11,1,0,1,2025-04-29 23:04:20.847000
57160,13,1,0,1,2025-04-29 23:04:20.847000
57161,11,1,129,1,2019-09-16 17:49:23.833000
57161,13,1,129,1,2019-09-16 17:49:23.833000
57161,15,1,129,1,2025-04-29 23:04:17.700000
57161,18,1,129,1,2025-04-29 23:04:17.700000
57161,19,1,129,1,2025-04-29 23:04:17.700000
57161,22,1,129,1,2025-04-29 23:04:17.700000
57162,9,1,129,1,2019-09-16 18:00:29.373000
57162,11,1,129,1,2019-09-16 18:00:29.373000
57162,13,1,129,1,2025-04-29 23:04:17.700000
57162,16,1,129,1,2025-04-29 23:04:17.700000
57162,17,1,129,1,2025-04-29 23:04:17.700000
57165,13,1,0,1,2025-04-29 23:04:20.850000
57165,15,1,0,1,2025-04-29 23:04:20.850000
57170,2,1,0,1,2025-04-29 23:04:20.143000
57174,2,1,0,1,2025-04-29 23:04:20.157000
57179,20,1,0,1,2025-04-29 23:04:15.530000
57179,22,1,0,1,2025-04-29 23:04:15.530000
57181,34,1,266,1,2025-04-29 23:04:17.700000
57181,37,1,266,1,2025-04-29 23:04:17.700000
57183,17,1,36,1,2025-04-29 23:04:17.703000
57183,19,1,36,1,2025-04-29 23:04:17.703000
57183,20,1,36,1,2025-04-29 23:04:17.703000
57183,23,1,36,1,2025-04-29 23:04:17.703000
57184,19,1,36,1,2025-04-29 23:04:17.703000
57184,21,1,36,1,2025-04-29 23:04:17.703000
57184,22,1,36,1,2025-04-29 23:04:17.703000
57185,27,1,0,1,2025-04-29 23:04:17.707000
57185,31,1,0,1,2025-04-29 23:04:17.707000
57185,33,1,0,1,2025-04-29 23:04:17.707000
57185,37,1,0,1,2025-11-17 14:56:42.153000
57185,41,1,0,1,2025-11-17 14:56:42.153000
57185,43,1,0,1,2025-11-17 14:56:42.153000
57186,25,1,0,1,2025-04-29 23:04:17.710000
57186,29,1,0,1,2025-04-29 23:04:17.710000
57186,31,1,0,1,2025-04-29 23:04:17.710000
57186,37,1,0,1,2025-11-17 15:04:45.550000
57186,41,1,0,1,2025-11-17 15:04:45.550000
57186,43,1,0,1,2025-11-17 15:04:45.550000
57187,25,1,158,1,2015-08-28 22:12:05.510000
57187,28,1,158,1,2015-08-28 22:12:05.510000
57187,31,1,158,1,2015-08-28 22:12:05.510000
57187,33,1,158,1,2015-08-28 22:12:05.510000
57187,34,1,158,1,2015-08-28 22:12:05.510000
57187,36,1,158,1,2015-08-28 22:12:05.510000
57187,39,1,158,1,2015-08-28 22:12:05.510000
57188,23,1,0,1,2025-04-29 23:04:15.530000
57188,27,1,0,1,2025-04-29 23:04:15.530000
57189,27,1,0,1,2025-04-29 23:04:17.710000
57189,28,1,0,1,2025-04-29 23:04:17.710000
57190,10,1,0,1,2025-04-29 23:04:17.713000
57190,11,1,0,1,2025-04-29 23:04:17.713000
57191,9,1,0,1,2025-04-29 23:04:17.717000
57191,10,1,0,1,2025-04-29 23:04:17.717000
57193,22,1,171,1,2025-04-29 23:04:20.850000
57193,24,1,171,1,2025-04-29 23:04:20.850000
57193,28,1,171,1,2025-04-29 23:04:20.850000
57193,30,1,171,1,2025-04-29 23:04:20.850000
57193,31,1,171,1,2025-04-29 23:04:20.850000
57194,27,1,158,1,2015-08-28 22:10:54.280000
57194,30,1,158,1,2015-08-28 22:10:54.280000
57194,33,1,158,1,2015-08-28 22:10:54.280000
57194,35,1,158,1,2015-08-28 22:10:54.280000
57194,36,1,158,1,2015-08-28 22:10:54.280000
57195,25,1,9,1,2025-04-29 23:04:17.720000
57195,27,1,9,1,2025-04-29 23:04:17.720000
57195,29,1,9,1,2025-04-29 23:04:17.720000
57196,21,1,9,1,2025-04-29 23:04:17.720000
57196,22,1,9,1,2025-04-29 23:04:17.720000
57198,26,1,0,1,2025-04-29 23:04:17.723000
57198,27,1,0,1,2025-04-29 23:04:17.723000
57201,7,1,15,1,2025-04-29 23:04:17.723000
57201,8,1,15,1,2025-04-29 23:04:17.723000
57204,33,1,176,1,2025-04-29 23:04:17.727000
57204,33,2,177,1,2025-04-29 23:04:17.727000
57204,37,1,176,1,2025-04-29 23:04:17.727000
57204,37,2,177,1,2025-04-29 23:04:17.727000
57204,38,1,176,1,2025-04-29 23:04:17.727000
57204,38,2,177,1,2025-04-29 23:04:17.727000
57204,40,1,176,1,2025-04-29 23:04:17.727000
57204,40,2,177,1,2025-04-29 23:04:17.727000
57204,43,1,176,1,2025-04-29 23:04:17.727000
57204,43,2,177,1,2025-04-29 23:04:17.727000
57204,45,1,176,1,2025-04-29 23:04:17.727000
57204,45,2,177,1,2025-04-29 23:04:17.727000
57205,33,1,169,1,2025-04-29 23:04:16.777000
57205,36,1,169,1,2025-04-29 23:04:16.777000
57205,39,1,169,1,2025-04-29 23:04:16.777000
57206,26,1,176,1,2025-04-29 23:04:17.730000
57206,26,2,177,1,2025-04-29 23:04:17.730000
57206,29,1,176,1,2025-04-29 23:04:17.730000
57206,29,2,177,1,2025-04-29 23:04:17.730000
57206,30,1,176,1,2025-04-29 23:04:17.730000
57206,30,2,177,1,2025-04-29 23:04:17.730000
57207,29,1,176,1,2025-04-29 23:04:17.733000
57207,29,2,177,1,2025-04-29 23:04:17.733000
57207,32,1,176,1,2025-04-29 23:04:17.733000
57207,32,2,177,1,2025-04-29 23:04:17.733000
57207,33,1,176,1,2025-04-29 23:04:17.733000
57207,33,2,177,1,2025-04-29 23:04:17.733000
57215,36,1,176,1,2025-04-29 23:04:17.737000
57215,36,2,177,1,2025-04-29 23:04:17.737000
57215,40,1,176,1,2025-04-29 23:04:17.737000
57215,40,2,177,1,2025-04-29 23:04:17.737000
57215,41,1,176,1,2025-04-29 23:04:17.737000
57215,41,2,177,1,2025-04-29 23:04:17.737000
57221,24,1,64,1,2025-04-29 23:04:17.740000
57221,24,2,14,1,2025-04-29 23:04:17.743000
57221,25,1,64,1,2025-04-29 23:04:17.740000
57221,25,2,14,1,2025-04-29 23:04:17.743000
57222,20,1,64,1,2025-04-29 23:04:17.743000
57222,20,2,14,1,2025-04-29 23:04:17.747000
57222,21,1,64,1,2025-04-29 23:04:17.743000
57222,21,2,14,1,2025-04-29 23:04:17.747000
57224,58,1,17,1,2025-04-29 23:04:17.747000
57224,58,2,320,1,2025-04-29 23:04:17.750000
57224,60,1,17,1,2025-04-29 23:04:17.747000
57224,60,2,320,1,2025-04-29 23:04:17.750000
57224,61,1,17,1,2025-04-29 23:04:17.747000
57224,61,2,320,1,2025-04-29 23:04:17.750000
57224,64,1,17,1,2025-04-29 23:04:17.747000
57224,64,2,320,1,2025-04-29 23:04:17.750000
57224,66,1,17,1,2025-04-29 23:04:17.747000
57224,66,2,320,1,2025-04-29 23:04:17.750000
57224,68,1,17,1,2025-04-29 23:04:17.747000
57224,68,2,320,1,2025-04-29 23:04:17.750000
57225,49,1,17,1,2025-04-29 23:04:17.750000
57225,49,2,320,1,2025-04-29 23:04:17.750000
57225,51,1,17,1,2025-04-29 23:04:17.750000
57225,51,2,320,1,2025-04-29 23:04:17.750000
57225,52,1,17,1,2025-04-29 23:04:17.750000
57225,52,2,320,1,2025-04-29 23:04:17.750000
57236,18,1,0,1,2025-04-29 23:04:17.753000
57236,20,1,0,1,2025-04-29 23:04:17.753000
57236,21,1,0,1,2025-04-29 23:04:17.753000
57236,22,1,0,1,2025-04-29 23:04:17.753000
57237,10,1,0,1,2025-04-29 23:04:17.753000
57237,11,1,0,1,2025-04-29 23:04:17.753000
57238,9,1,0,1,2025-04-29 23:04:17.757000
57238,10,1,0,1,2025-04-29 23:04:17.757000
57268,18,1,0,1,2025-04-29 23:04:17.757000
57268,20,1,0,1,2025-04-29 23:04:17.757000
57268,21,1,0,1,2025-04-29 23:04:17.757000
57282,17,1,0,1,2025-04-29 23:04:20.850000
57282,18,1,0,1,2025-04-29 23:04:20.850000
57284,13,1,0,1,2025-04-29 23:04:20.853000
57284,14,1,0,1,2025-04-29 23:04:20.853000
57285,3,1,0,1,2025-04-29 23:04:20.853000
57290,15,1,0,1,2025-04-29 23:04:17.760000
57290,17,1,0,1,2025-04-29 23:04:17.760000
57290,18,1,0,1,2025-04-29 23:04:17.760000
57305,10,1,0,1,2025-04-29 23:04:20.853000
57305,12,1,0,1,2025-04-29 23:04:20.857000
57305,14,1,0,1,2025-04-29 23:04:20.857000
57306,36,1,0,1,2025-04-29 23:04:20.857000
57306,38,1,0,1,2025-04-29 23:04:20.857000
57306,39,1,0,1,2025-04-29 23:04:20.857000
57306,42,1,0,1,2025-04-29 23:04:20.857000
57306,44,1,0,1,2025-04-29 23:04:20.857000
57307,33,1,270,1,2025-04-29 23:04:20.860000
57307,35,1,270,1,2025-04-29 23:04:20.860000
57307,37,1,270,1,2025-04-29 23:04:20.860000
57307,38,1,270,1,2025-04-29 23:04:20.860000
57311,30,1,41,1,2025-04-29 23:04:20.880000
57311,30,2,58,1,2025-04-29 23:04:20.880000
57311,30,3,240,1,2025-04-29 23:04:20.880000
57311,30,4,249,1,2025-04-29 23:04:20.883000
57311,30,5,88,1,2025-04-29 23:04:20.883000
57311,30,6,131,1,2025-04-29 23:04:20.887000
57311,30,7,232,1,2025-04-29 23:04:20.887000
57311,30,8,217,1,2025-04-29 23:04:20.887000
57311,30,9,47,1,2025-04-29 23:04:20.890000
57311,30,10,139,1,2025-04-29 23:04:20.890000
57311,30,11,315,1,2025-04-29 23:04:20.890000
57311,30,12,219,1,2025-04-29 23:04:20.893000
57311,32,1,41,1,2025-04-29 23:04:20.880000
57311,32,2,58,1,2025-04-29 23:04:20.880000
57311,32,3,240,1,2025-04-29 23:04:20.880000
57311,32,4,249,1,2025-04-29 23:04:20.883000
57311,32,5,88,1,2025-04-29 23:04:20.883000
57311,32,6,131,1,2025-04-29 23:04:20.887000
57311,32,7,232,1,2025-04-29 23:04:20.887000
57311,32,8,217,1,2025-04-29 23:04:20.887000
57311,32,9,47,1,2025-04-29 23:04:20.890000
57311,32,10,139,1,2025-04-29 23:04:20.890000
57311,32,11,315,1,2025-04-29 23:04:20.890000
57311,32,12,219,1,2025-04-29 23:04:20.893000
57311,35,1,41,1,2025-04-29 23:04:20.880000
57311,35,2,58,1,2025-04-29 23:04:20.880000
57311,35,3,240,1,2025-04-29 23:04:20.880000
57311,35,4,249,1,2025-04-29 23:04:20.883000
57311,35,5,88,1,2025-04-29 23:04:20.883000
57311,35,6,131,1,2025-04-29 23:04:20.887000
57311,35,7,232,1,2025-04-29 23:04:20.887000
57311,35,8,217,1,2025-04-29 23:04:20.887000
57311,35,9,47,1,2025-04-29 23:04:20.890000
57311,35,10,139,1,2025-04-29 23:04:20.890000
57311,35,11,315,1,2025-04-29 23:04:20.890000
57311,35,12,219,1,2025-04-29 23:04:20.893000
57326,30,1,0,1,2025-04-29 23:04:17.760000
57326,36,1,0,1,2025-04-29 23:04:17.760000
57326,39,1,0,1,2025-04-29 23:04:17.760000
57326,40,1,0,1,2025-04-29 23:04:17.760000
57326,42,1,0,1,2025-04-29 23:04:17.760000
57327,28,1,0,1,2025-04-29 23:04:17.760000
57327,33,1,0,1,2025-04-29 23:04:17.760000
57327,35,1,0,1,2025-04-29 23:04:17.760000
57327,36,1,0,1,2025-04-29 23:04:17.760000
57329,15,1,0,1,2025-04-29 23:04:17.760000
57329,17,1,0,1,2025-04-29 23:04:17.760000
57329,18,1,0,1,2025-04-29 23:04:17.760000
57330,15,1,0,1,2025-04-29 23:04:17.763000
57330,16,1,0,1,2025-04-29 23:04:17.763000
57330,17,1,0,1,2025-04-29 23:04:17.763000
57331,50,1,0,1,2025-04-29 23:04:17.767000
57331,52,1,0,1,2025-04-29 23:04:17.767000
57331,55,1,0,1,2025-04-29 23:04:17.767000
57331,56,1,0,1,2025-04-29 23:04:17.767000
57331,58,1,0,1,2025-04-29 23:04:17.767000
57331,61,1,0,1,2025-04-29 23:04:17.767000
57332,49,1,0,1,2025-04-29 23:04:17.770000
57332,51,1,0,1,2025-04-29 23:04:17.770000
57332,54,1,0,1,2025-04-29 23:04:17.770000
57332,55,1,0,1,2025-04-29 23:04:17.770000
57342,24,1,281,1,2025-04-29 23:04:17.773000
57342,26,1,281,1,2025-04-29 23:04:17.773000
57342,30,1,281,1,2025-04-29 23:04:17.773000
57342,31,1,281,1,2025-04-29 23:04:17.773000
57343,23,1,281,1,2025-04-29 23:04:17.777000
57343,26,1,281,1,2025-04-29 23:04:17.780000
57343,30,1,281,1,2025-04-29 23:04:17.780000
57343,31,1,281,1,2025-04-29 23:04:17.780000
57356,13,1,0,1,2025-04-29 23:04:17.780000
57356,14,1,0,1,2025-04-29 23:04:17.780000
57357,13,1,0,1,2025-04-29 23:04:17.783000
57357,15,1,0,1,2025-04-29 23:04:17.783000
57357,16,1,0,1,2025-04-29 23:04:17.783000
57361,39,1,0,1,2025-04-29 23:04:16.777000
57361,43,1,0,1,2025-04-29 23:04:16.777000
57361,46,1,0,1,2025-04-29 23:04:16.777000
57363,13,1,0,1,2025-04-29 23:04:17.783000
57363,14,1,0,1,2025-04-29 23:04:17.783000
57364,13,1,0,1,2025-04-29 23:04:17.787000
57364,14,1,0,1,2025-04-29 23:04:17.787000
57372,17,1,0,1,2025-04-29 23:04:17.787000
57372,18,1,0,1,2025-04-29 23:04:17.787000
57376,20,1,0,1,2025-04-29 23:04:17.787000
57376,21,1,0,1,2025-04-29 23:04:17.787000
57384,43,1,333,1,2025-04-29 23:04:17.790000
57384,45,1,333,1,2025-04-29 23:04:17.790000
57384,47,1,333,1,2025-04-29 23:04:17.790000
57384,49,1,333,1,2025-04-29 23:04:17.790000
57384,50,1,333,1,2025-04-29 23:04:17.790000
57384,53,1,333,1,2025-04-29 23:04:17.790000
57385,39,1,333,1,2025-04-29 23:04:17.790000
57385,41,1,333,1,2025-04-29 23:04:17.790000
57385,43,1,333,1,2025-04-29 23:04:17.790000
57385,45,1,333,1,2025-04-29 23:04:17.790000
57385,46,1,333,1,2025-04-29 23:04:17.790000
57386,18,1,102,1,2025-04-29 23:04:20.897000
57386,21,1,102,1,2025-04-29 23:04:20.897000
57414,28,1,81,1,2025-04-29 23:04:16.783000
57414,30,1,81,1,2025-04-29 23:04:16.783000
57419,15,1,0,1,2025-04-29 23:04:17.793000
57419,16,1,0,1,2025-04-29 23:04:17.793000
57420,13,1,0,1,2025-04-29 23:04:17.793000
57420,14,1,0,1,2025-04-29 23:04:17.793000
57420,15,1,0,1,2025-04-29 23:04:17.793000
57421,36,1,0,1,2025-04-29 23:04:17.793000
57421,37,1,0,1,2025-04-29 23:04:17.793000
57422,32,1,0,1,2025-04-29 23:04:17.797000
57422,33,1,0,1,2025-04-29 23:04:17.797000
57423,12,1,0,1,2025-04-29 23:04:17.797000
57423,15,1,0,1,2025-04-29 23:04:17.797000
57423,16,1,0,1,2025-04-29 23:04:17.797000
57424,11,1,0,1,2025-04-29 23:04:17.800000
57424,13,1,0,1,2025-04-29 23:04:17.800000
57424,14,1,0,1,2025-04-29 23:04:17.800000
57427,10,1,263,1,2025-04-29 23:04:20.183000
57427,11,1,263,1,2025-04-29 23:04:20.183000
57428,6,1,177,1,2025-04-29 23:04:20.153000
57428,9,1,177,1,2025-04-29 23:04:20.153000
57428,10,1,177,1,2025-04-29 23:04:20.153000
57431,10,1,0,1,2025-04-29 23:04:19.650000
57431,13,1,0,1,2025-04-29 23:04:19.650000
57431,14,1,0,1,2025-04-29 23:04:19.650000
57432,9,1,0,1,2025-04-29 23:04:17.800000
57432,11,1,0,1,2025-04-29 23:04:17.800000
57432,12,1,0,1,2025-04-29 23:04:17.800000
57433,10,1,0,1,2025-04-29 23:04:17.800000
57433,12,1,0,1,2025-04-29 23:04:17.800000
57433,13,1,0,1,2025-04-29 23:04:17.800000
57433,14,1,0,1,2025-04-29 23:04:17.800000
57434,31,1,0,1,2025-04-29 23:04:16.787000
57434,35,1,0,1,2025-04-29 23:04:16.787000
57435,16,1,177,1,2025-04-29 23:04:19.483000
57435,16,2,263,1,2025-04-29 23:04:19.487000
57435,22,1,177,1,2025-04-29 23:04:19.510000
57435,22,2,263,1,2025-04-29 23:04:19.510000
57435,25,1,0,1,2025-12-18 12:16:11.837000
57435,26,1,0,1,2025-12-18 12:16:11.837000
57435,27,1,0,1,2025-12-18 12:16:11.837000
57436,2,1,0,1,2025-04-29 23:04:20.450000
57441,7,1,0,1,2025-04-29 23:04:17.800000
57441,8,1,0,1,2025-04-29 23:04:17.800000
57449,22,1,0,1,2025-04-29 23:04:15.537000
57449,24,1,0,1,2025-04-29 23:04:15.537000
57450,12,1,0,1,2025-04-29 23:04:15.537000
57450,14,1,0,1,2025-04-29 23:04:15.537000
57451,38,1,0,1,2025-04-29 23:04:15.540000
57452,42,1,0,1,2025-04-29 23:04:19.880000
57452,45,1,0,1,2025-04-29 23:04:19.880000
57452,46,1,0,1,2025-04-29 23:04:19.880000
57453,4,1,42,1,2025-04-29 23:04:19.910000
57453,4,2,249,1,2025-04-29 23:04:19.913000
57453,5,1,42,1,2025-04-29 23:04:19.910000
57453,5,2,249,1,2025-04-29 23:04:19.913000
57455,20,1,202,1,2025-04-29 23:04:20.227000
57455,23,1,202,1,2025-04-29 23:04:20.227000
57455,24,1,202,1,2025-04-29 23:04:20.227000
57465,8,1,0,1,2025-04-29 23:04:17.803000
57465,9,1,0,1,2025-04-29 23:04:17.803000
57472,14,1,266,1,2025-04-29 23:04:20.927000
57472,14,2,155,1,2025-04-29 23:04:20.927000
57472,15,1,266,1,2025-04-29 23:04:20.927000
57472,15,2,155,1,2025-04-29 23:04:20.927000
57473,30,1,155,1,2025-04-29 23:04:20.953000
57473,30,2,266,1,2025-04-29 23:04:20.953000
57473,30,3,187,1,2025-04-29 23:04:20.957000
57473,30,4,161,1,2025-04-29 23:04:20.957000
57473,33,1,155,1,2025-04-29 23:04:20.953000
57473,33,2,266,1,2025-04-29 23:04:20.953000
57473,33,3,187,1,2025-04-29 23:04:20.957000
57473,33,4,161,1,2025-04-29 23:04:20.957000
57474,29,1,0,1,2025-04-29 23:04:20.960000
57474,33,1,0,1,2025-04-29 23:04:20.960000
57474,34,1,0,1,2025-04-29 23:04:20.960000
57476,20,1,179,1,2025-04-29 23:04:20.963000
57476,22,1,179,1,2025-04-29 23:04:20.963000
57477,12,1,0,1,2025-04-29 23:04:20.967000
57477,15,1,0,1,2025-04-29 23:04:20.967000
57478,37,1,270,1,2025-04-29 23:04:20.970000
57478,40,1,270,1,2025-04-29 23:04:20.970000
57479,13,1,201,1,2025-04-29 23:04:20.973000
57479,15,1,201,1,2025-04-29 23:04:20.973000
57479,18,1,201,1,2025-04-29 23:04:20.973000
57480,26,1,41,1,2025-04-29 23:04:20.973000
57480,28,1,41,1,2025-04-29 23:04:20.973000
57480,31,1,41,1,2025-04-29 23:04:20.973000
57481,12,1,41,1,2025-04-29 23:04:20.977000
57482,18,1,129,1,2025-04-29 23:04:20.977000
57482,20,1,129,1,2025-04-29 23:04:20.977000
57482,23,1,129,1,2025-04-29 23:04:20.977000
57482,25,1,129,1,2025-04-29 23:04:20.977000
57483,25,1,261,1,2025-04-29 23:04:20.980000
57483,28,1,261,1,2025-04-29 23:04:20.980000
57484,21,1,0,1,2025-04-29 23:04:20.980000
57484,22,1,0,1,2025-04-29 23:04:20.980000
57486,9,1,0,1,2025-04-29 23:04:17.803000
57486,10,1,0,1,2025-04-29 23:04:17.803000
57487,9,1,0,1,2025-04-29 23:04:17.803000
57487,10,1,0,1,2025-04-29 23:04:17.803000
57496,14,1,226,1,2025-04-29 23:04:15.540000
57496,14,2,330,1,2025-04-29 23:04:15.540000
57497,14,1,0,1,2025-04-29 23:04:17.807000
57497,15,1,0,1,2025-04-29 23:04:17.807000
57498,13,1,0,1,2025-04-29 23:04:17.807000
57498,14,1,0,1,2025-04-29 23:04:17.807000
57503,17,1,0,1,2025-04-29 23:04:15.477000
57512,17,1,0,1,2025-04-29 23:04:17.807000
57512,19,1,0,1,2025-04-29 23:04:17.807000
57513,15,1,0,1,2025-04-29 23:04:17.810000
57513,16,1,0,1,2025-04-29 23:04:17.810000
57515,11,1,0,1,2025-04-29 23:04:17.810000
57515,12,1,0,1,2025-04-29 23:04:17.810000
57516,9,1,0,1,2025-04-29 23:04:17.810000
57516,11,1,0,1,2025-04-29 23:04:17.810000
57516,12,1,0,1,2025-04-29 23:04:17.810000
57517,10,1,0,1,2025-04-29 23:04:17.810000
57517,12,1,0,1,2025-04-29 23:04:17.810000
57517,13,1,0,1,2025-04-29 23:04:17.810000
57520,43,1,0,1,2025-04-29 23:04:15.547000
57526,80,1,0,1,2025-04-29 23:04:17.820000
57526,82,1,0,1,2025-04-29 23:04:17.820000
57526,84,1,0,1,2025-04-29 23:04:17.820000
57526,87,1,0,1,2025-04-29 23:04:17.820000
57526,88,1,0,1,2025-04-29 23:04:17.820000
57526,90,1,0,1,2025-04-29 23:04:17.820000
57526,93,1,0,1,2025-04-29 23:04:17.820000
57527,76,1,0,1,2025-04-29 23:04:17.823000
57527,78,1,0,1,2025-04-29 23:04:17.823000
57527,80,1,0,1,2025-04-29 23:04:17.823000
57527,83,1,0,1,2025-04-29 23:04:17.823000
57527,84,1,0,1,2025-04-29 23:04:17.823000
57528,4,1,346,1,2025-04-29 23:04:20.160000
57528,5,1,346,1,2025-04-29 23:04:20.160000
57531,52,1,0,1,2025-04-29 23:04:15.550000
57531,58,1,0,1,2025-04-29 23:04:15.550000
57531,60,1,0,1,2025-04-29 23:04:15.550000
57540,12,1,0,1,2025-04-29 23:04:15.550000
57540,15,1,0,1,2025-04-29 23:04:15.550000
57551,10,1,0,1,2025-04-29 23:04:20.980000
57551,12,1,0,1,2025-04-29 23:04:20.980000
57551,14,1,0,1,2025-04-29 23:04:20.980000
57552,17,2,176,2,2025-10-16 15:18:18.577000
57552,19,2,176,2,2025-10-16 15:18:18.577000
57554,32,1,158,1,2025-04-30 19:18:21.833000
57554,34,1,158,1,2025-04-30 19:18:21.833000
57554,36,1,158,1,2025-04-30 19:18:21.833000
57554,38,1,158,1,2025-04-30 19:18:21.833000
57554,41,1,158,1,2025-04-30 19:18:21.833000
57554,45,1,158,1,2025-04-30 19:18:21.833000
57554,47,1,158,1,2025-04-30 19:18:21.833000
57554,50,1,158,1,2025-04-30 19:18:21.833000
57554,52,1,158,1,2025-04-30 19:18:21.833000
57558,11,1,0,1,2025-04-29 23:04:20.987000
57559,16,1,102,2,2021-07-14 14:14:13.657000
57559,17,1,102,1,2025-04-29 23:04:20.990000
57559,20,1,102,1,2025-04-29 23:04:20.990000
57560,10,1,0,1,2025-04-30 19:22:43.570000
57566,13,1,0,1,2025-04-29 23:04:20.990000
57567,14,1,0,1,2025-04-30 19:24:00.440000
57568,11,1,0,1,2025-04-29 23:04:20.993000
57570,28,1,0,1,2025-04-29 23:04:20.997000
57570,29,1,0,1,2025-04-29 23:04:20.997000
57571,9,1,0,1,2025-04-29 23:04:20.997000
57575,7,1,0,1,2025-04-29 23:04:20.997000
57575,9,1,0,1,2025-04-29 23:04:20.997000
57576,11,1,0,1,2025-04-29 23:04:21
57577,7,1,0,1,2025-04-29 23:04:21
57581,7,1,0,1,2025-04-29 23:04:21
57583,7,1,0,1,2025-04-29 23:04:21.003000
57583,9,1,0,1,2025-04-29 23:04:21.003000
57587,9,1,0,1,2025-04-29 23:04:21.003000
57588,9,1,0,1,2025-04-29 23:04:21.007000
57588,11,1,0,1,2025-04-29 23:04:21.007000
57589,16,1,135,1,2025-04-29 23:04:21.007000
57589,16,2,285,1,2025-04-29 23:04:21.010000
57589,16,3,11,1,2025-04-29 23:04:21.010000
57590,10,1,201,1,2025-04-29 23:04:21.017000
57590,12,1,201,1,2025-04-29 23:04:21.017000
57590,15,1,201,1,2025-04-29 23:04:21.017000
57591,18,1,263,1,2025-04-29 23:04:21.017000
57591,21,1,263,1,2025-04-29 23:04:21.017000
57591,23,1,263,1,2025-04-29 23:04:21.017000
57591,25,1,263,1,2025-04-29 23:04:21.017000
57592,17,1,212,1,2025-04-29 23:04:21.030000
57592,17,2,263,1,2025-04-29 23:04:21.030000
57592,17,3,204,1,2025-04-29 23:04:21.033000
57592,19,1,212,1,2025-04-29 23:04:21.030000
57592,19,2,263,1,2025-04-29 23:04:21.030000
57592,19,3,204,1,2025-04-29 23:04:21.033000
57593,14,1,165,1,2025-04-29 23:04:21.033000
57593,14,2,164,1,2025-04-29 23:04:21.037000
57593,14,3,263,1,2025-04-29 23:04:21.037000
57593,14,4,204,2,2025-07-16 17:36:26.477000
57593,17,1,165,1,2025-04-29 23:04:21.033000
57593,17,2,164,1,2025-04-29 23:04:21.037000
57593,17,3,263,1,2025-04-29 23:04:21.037000
57593,17,4,204,2,2025-07-16 17:36:26.477000
57594,16,2,165,1,2015-06-10 13:14:17.133000
57594,16,4,263,3,2015-06-10 13:14:17.147000
57594,18,1,165,1,2025-04-29 23:04:21.037000
57594,18,2,263,1,2025-04-29 23:04:21.040000
57594,20,1,165,1,2025-04-29 23:04:21.037000
57594,20,2,263,1,2025-04-29 23:04:21.040000
57594,22,1,165,1,2025-04-29 23:04:21.037000
57594,22,2,263,1,2025-04-29 23:04:21.040000
57595,11,1,249,1,2025-04-29 23:04:21.053000
57595,11,2,231,1,2025-04-29 23:04:21.057000
57595,11,3,42,1,2025-04-29 23:04:21.057000
57595,14,1,249,1,2025-04-29 23:04:21.053000
57595,14,2,231,1,2025-04-29 23:04:21.057000
57595,14,3,42,1,2025-04-29 23:04:21.057000
57595,16,1,249,1,2025-04-29 23:04:21.053000
57595,16,2,231,1,2025-04-29 23:04:21.057000
57595,16,3,42,1,2025-04-29 23:04:21.057000
57595,19,1,249,1,2025-04-29 23:04:21.053000
57595,19,2,231,1,2025-04-29 23:04:21.057000
57595,19,3,42,1,2025-04-29 23:04:21.057000
57595,20,1,249,1,2025-04-29 23:04:21.053000
57595,20,2,231,1,2025-04-29 23:04:21.057000
57595,20,3,42,1,2025-04-29 23:04:21.057000
57596,16,1,0,1,2025-04-29 23:04:21.063000
57596,19,1,0,1,2025-04-29 23:04:21.063000
57597,17,1,270,1,2025-04-29 23:04:21.067000
57597,20,1,270,1,2025-04-29 23:04:21.067000
57597,22,1,270,1,2025-04-29 23:04:21.067000
57598,9,1,0,1,2025-04-29 23:04:21.067000
57598,11,1,0,1,2025-04-29 23:04:21.067000
57599,11,1,0,1,2025-04-29 23:04:21.067000
57599,14,1,0,1,2025-04-29 23:04:21.067000
57600,27,1,0,1,2025-04-29 23:04:16.793000
57600,34,1,0,1,2025-04-29 23:04:16.793000
57604,16,1,0,1,2025-04-29 23:04:21.070000
57607,14,1,0,1,2025-04-29 23:04:17.827000
57607,15,1,0,1,2025-04-29 23:04:17.827000
57608,15,1,0,1,2025-04-29 23:04:17.827000
57608,16,1,0,1,2025-04-29 23:04:17.827000
57609,10,1,0,1,2025-04-29 23:04:17.827000
57609,11,1,0,1,2025-04-29 23:04:17.827000
57611,13,1,0,1,2025-04-29 23:04:17.830000
57611,16,1,0,1,2025-04-29 23:04:17.830000
57612,7,1,0,1,2025-04-29 23:04:17.830000
57612,8,1,0,1,2025-04-29 23:04:17.830000
57613,7,1,0,1,2025-04-29 23:04:17.830000
57613,8,1,0,1,2025-04-29 23:04:17.830000
57614,13,1,0,1,2025-04-29 23:04:17.833000
57614,15,1,0,1,2025-04-29 23:04:17.833000
57615,5,1,0,1,2025-04-29 23:04:17.833000
57615,6,1,0,1,2025-04-29 23:04:17.833000
57616,5,1,0,1,2025-04-29 23:04:17.833000
57616,6,1,0,1,2025-04-29 23:04:17.833000
57618,24,1,0,1,2025-04-29 23:04:16.797000
57619,7,1,0,1,2025-04-29 23:04:17.837000
57619,8,1,0,1,2025-04-29 23:04:17.837000
57620,7,1,0,1,2025-04-29 23:04:17.837000
57620,8,1,0,1,2025-04-29 23:04:17.837000
57620,9,1,0,1,2025-04-29 23:04:17.837000
57621,16,1,0,1,2025-04-29 23:04:17.840000
57621,17,1,0,1,2025-04-29 23:04:17.840000
57622,15,1,0,1,2025-04-29 23:04:17.840000
57622,16,1,0,1,2025-04-29 23:04:17.840000
57622,17,1,0,1,2025-04-29 23:04:17.840000
57630,11,1,0,1,2025-04-29 23:04:21.070000
57631,2,1,0,1,2025-04-29 23:04:21.070000
57633,8,1,0,1,2025-04-29 23:04:15.557000
57636,19,1,0,1,2025-04-29 23:04:15.557000
57636,24,1,0,1,2025-04-29 23:04:15.557000
57637,17,1,0,1,2025-04-29 23:04:15.560000
57637,20,1,0,1,2025-04-29 23:04:15.560000
57638,7,1,0,1,2025-04-29 23:04:15.560000
57643,18,1,0,1,2025-04-29 23:04:17.840000
57643,20,1,0,1,2025-04-29 23:04:17.840000
57644,16,1,0,1,2025-04-29 23:04:17.840000
57644,17,1,0,1,2025-04-29 23:04:17.840000
57647,17,1,0,1,2025-04-29 23:04:15.560000
57649,9,1,0,1,2025-04-29 23:04:15.563000
57651,5,1,0,1,2025-04-29 23:04:15.563000
57657,25,1,0,1,2025-04-29 23:04:15.563000
57660,6,1,0,1,2025-04-29 23:04:15.567000
57661,16,1,0,1,2025-04-29 23:04:17.843000
57661,17,1,0,1,2025-04-29 23:04:17.843000
57662,14,1,0,1,2025-04-29 23:04:17.843000
57662,15,1,0,1,2025-04-29 23:04:17.843000
57663,13,1,11,1,2025-04-29 23:04:20.897000
57663,13,2,135,1,2025-04-29 23:04:20.900000
57663,13,3,15,1,2025-04-29 23:04:20.900000
57663,14,1,11,1,2025-04-29 23:04:20.897000
57663,14,2,135,1,2025-04-29 23:04:20.900000
57663,14,3,15,1,2025-04-29 23:04:20.900000
57664,10,1,372,1,2025-04-29 23:04:17.847000
57664,11,1,372,1,2025-04-29 23:04:17.847000
57665,9,1,372,1,2025-04-29 23:04:17.847000
57665,10,1,372,1,2025-04-29 23:04:17.847000
57666,33,1,0,1,2025-04-29 23:04:15.567000
57666,36,1,0,1,2025-04-29 23:04:15.567000
57667,10,1,0,1,2025-04-29 23:04:15.567000
57668,40,1,270,1,2025-04-29 23:04:19.710000
57668,44,1,270,1,2025-04-29 23:04:19.710000
57668,45,1,270,1,2025-04-29 23:04:19.710000
57669,7,1,0,1,2025-04-29 23:04:15.570000
57669,10,1,0,1,2025-04-29 23:04:15.570000
57670,5,1,0,1,2025-04-29 23:04:15.570000
57670,8,1,0,1,2025-04-29 23:04:15.570000
57672,6,1,0,1,2025-04-29 23:04:15.570000
57677,14,1,0,1,2025-04-29 23:04:15.573000
57678,9,1,0,1,2025-04-29 23:04:15.573000
57678,11,1,0,1,2025-04-29 23:04:15.573000
57680,7,1,0,1,2026-01-15 14:21:57.323000
57680,9,2,217,6,2026-01-20 17:33:40.877000
57682,6,1,0,1,2025-04-29 23:04:15.580000
57683,8,1,0,1,2025-04-29 23:04:17.850000
57683,10,1,0,1,2025-04-29 23:04:17.850000
57683,11,1,0,1,2025-04-29 23:04:17.850000
57684,7,1,0,1,2025-04-29 23:04:17.850000
57684,9,1,0,1,2025-04-29 23:04:17.850000
57684,10,1,0,1,2025-04-29 23:04:17.850000
57684,11,1,0,1,2025-04-29 23:04:17.850000
57685,7,1,0,1,2025-04-29 23:04:17.850000
57685,11,1,0,1,2025-04-29 23:04:17.850000
57685,12,1,0,1,2025-04-29 23:04:17.850000
57685,15,1,0,1,2025-04-29 23:04:17.850000
57686,7,1,0,1,2025-04-29 23:04:17.853000
57686,11,1,0,1,2025-04-29 23:04:17.853000
57686,12,1,0,1,2025-04-29 23:04:17.853000
57689,39,1,0,1,2025-04-29 23:04:17.853000
57689,43,1,0,1,2025-04-29 23:04:17.853000
57689,44,1,0,1,2025-04-29 23:04:17.853000
57690,34,1,0,1,2025-04-29 23:04:17.853000
57690,38,1,0,1,2025-04-29 23:04:17.853000
57690,39,1,0,1,2025-04-29 23:04:17.853000
57692,10,1,0,1,2025-04-29 23:04:17.857000
57692,11,1,0,1,2025-04-29 23:04:17.857000
57693,11,1,0,1,2025-04-29 23:04:17.857000
57693,12,1,0,1,2025-04-29 23:04:17.857000
57697,14,1,226,1,2025-04-29 23:04:17.867000
57697,14,2,330,1,2025-04-29 23:04:17.867000
57697,16,1,226,1,2025-04-29 23:04:17.867000
57697,16,2,330,1,2025-04-29 23:04:17.867000
57698,13,1,226,1,2025-04-29 23:04:17.877000
57698,13,2,330,1,2025-04-29 23:04:17.880000
57698,14,1,226,1,2025-04-29 23:04:17.877000
57698,14,2,330,1,2025-04-29 23:04:17.880000
57701,17,1,0,1,2025-04-29 23:04:17.880000
57701,21,2,373,1,2025-04-30 20:50:02.377000
57701,26,2,373,1,2025-04-30 20:50:02.377000
57701,27,2,373,1,2025-04-30 20:50:02.377000
57701,30,2,373,1,2025-04-30 20:50:02.377000
57702,15,1,0,1,2025-04-29 23:04:17.883000
57702,19,2,373,1,2025-04-30 20:50:48.063000
57702,22,2,373,1,2025-04-30 20:50:48.063000
57702,23,2,373,1,2025-04-30 20:50:48.063000
57706,13,1,0,1,2025-04-29 23:04:17.887000
57706,14,1,0,1,2025-04-29 23:04:17.887000
57707,13,1,0,1,2025-04-29 23:04:17.890000
57707,14,1,0,1,2025-04-29 23:04:17.890000
57715,40,1,0,1,2025-04-29 23:04:15.580000
57715,53,1,0,1,2025-04-29 23:04:16.840000
57715,55,1,0,1,2025-04-29 23:04:16.840000
57718,19,1,0,1,2025-04-29 23:04:17.890000
57718,20,1,0,1,2025-04-29 23:04:17.890000
57719,20,1,0,1,2025-04-29 23:04:17.890000
57719,21,1,0,1,2025-04-29 23:04:17.890000
57726,7,1,0,1,2025-04-29 23:04:15.587000
57733,10,1,0,1,2025-04-29 23:04:21.070000
57733,12,1,0,1,2025-04-29 23:04:21.070000
57735,7,1,0,1,2025-04-29 23:04:16.800000
57736,17,1,0,1,2025-04-29 23:04:20.263000
57736,18,1,0,1,2025-04-29 23:04:20.263000
57740,2,1,0,1,2025-04-29 23:04:15.590000
57751,20,1,11,1,2025-04-29 23:04:16.800000
57751,20,2,15,1,2025-04-29 23:04:16.800000
57751,23,1,11,1,2025-04-29 23:04:16.800000
57751,23,2,15,1,2025-04-29 23:04:16.800000
57751,28,1,0,1,2026-05-19 14:22:33.620000
57752,18,1,0,1,2025-04-29 23:04:16.800000
57753,12,1,81,1,2025-04-29 23:04:16.803000
57755,18,1,0,1,2025-04-29 23:04:15.590000
57759,32,1,171,1,2025-04-29 23:04:20.003000
57759,35,1,171,1,2025-04-29 23:04:20.003000
57759,36,1,171,1,2025-04-29 23:04:20.003000
57765,19,1,0,1,2025-04-29 23:04:15.593000
57765,24,1,0,1,2025-04-29 23:04:15.593000
57765,26,1,0,1,2025-04-29 23:04:15.593000
57767,12,1,0,1,2025-04-29 23:04:15.593000
57772,69,1,0,1,2025-04-30 19:27:40.717000
57772,71,1,0,1,2025-04-30 19:27:40.717000
57772,73,1,0,1,2025-04-30 19:27:40.717000
57772,76,1,0,1,2025-04-30 19:27:40.717000
57772,78,1,0,1,2025-04-30 19:27:40.717000
57772,81,1,0,1,2025-04-30 19:27:40.717000
57773,16,1,0,1,2025-04-29 23:04:17.893000
57773,17,1,0,1,2025-04-29 23:04:17.893000
57774,12,1,0,1,2025-04-29 23:04:17.893000
57774,14,1,0,1,2025-04-29 23:04:17.893000
57774,15,1,0,1,2025-04-29 23:04:17.893000
57774,16,1,0,1,2025-04-29 23:04:17.893000
57778,32,1,158,1,2025-04-29 23:04:15.600000
57778,36,1,158,1,2025-04-29 23:04:15.600000
57778,43,1,158,1,2025-04-29 23:04:15.600000
57778,48,1,158,1,2025-04-29 23:04:15.600000
57778,52,1,158,1,2025-04-29 23:04:15.600000
57778,54,1,158,1,2025-04-29 23:04:15.600000
57778,59,1,158,1,2025-04-29 23:04:15.600000
57779,8,1,0,1,2025-04-29 23:04:15.603000
57780,24,1,0,1,2025-04-29 23:04:15.603000
57780,27,1,0,1,2025-04-29 23:04:15.603000
57787,45,1,0,1,2025-04-29 23:04:15.607000
57787,47,1,0,1,2025-04-29 23:04:15.607000
57788,35,1,0,1,2025-04-29 23:04:15.607000
57788,38,1,0,1,2025-04-29 23:04:15.607000
57788,41,1,0,1,2025-04-29 23:04:15.607000
57791,11,1,240,1,2025-04-29 23:04:17.897000
57791,12,1,240,1,2025-04-29 23:04:17.897000
57792,11,1,240,1,2025-04-29 23:04:17.897000
57792,12,1,240,1,2025-04-29 23:04:17.897000
57802,13,1,0,1,2025-04-29 23:04:15.607000
57802,15,1,0,1,2025-04-29 23:04:15.607000
57802,16,1,0,1,2025-04-29 23:04:15.607000
57804,32,1,0,1,2025-04-29 23:04:15.617000
57804,41,1,0,1,2025-04-29 23:04:15.617000
57807,121,1,0,1,2025-04-29 23:04:15.633000
57807,123,1,0,1,2025-04-29 23:04:15.633000
57807,124,1,0,1,2025-04-29 23:04:15.633000
57811,2,1,0,1,2025-04-29 23:04:18.187000
57813,8,1,0,1,2025-04-29 23:04:18.187000
57818,3,1,0,1,2025-04-29 23:04:17.900000
57820,4,1,0,1,2025-04-29 23:04:17.903000
57826,36,1,0,1,2025-04-29 23:04:18.970000
57826,37,1,0,1,2025-04-29 23:04:18.970000
57830,4,1,372,1,2025-04-29 23:04:15.480000
57831,28,1,372,1,2025-04-29 23:04:15.490000
57831,30,1,372,1,2025-04-29 23:04:15.490000
57836,3,1,372,1,2025-04-29 23:04:15.493000
57837,24,1,372,1,2025-04-29 23:04:15.497000
57837,26,1,372,1,2025-04-29 23:04:15.497000
57837,28,1,372,1,2025-04-29 23:04:15.497000
57837,30,1,372,1,2025-04-29 23:04:15.497000
57839,14,1,0,1,2025-04-29 23:04:16.810000
57842,10,1,0,1,2025-04-29 23:04:17.903000
57842,11,1,0,1,2025-04-29 23:04:17.903000
57843,10,1,0,1,2025-04-29 23:04:17.903000
57843,11,1,0,1,2025-04-29 23:04:17.903000
57843,12,1,0,1,2025-04-29 23:04:17.903000
57844,2,1,322,1,2025-04-29 23:04:21.080000
57846,4,1,0,1,2025-04-29 23:04:21.080000
57848,18,1,0,1,2025-04-29 23:04:17.910000
57848,19,1,0,1,2025-04-29 23:04:17.910000
57849,17,1,0,1,2025-04-29 23:04:17.917000
57849,18,1,0,1,2025-04-29 23:04:17.917000
57851,8,1,0,1,2025-04-29 23:04:21.080000
57858,29,1,372,2,2025-04-30 19:29:42.310000
57858,30,1,372,2,2025-04-30 19:29:42.310000
57861,2,1,372,2,2025-04-30 19:30:52.517000
57863,32,1,0,1,2025-04-29 23:04:17.920000
57863,36,1,0,1,2025-04-29 23:04:17.920000
57863,37,1,0,1,2025-04-29 23:04:17.920000
57863,41,1,0,1,2025-04-29 23:04:17.920000
57864,32,1,0,1,2025-04-29 23:04:17.920000
57864,35,1,0,1,2025-04-29 23:04:17.923000
57864,36,1,0,1,2025-04-29 23:04:17.923000
57866,2,1,372,1,2025-04-29 23:04:15.497000
57867,33,1,372,2,2025-05-01 14:15:05.593000
57868,4,1,0,1,2025-04-29 23:04:15.510000
57869,4,1,0,1,2025-04-29 23:04:15.510000
57870,26,1,372,1,2025-04-29 23:04:20.903000
57872,10,1,0,1,2025-04-29 23:04:15.633000
57873,25,1,372,1,2025-04-29 23:04:20.907000
57873,27,1,372,1,2025-04-29 23:04:20.907000
57873,29,1,372,1,2025-04-29 23:04:20.907000
57873,31,1,372,1,2025-04-29 23:04:20.907000
57876,4,1,372,1,2025-04-29 23:04:20.910000
57877,4,2,372,1,2025-04-29 23:04:20.910000
57878,19,1,372,1,2025-04-29 23:04:21.090000
57878,21,1,372,1,2025-04-29 23:04:21.090000
57878,23,1,372,1,2025-04-29 23:04:21.090000
57878,26,1,372,1,2025-04-29 23:04:21.090000
57879,2,1,372,1,2025-04-29 23:04:21.090000
57880,12,1,0,1,2025-04-29 23:04:21.090000
57880,13,1,0,1,2025-04-29 23:04:21.090000
57884,10,1,0,1,2025-04-29 23:04:15.643000
57886,2,1,0,1,2025-04-29 23:04:18.190000
57886,3,1,0,1,2025-04-29 23:04:18.190000
57889,3,1,263,1,2025-04-29 23:04:20.267000
57889,4,1,263,1,2025-04-29 23:04:20.267000
57890,8,1,0,1,2025-04-29 23:04:20.460000
57891,29,1,372,1,2025-04-29 23:04:17.923000
57891,32,1,372,1,2025-04-29 23:04:17.923000
57891,34,1,372,1,2025-04-29 23:04:17.923000
57891,36,1,372,1,2025-04-29 23:04:17.923000
57891,37,1,372,1,2025-04-29 23:04:17.923000
57891,39,1,372,1,2025-04-29 23:04:17.923000
57892,29,1,372,1,2025-04-29 23:04:17.927000
57892,31,1,372,1,2025-04-29 23:04:17.927000
57892,34,1,372,1,2025-04-29 23:04:17.927000
57892,36,1,372,1,2025-04-29 23:04:17.927000
57892,37,1,372,1,2025-04-29 23:04:17.927000
57893,2,1,0,1,2025-04-29 23:04:18.190000
57894,4,1,372,1,2025-04-29 23:04:17.930000
57901,24,1,372,1,2025-04-29 23:04:17.937000
57901,25,1,372,1,2025-04-29 23:04:17.937000
57901,27,1,372,1,2025-04-29 23:04:17.937000
57904,5,1,372,1,2025-04-29 23:04:17.937000
57905,26,1,372,1,2025-04-29 23:04:17.943000
57905,27,1,372,1,2025-04-29 23:04:17.943000
57905,28,1,372,1,2025-04-29 23:04:17.943000
57906,4,1,372,1,2025-04-29 23:04:17.947000
57907,4,1,0,1,2025-04-29 23:04:17.947000
57908,4,1,0,1,2025-04-29 23:04:17.950000
57909,4,1,372,1,2025-04-29 23:04:17.950000
57910,14,1,0,1,2025-04-29 23:04:20.910000
57913,9,1,0,1,2025-04-29 23:04:17.950000
57913,11,1,0,1,2025-04-29 23:04:17.950000
57914,8,1,0,1,2025-04-29 23:04:17.950000
57914,9,1,0,1,2025-04-29 23:04:17.950000
57915,10,1,0,1,2025-04-29 23:04:20.913000
57916,4,1,0,1,2025-04-29 23:04:20.913000
57917,31,1,372,2,2025-05-02 14:53:40.063000
57917,32,1,372,2,2025-05-02 14:53:40.063000
57918,4,1,372,1,2025-04-29 23:04:20.920000
57921,7,1,0,1,2025-04-29 23:04:20.463000
57922,4,1,0,1,2025-04-29 23:04:20.397000
57926,16,1,0,1,2025-04-29 23:04:20.923000
57926,19,1,0,1,2025-10-07 15:51:48.137000
57926,22,1,0,1,2025-10-07 15:51:48.137000
57926,24,1,0,1,2025-10-07 15:51:48.137000
57926,25,1,0,1,2025-10-07 15:51:48.137000
57928,6,1,0,1,2025-04-29 23:04:16.813000
57929,3,1,0,1,2025-04-29 23:04:20.923000
57930,2,1,0,1,2025-04-29 23:04:20.927000
57935,2,1,372,1,2025-04-29 23:04:21.093000
57936,33,1,0,1,2025-04-30 19:33:04.307000
57938,8,1,0,1,2025-04-29 23:04:17.953000
57944,19,1,240,1,2025-04-30 19:34:47.950000
57944,19,2,226,3,2025-04-30 19:35:26.893000
57944,19,3,330,1,2025-04-30 19:35:55.340000
57944,21,1,240,1,2025-04-30 19:34:47.950000
57944,21,2,226,3,2025-04-30 19:35:26.893000
57944,21,3,330,1,2025-04-30 19:35:55.340000
57944,24,1,240,1,2025-04-30 19:34:47.950000
57944,24,2,226,3,2025-04-30 19:35:26.893000
57944,24,3,330,1,2025-04-30 19:35:55.340000
57944,25,1,240,1,2025-04-30 19:34:47.950000
57944,25,2,226,3,2025-04-30 19:35:26.893000
57944,25,3,330,1,2025-04-30 19:35:55.340000
57947,4,1,0,1,2025-04-29 23:04:17.953000
57948,23,1,0,1,2025-04-29 23:04:17.960000
57948,24,1,0,1,2025-04-29 23:04:17.960000
57948,26,1,0,1,2025-04-29 23:04:17.960000
57948,28,1,0,1,2025-04-29 23:04:17.960000
57948,30,1,0,1,2025-04-29 23:04:17.960000
57948,33,1,0,1,2025-04-29 23:04:17.960000
57948,36,1,0,1,2025-04-29 23:04:17.960000
57948,38,1,0,1,2025-04-29 23:04:17.960000
57949,20,1,0,1,2025-04-29 23:04:17.963000
57949,21,1,0,1,2025-04-29 23:04:17.963000
57954,63,1,0,1,2025-04-29 23:04:17.963000
57954,66,1,0,1,2025-04-29 23:04:17.963000
57954,68,1,0,1,2025-04-29 23:04:17.963000
57954,70,1,0,1,2025-04-29 23:04:17.963000
57954,71,1,0,1,2025-04-29 23:04:17.963000
57954,73,1,0,1,2025-04-29 23:04:17.963000
57957,47,1,0,1,2025-04-29 23:04:17.963000
57957,50,1,0,1,2025-04-29 23:04:17.963000
57957,52,1,0,1,2025-04-29 23:04:17.963000
57957,53,1,0,1,2025-04-29 23:04:17.963000
57959,2,1,0,1,2025-04-29 23:04:15.647000
57967,2,1,0,1,2025-04-29 23:04:20.420000
57970,12,1,0,1,2025-04-29 23:04:17.967000
57970,13,1,0,1,2025-04-29 23:04:17.967000
57972,10,1,0,1,2025-04-29 23:04:17.967000
57972,11,1,0,1,2025-04-29 23:04:17.967000
57972,12,1,0,1,2025-04-29 23:04:17.967000
57979,2,1,0,1,2025-04-29 23:04:21.117000
57983,6,1,0,1,2025-04-29 23:04:21.117000
57994,6,1,110,1,2025-04-29 23:04:20.927000
57994,6,2,357,1,2025-04-29 23:04:20.930000
57994,7,1,110,1,2025-04-29 23:04:20.927000
57994,7,2,357,1,2025-04-29 23:04:20.930000
58000,4,1,0,1,2025-04-29 23:04:18.193000
58008,14,1,0,1,2025-04-29 23:04:18.193000
58008,19,1,0,1,2025-10-07 13:37:54.380000
58008,22,1,0,1,2025-10-07 13:37:54.380000
58016,4,1,0,1,2025-04-29 23:04:15.510000
58017,45,1,0,1,2025-04-29 23:04:15.513000
58017,47,1,0,1,2025-04-29 23:04:15.513000
58017,50,1,0,1,2025-04-29 23:04:15.513000
58017,52,1,0,1,2025-04-29 23:04:15.513000
58017,55,1,0,1,2025-04-29 23:04:15.513000
58019,42,1,112,1,2025-04-29 23:04:15.517000
58019,45,1,112,1,2025-04-29 23:04:15.517000
58021,11,1,0,1,2025-04-29 23:04:15.520000
58028,23,1,372,1,2025-04-29 23:04:15.520000
58030,5,1,0,1,2025-04-29 23:04:15.520000
58031,11,1,0,1,2025-04-29 23:04:15.523000
58035,2,1,321,1,2025-04-29 23:04:19.660000
58035,2,2,190,1,2025-04-29 23:04:19.663000
58038,10,1,0,1,2025-04-29 23:04:20.930000
58039,4,1,0,1,2025-04-29 23:04:20.930000
58040,2,1,0,1,2025-04-29 23:04:20.930000
58049,6,1,0,1,2025-04-29 23:04:16.813000
58052,6,1,0,1,2025-04-29 23:04:17.967000
58052,8,1,0,1,2025-04-29 23:04:17.967000
58052,9,1,0,1,2025-04-29 23:04:17.967000
58053,7,1,0,1,2025-04-29 23:04:17.970000
58053,8,1,0,1,2025-04-29 23:04:17.970000
58061,28,1,112,1,2025-04-29 23:04:20.933000
58063,11,1,0,1,2025-04-29 23:04:20.937000
58065,19,1,372,1,2025-04-29 23:04:20.937000
58070,2,1,0,1,2025-04-29 23:04:18.197000
58071,9,1,223,1,2025-04-29 23:04:19.663000
58071,9,2,190,1,2025-04-29 23:04:19.667000
58072,4,1,0,1,2025-04-29 23:04:17.970000
58073,4,1,0,1,2025-04-29 23:04:17.970000
58075,15,1,0,1,2025-04-29 23:04:18.200000
58075,16,1,0,1,2025-04-29 23:04:18.200000
58075,19,1,0,1,2025-04-29 23:04:18.200000
58075,22,1,0,1,2025-04-29 23:04:18.200000
58075,24,1,0,1,2025-04-29 23:04:18.200000
58095,13,1,176,1,2025-04-29 23:04:17.970000
58095,15,1,176,1,2025-04-29 23:04:17.970000
58095,16,1,176,1,2025-04-29 23:04:17.970000
58097,13,1,176,1,2025-04-29 23:04:17.973000
58097,16,1,176,1,2025-04-29 23:04:17.973000
58097,17,1,176,1,2025-04-29 23:04:17.973000
58100,5,1,0,1,2025-04-29 23:04:20.457000
58110,22,1,0,1,2025-04-29 23:04:16.827000
58112,6,1,0,1,2025-04-29 23:04:20.440000
58113,6,1,0,1,2025-04-29 23:04:20.940000
58116,28,1,98,1,2025-04-29 23:04:19.293000
58116,28,2,100,1,2025-04-29 23:04:19.297000
58116,28,3,251,1,2025-04-29 23:04:19.303000
58116,28,4,92,1,2025-04-29 23:04:19.303000
58116,29,1,98,1,2025-04-29 23:04:19.293000
58116,29,2,100,1,2025-04-29 23:04:19.297000
58116,29,3,251,1,2025-04-29 23:04:19.303000
58116,29,4,92,1,2025-04-29 23:04:19.303000
58117,2,1,0,1,2025-04-29 23:04:21.117000
58118,2,1,0,1,2025-04-29 23:04:21.120000
58119,2,1,230,1,2025-04-29 23:04:21.120000
58120,16,1,0,1,2025-04-29 23:04:17.973000
58120,17,1,0,1,2025-04-29 23:04:17.973000
58121,15,1,0,1,2025-04-29 23:04:17.977000
58121,16,1,0,1,2025-04-29 23:04:17.977000
58121,17,1,0,1,2025-04-29 23:04:17.977000
58127,18,1,0,1,2025-04-29 23:04:20.943000
58127,19,1,0,1,2025-04-29 23:04:20.943000
58133,22,1,0,1,2025-04-29 23:04:17.983000
58133,23,1,0,1,2025-04-29 23:04:17.983000
58136,22,1,0,1,2025-04-29 23:04:15.663000
58138,19,1,0,1,2025-04-29 23:04:17.990000
58138,20,1,0,1,2025-04-29 23:04:17.990000
58145,5,1,0,1,2025-04-29 23:04:20.467000
58152,6,1,176,1,2025-04-29 23:04:18.887000
58152,9,1,176,1,2025-04-29 23:04:18.887000
58152,12,1,176,1,2025-04-29 23:04:18.887000
58152,13,1,176,1,2025-04-29 23:04:18.887000
58157,4,1,333,1,2025-04-29 23:04:15.523000
58168,30,1,112,1,2025-04-29 23:04:17.993000
58168,33,1,112,1,2025-04-29 23:04:17.993000
58170,30,1,112,1,2025-04-29 23:04:18
58170,33,1,112,1,2025-04-29 23:04:18
58176,3,1,0,1,2025-04-29 23:04:18
58177,3,1,0,1,2025-04-29 23:04:18
58178,3,1,333,1,2025-04-29 23:04:20.943000
58181,23,1,372,1,2025-04-29 23:04:18
58181,24,1,372,1,2025-04-29 23:04:18
58183,16,1,0,1,2025-04-29 23:04:18.003000
58183,18,1,0,1,2025-04-29 23:04:18.003000
58183,19,1,0,1,2025-04-29 23:04:18.003000
58185,16,1,0,1,2025-04-29 23:04:18.003000
58185,18,1,0,1,2025-04-29 23:04:18.003000
58185,19,1,0,1,2025-04-29 23:04:18.003000
58185,20,1,0,1,2025-04-29 23:04:18.003000
58187,24,1,372,1,2025-04-29 23:04:18.007000
58187,25,1,372,1,2025-04-29 23:04:18.007000
58198,2,1,333,1,2025-04-29 23:04:21.120000
58205,11,1,0,1,2025-04-29 23:04:21.123000
58205,13,1,0,1,2025-04-29 23:04:21.123000
58207,31,1,112,3,2025-04-30 19:37:39.087000
58207,34,1,112,3,2025-04-30 19:37:39.087000
58209,5,1,0,1,2025-04-29 23:04:21.130000
58209,9,1,0,1,2025-04-29 23:04:21.133000
58211,23,1,372,1,2025-04-29 23:04:21.133000
58211,24,1,372,1,2025-04-29 23:04:21.133000
58213,16,1,98,2,2025-04-30 19:39:00.157000
58213,16,2,251,1,2025-04-30 19:39:20.757000
58213,16,3,222,2,2025-04-30 19:39:40.663000
58216,2,1,365,1,2020-05-15 11:33:21.857000
58216,4,1,365,1,2025-04-29 23:04:16.830000
58216,5,1,365,1,2025-04-29 23:04:16.830000
58218,9,1,0,1,2025-04-29 23:04:20.947000
58218,14,1,0,1,2025-04-29 23:04:20.947000
58218,17,1,0,1,2025-04-29 23:04:20.947000
58220,2,1,0,1,2025-04-29 23:04:15.667000
58223,10,1,0,1,2025-04-29 23:04:18.010000
58223,12,1,0,1,2025-04-29 23:04:18.010000
58223,17,1,0,1,2025-04-29 23:04:18.010000
58223,19,1,0,1,2025-04-29 23:04:18.010000
58223,22,1,0,1,2025-04-29 23:04:18.010000
58225,10,1,0,1,2025-04-29 23:04:18.010000
58225,11,1,0,1,2025-04-29 23:04:18.010000
58227,8,1,0,1,2025-04-29 23:04:18.013000
58227,14,1,0,1,2025-10-15 00:28:13.060000
58227,17,1,0,1,2025-10-15 00:28:13.060000
58227,19,1,0,1,2025-10-15 00:28:13.060000
58227,20,1,0,1,2025-10-15 00:28:13.060000
58229,7,1,0,1,2025-04-29 23:04:18.013000
58229,12,1,0,1,2025-10-15 00:29:34.863000
58229,15,1,0,1,2025-10-15 00:29:34.863000
58229,17,1,0,1,2025-10-15 00:29:34.863000
58229,18,1,0,1,2025-10-15 00:29:34.863000
58231,4,1,0,1,2025-04-29 23:04:19.667000
58232,3,1,365,1,2025-04-29 23:04:15.667000
58232,4,1,365,1,2025-04-29 23:04:15.667000
58237,9,1,333,1,2025-04-29 23:04:18.017000
58238,6,1,333,1,2025-04-29 23:04:18.017000
58243,3,1,0,1,2025-04-29 23:04:16.833000
58243,7,1,0,1,2025-04-29 23:04:16.833000
58247,3,1,169,1,2025-04-29 23:04:19.670000
58247,3,2,312,1,2025-04-29 23:04:19.670000
58247,3,3,343,1,2025-04-29 23:04:19.673000
58247,3,4,47,1,2025-04-29 23:04:19.673000
58247,3,5,190,1,2025-04-29 23:04:19.677000
58250,14,1,0,1,2025-04-29 23:04:15.673000
58250,19,1,0,1,2025-04-29 23:04:15.673000
58264,3,1,0,1,2025-04-29 23:04:15.673000
58264,8,1,0,1,2025-04-29 23:04:15.673000
58270,2,1,0,1,2025-04-29 23:04:20.947000
58271,3,1,0,1,2025-04-29 23:04:18.020000
58272,3,1,0,1,2025-04-29 23:04:18.020000
58275,9,1,0,1,2025-04-29 23:04:18.200000
58277,13,1,0,1,2025-04-29 23:04:18.200000
58282,8,1,0,1,2025-04-29 23:04:18.203000
58282,14,1,0,1,2025-04-29 23:04:18.203000
58287,5,1,0,1,2025-04-29 23:04:18.203000
58288,5,1,223,1,2025-04-29 23:04:19.677000
58288,5,2,190,1,2025-04-29 23:04:19.680000
58289,2,1,0,1,2025-04-29 23:04:18.207000
58294,7,1,281,1,2025-04-29 23:04:18.883000
58294,8,1,281,1,2025-04-29 23:04:18.883000
58300,2,1,0,1,2025-04-29 23:04:18.207000
58306,2,1,0,1,2025-04-29 23:04:15.523000
58308,18,1,0,1,2025-04-29 23:04:15.527000
58318,58,1,333,1,2025-04-29 23:04:15.527000
58318,60,1,333,1,2025-04-29 23:04:15.527000
58318,62,1,333,1,2025-04-29 23:04:15.527000
58318,65,1,333,1,2025-04-29 23:04:15.527000
58321,7,1,0,1,2025-04-29 23:04:18.210000
58323,9,1,0,1,2025-04-29 23:04:20.947000
58323,11,1,0,1,2025-04-29 23:04:20.950000
58323,12,1,0,1,2025-04-29 23:04:20.950000
58323,13,1,0,1,2025-04-29 23:04:20.950000
58324,33,1,333,1,2025-04-29 23:04:20.950000
58324,35,1,333,1,2025-04-29 23:04:20.950000
58327,2,1,0,1,2025-04-29 23:04:20.370000
58338,2,1,0,1,2025-04-29 23:04:20.477000
58340,4,1,0,1,2025-04-29 23:04:18.020000
58342,7,1,0,1,2025-04-29 23:04:20.423000
58343,11,1,0,1,2025-04-29 23:04:15.530000
58344,3,1,0,1,2025-04-29 23:04:15.530000
58345,12,1,0,1,2025-04-29 23:04:16.833000
58345,13,1,0,1,2025-04-29 23:04:16.833000
58350,22,1,0,1,2025-04-29 23:04:18.210000
58350,24,1,0,1,2025-04-29 23:04:18.210000
58354,10,1,0,1,2025-04-29 23:04:18.210000
58354,15,1,0,1,2025-04-29 23:04:18.210000
58359,12,1,0,1,2025-04-29 23:04:20.950000
58359,13,1,0,1,2025-04-29 23:04:20.950000
58362,10,1,0,1,2025-04-29 23:04:20.953000
58364,31,1,0,1,2025-04-29 23:04:20.953000
58364,32,1,0,1,2025-04-29 23:04:20.953000
58364,36,1,0,1,2025-04-29 23:04:20.953000
58364,37,1,0,1,2025-04-29 23:04:20.953000
58364,39,1,0,1,2025-04-29 23:04:20.953000
58367,6,1,0,1,2025-04-29 23:04:18.213000
58368,3,1,0,1,2025-04-29 23:04:20.953000
58371,12,1,0,1,2025-04-29 23:04:20.957000
58376,51,1,372,1,2025-04-29 23:04:15.537000
58376,54,1,372,1,2025-04-29 23:04:15.537000
58376,57,1,372,1,2025-04-29 23:04:15.537000
58376,59,1,372,1,2025-04-29 23:04:15.537000
58376,62,1,372,1,2025-04-29 23:04:15.537000
58376,64,1,372,1,2025-04-29 23:04:15.537000
58376,67,1,372,1,2025-04-29 23:04:15.537000
58378,5,1,0,1,2025-04-29 23:04:16.837000
58382,3,1,0,1,2025-04-29 23:04:20.957000
58392,13,1,0,1,2025-04-29 23:04:18.217000
58395,35,1,333,1,2025-04-29 23:04:21.163000
58395,37,1,333,1,2025-04-29 23:04:21.163000
58395,38,1,333,1,2025-04-29 23:04:21.163000
58395,40,1,333,1,2025-04-29 23:04:21.163000
58395,44,1,333,1,2025-04-29 23:04:21.163000
58396,2,1,0,1,2025-04-29 23:04:21.163000
58398,4,1,0,1,2025-04-29 23:04:20.960000
58399,4,1,0,1,2025-04-29 23:04:18.020000
58403,24,1,11,1,2025-04-29 23:04:18.023000
58403,24,2,15,1,2025-04-29 23:04:18.023000
58403,24,3,176,1,2025-04-29 23:04:18.027000
58403,24,4,263,1,2025-04-29 23:04:18.027000
58403,25,1,11,1,2025-04-29 23:04:18.023000
58403,25,2,15,1,2025-04-29 23:04:18.023000
58403,25,3,176,1,2025-04-29 23:04:18.027000
58403,25,4,263,1,2025-04-29 23:04:18.027000
58403,27,1,11,1,2025-04-29 23:04:18.023000
58403,27,2,15,1,2025-04-29 23:04:18.023000
58403,27,3,176,1,2025-04-29 23:04:18.027000
58403,27,4,263,1,2025-04-29 23:04:18.027000
58405,21,1,11,1,2025-04-29 23:04:18.030000
58405,21,2,15,1,2025-04-29 23:04:18.030000
58405,21,3,176,1,2025-04-29 23:04:18.030000
58405,21,4,263,1,2025-04-29 23:04:18.033000
58405,22,1,11,1,2025-04-29 23:04:18.030000
58405,22,2,15,1,2025-04-29 23:04:18.030000
58405,22,3,176,1,2025-04-29 23:04:18.030000
58405,22,4,263,1,2025-04-29 23:04:18.033000
58406,24,1,0,1,2025-04-30 17:19:39.187000
58406,26,1,0,1,2025-04-30 17:19:39.187000
58408,3,1,0,1,2025-04-29 23:04:15.673000
58410,9,1,0,1,2025-04-29 23:04:15.677000
58412,4,1,0,1,2025-04-29 23:04:15.677000
58412,5,1,0,1,2025-04-29 23:04:15.677000
58414,11,1,0,1,2025-04-29 23:04:16.837000
58416,2,1,0,1,2025-04-29 23:04:21.163000
58417,4,1,0,1,2025-04-29 23:04:15.540000
58423,38,1,0,1,2025-04-29 23:04:16.840000
58423,46,1,0,1,2025-04-29 23:04:16.840000
58423,48,1,0,1,2025-04-29 23:04:16.840000
58426,5,1,0,1,2025-04-29 23:04:18.220000
58428,18,1,0,1,2025-04-29 23:04:16.850000
58428,24,1,0,1,2025-04-29 23:04:16.850000
58428,29,1,0,1,2025-04-29 23:04:16.850000
58431,2,1,0,1,2025-04-29 23:04:21.167000
58434,25,1,372,1,2025-04-29 23:04:20.960000
58434,26,1,372,1,2025-04-29 23:04:20.960000
58434,28,1,372,1,2025-04-29 23:04:20.960000
58434,30,1,372,1,2025-04-29 23:04:20.960000
58434,32,1,372,1,2025-04-29 23:04:20.960000
58434,34,1,372,1,2025-04-29 23:04:20.960000
58436,11,1,281,1,2025-04-29 23:04:18.037000
58436,13,1,281,1,2025-04-29 23:04:18.037000
58438,10,1,281,1,2025-04-29 23:04:18.037000
58438,11,1,281,1,2025-04-29 23:04:18.037000
58445,3,1,0,1,2025-04-29 23:04:20.450000
58450,4,1,0,1,2025-04-29 23:04:21.167000
58451,3,1,0,1,2025-04-29 23:04:18.220000
58452,3,1,0,1,2025-04-29 23:04:20.963000
58454,33,1,372,1,2025-04-29 23:04:18.043000
58454,37,1,372,1,2025-04-29 23:04:18.043000
58454,40,1,372,1,2025-04-29 23:04:18.043000
58454,42,1,372,1,2025-04-29 23:04:18.043000
58454,43,1,372,1,2025-04-29 23:04:18.043000
58454,45,1,372,1,2025-04-29 23:04:18.043000
58454,47,1,372,1,2025-04-29 23:04:18.043000
58454,50,1,372,1,2025-04-29 23:04:18.043000
58456,30,1,372,1,2025-04-29 23:04:18.053000
58456,33,1,372,1,2025-04-29 23:04:18.053000
58456,36,1,372,1,2025-04-29 23:04:18.053000
58456,39,1,372,1,2025-04-29 23:04:18.053000
58456,41,1,372,1,2025-04-29 23:04:18.053000
58456,42,1,372,1,2025-04-29 23:04:18.053000
58456,43,1,372,1,2025-04-29 23:04:18.053000
58462,5,1,0,1,2025-04-29 23:04:20.963000
58463,2,1,0,1,2025-04-29 23:04:20.963000
58465,2,1,0,1,2025-04-29 23:04:20.400000
58468,27,1,372,2,2025-04-30 19:41:12.513000
58468,29,1,372,2,2025-04-30 19:41:12.513000
58468,32,1,372,2,2025-04-30 19:41:12.513000
58468,34,1,372,2,2025-04-30 19:41:12.513000
58468,36,1,372,2,2025-04-30 19:41:12.513000
58468,38,1,372,2,2025-04-30 19:41:12.513000
58468,41,1,372,2,2025-04-30 19:41:12.513000
58471,10,1,0,1,2025-04-29 23:04:21.173000
58473,10,1,0,1,2025-04-29 23:04:21.177000
58473,11,1,0,1,2025-04-29 23:04:21.177000
58477,19,1,0,1,2025-04-29 23:04:21.177000
58477,22,1,0,1,2025-04-29 23:04:21.177000
58480,3,1,0,1,2025-04-29 23:04:20.967000
58503,12,1,0,1,2025-04-29 23:04:18.220000
58505,4,1,0,1,2025-04-29 23:04:18.053000
58506,4,1,0,1,2025-04-29 23:04:18.057000
58507,6,1,0,1,2025-04-29 23:04:18.057000
58508,5,1,0,1,2025-04-29 23:04:18.057000
58509,4,1,0,1,2025-04-29 23:04:18.060000
58511,4,1,0,1,2025-04-29 23:04:18.060000
58512,3,1,0,1,2025-04-29 23:04:18.223000
58514,2,1,0,1,2025-04-29 23:04:21.180000
58520,3,1,0,1,2025-04-29 23:04:18.060000
58521,4,1,0,1,2025-04-29 23:04:18.060000
58522,5,1,0,1,2025-04-29 23:04:18.063000
58523,4,1,0,1,2025-04-29 23:04:18.063000
58530,4,1,0,1,2025-04-29 23:04:15.680000
58531,4,1,0,1,2025-04-29 23:04:15.680000
58534,3,1,0,1,2025-04-29 23:04:18.063000
58535,3,1,0,1,2025-04-29 23:04:18.067000
58539,3,1,0,1,2025-04-29 23:04:21.180000
58541,13,1,202,1,2025-04-29 23:04:16.853000
58541,14,1,202,1,2025-04-29 23:04:16.853000
58543,12,1,202,1,2025-04-29 23:04:15.680000
58543,13,1,202,1,2025-04-29 23:04:15.680000
58546,4,1,0,1,2025-04-29 23:04:20.430000
58547,3,1,0,1,2025-04-29 23:04:18.223000
58548,3,1,0,1,2025-04-29 23:04:18.223000
58549,3,1,0,1,2025-04-29 23:04:18.227000
58551,2,1,0,1,2025-04-29 23:04:18.227000
58557,2,1,0,1,2025-04-29 23:04:18.227000
58559,30,1,0,1,2025-04-29 23:04:18.230000
58559,33,1,0,1,2025-04-29 23:04:18.230000
58559,35,1,0,1,2025-04-29 23:04:18.230000
58559,39,1,0,1,2025-04-29 23:04:18.230000
58559,42,1,0,1,2025-04-29 23:04:18.230000
58561,2,1,0,1,2025-04-29 23:04:18.230000
58562,3,1,0,1,2025-04-29 23:04:20.967000
58563,3,1,0,1,2025-04-29 23:04:20.967000
58565,35,1,131,1,2025-04-29 23:04:18.077000
58565,35,2,232,1,2025-04-29 23:04:18.080000
58565,35,3,217,1,2025-04-29 23:04:18.080000
58565,35,4,47,1,2025-04-29 23:04:18.080000
58565,35,5,139,1,2025-04-29 23:04:18.083000
58565,35,6,315,1,2025-04-29 23:04:18.083000
58565,37,1,131,1,2025-04-29 23:04:18.077000
58565,37,2,232,1,2025-04-29 23:04:18.080000
58565,37,3,217,1,2025-04-29 23:04:18.080000
58565,37,4,47,1,2025-04-29 23:04:18.080000
58565,37,5,139,1,2025-04-29 23:04:18.083000
58565,37,6,315,1,2025-04-29 23:04:18.083000
58565,41,1,131,1,2025-04-29 23:04:18.077000
58565,41,2,232,1,2025-04-29 23:04:18.080000
58565,41,3,217,1,2025-04-29 23:04:18.080000
58565,41,4,47,1,2025-04-29 23:04:18.080000
58565,41,5,139,1,2025-04-29 23:04:18.083000
58565,41,6,315,1,2025-04-29 23:04:18.083000
58565,43,1,131,1,2025-04-29 23:04:18.077000
58565,43,2,232,1,2025-04-29 23:04:18.080000
58565,43,3,217,1,2025-04-29 23:04:18.080000
58565,43,4,47,1,2025-04-29 23:04:18.080000
58565,43,5,139,1,2025-04-29 23:04:18.083000
58565,43,6,315,1,2025-04-29 23:04:18.083000
58565,46,1,131,1,2025-04-29 23:04:18.077000
58565,46,2,232,1,2025-04-29 23:04:18.080000
58565,46,3,217,1,2025-04-29 23:04:18.080000
58565,46,4,47,1,2025-04-29 23:04:18.080000
58565,46,5,139,1,2025-04-29 23:04:18.083000
58565,46,6,315,1,2025-04-29 23:04:18.083000
58565,50,1,131,1,2025-04-29 23:04:18.077000
58565,50,2,232,1,2025-04-29 23:04:18.080000
58565,50,3,217,1,2025-04-29 23:04:18.080000
58565,50,4,47,1,2025-04-29 23:04:18.080000
58565,50,5,139,1,2025-04-29 23:04:18.083000
58565,50,6,315,1,2025-04-29 23:04:18.083000
58565,52,1,131,1,2025-04-29 23:04:18.077000
58565,52,2,232,1,2025-04-29 23:04:18.080000
58565,52,3,217,1,2025-04-29 23:04:18.080000
58565,52,4,47,1,2025-04-29 23:04:18.080000
58565,52,5,139,1,2025-04-29 23:04:18.083000
58565,52,6,315,1,2025-04-29 23:04:18.083000
58567,28,1,131,1,2025-04-29 23:04:18.097000
58567,28,2,232,1,2025-04-29 23:04:18.097000
58567,28,3,217,1,2025-04-29 23:04:18.097000
58567,28,4,47,1,2025-04-29 23:04:18.100000
58567,28,5,139,1,2025-04-29 23:04:18.100000
58567,28,6,315,1,2025-04-29 23:04:18.103000
58567,29,1,131,1,2025-04-29 23:04:18.097000
58567,29,2,232,1,2025-04-29 23:04:18.097000
58567,29,3,217,1,2025-04-29 23:04:18.097000
58567,29,4,47,1,2025-04-29 23:04:18.100000
58567,29,5,139,1,2025-04-29 23:04:18.100000
58567,29,6,315,1,2025-04-29 23:04:18.103000
58568,2,1,0,1,2025-04-29 23:04:21.180000
58573,10,1,0,1,2025-04-29 23:04:15.687000
58573,13,1,0,1,2025-04-29 23:04:15.687000
58575,35,1,0,1,2025-04-29 23:04:16.853000
58575,38,1,0,1,2025-04-29 23:04:16.853000
58577,31,1,0,1,2025-04-29 23:04:15.690000
58577,33,1,0,1,2025-04-29 23:04:15.690000
58578,10,1,0,1,2025-04-29 23:04:18.103000
58578,11,1,0,1,2025-04-29 23:04:18.103000
58578,12,1,0,1,2025-04-29 23:04:18.103000
58579,9,1,0,1,2025-04-29 23:04:18.103000
58579,10,1,0,1,2025-04-29 23:04:18.103000
58582,15,1,0,1,2025-04-29 23:04:20.970000
58582,17,1,0,1,2025-04-29 23:04:20.970000
58582,19,1,0,1,2025-04-29 23:04:20.970000
58582,20,1,0,1,2025-04-29 23:04:20.970000
58587,5,1,0,1,2025-04-29 23:04:15.690000
58592,14,1,0,1,2025-04-29 23:04:15.690000
58592,19,1,0,1,2025-04-29 23:04:15.690000
58596,2,1,281,1,2025-04-29 23:04:18.107000
58598,2,1,281,1,2025-04-29 23:04:18.107000
58607,6,1,0,1,2025-04-29 23:04:18.230000
58609,6,1,217,1,2025-04-29 23:04:19.907000
58609,7,1,217,1,2025-04-29 23:04:19.907000
58613,4,1,0,1,2025-04-29 23:04:20.970000
58614,3,1,0,1,2025-04-29 23:04:20.463000
58618,3,1,0,1,2025-04-29 23:04:18.230000
58622,2,1,0,1,2025-04-29 23:04:18.233000
58624,2,1,0,1,2025-04-29 23:04:21.180000
58628,5,1,0,1,2025-04-29 23:04:20.420000
58629,2,1,0,1,2025-04-29 23:04:15.540000
58630,2,1,0,1,2025-04-29 23:04:20.363000
58634,5,1,0,1,2025-04-29 23:04:18.110000
58635,4,1,0,1,2025-04-29 23:04:18.110000
58639,9,1,11,1,2025-04-29 23:04:18.110000
58639,9,2,15,1,2025-04-29 23:04:18.113000
58639,9,3,176,1,2025-04-29 23:04:18.113000
58640,5,1,11,1,2025-04-29 23:04:18.117000
58640,5,2,15,1,2025-04-29 23:04:18.117000
58640,5,3,176,1,2025-04-29 23:04:18.120000
58641,4,1,0,1,2025-04-29 23:04:18.233000
58647,3,1,0,1,2025-04-29 23:04:20.970000
58649,8,1,0,1,2025-04-30 16:37:35.570000
58649,12,1,0,1,2025-04-30 16:37:35.570000
58649,13,1,0,1,2025-04-30 16:37:35.570000
58650,4,1,0,1,2025-04-29 23:04:15.540000
58652,22,1,372,1,2025-04-29 23:04:15.543000
58652,25,1,372,1,2025-04-29 23:04:15.543000
58652,27,1,372,1,2025-04-29 23:04:15.543000
58652,29,1,372,1,2025-04-29 23:04:15.543000
58656,8,1,101,1,2025-04-29 23:04:20.147000
58656,8,2,372,1,2025-04-29 23:04:20.150000
58656,9,1,101,1,2025-04-29 23:04:20.147000
58656,9,2,372,1,2025-04-29 23:04:20.150000
58657,4,1,0,1,2025-04-29 23:04:15.693000
58658,7,1,0,1,2025-04-29 23:04:20.390000
58664,9,1,0,1,2025-04-29 23:04:18.233000
58669,4,1,0,1,2025-04-29 23:04:18.120000
58670,4,1,0,1,2025-04-29 23:04:18.120000
58671,2,1,0,1,2025-04-29 23:04:21.183000
58672,2,1,0,1,2025-04-29 23:04:21.183000
58673,7,1,0,1,2025-04-29 23:04:18.123000
58673,8,1,0,1,2025-04-29 23:04:18.123000
58674,7,1,0,1,2025-04-29 23:04:18.123000
58674,8,1,0,1,2025-04-29 23:04:18.123000
58675,4,1,112,1,2025-04-29 23:04:15.543000
58676,2,1,0,1,2025-04-29 23:04:21.183000
58677,5,1,0,1,2025-04-29 23:04:20.970000
58679,26,1,372,1,2025-04-29 23:04:18.123000
58679,28,1,372,1,2025-04-29 23:04:18.123000
58679,31,1,372,1,2025-04-29 23:04:18.123000
58679,32,1,372,1,2025-04-29 23:04:18.123000
58679,34,1,372,1,2025-04-29 23:04:18.123000
58679,38,1,372,1,2025-04-29 23:04:18.123000
58681,24,1,372,1,2025-04-29 23:04:18.127000
58681,26,1,372,1,2025-04-29 23:04:18.127000
58681,28,1,372,1,2025-04-29 23:04:18.127000
58681,29,1,372,1,2025-04-29 23:04:18.127000
58685,4,1,0,1,2025-04-29 23:04:16.857000
58686,3,1,0,1,2025-04-29 23:04:15.693000
58687,3,1,112,1,2025-04-29 23:04:20.973000
58689,6,1,0,1,2025-04-29 23:04:21.187000
58693,3,1,0,1,2025-04-29 23:04:20.340000
58695,11,1,223,1,2025-04-29 23:04:18.237000
58696,2,1,0,1,2025-04-29 23:04:15.547000
58700,14,1,0,1,2025-04-29 23:04:15.550000
58700,17,1,0,1,2025-04-29 23:04:15.550000
58703,2,1,112,1,2025-04-29 23:04:21.187000
58706,12,1,0,1,2025-04-29 23:04:20.973000
58708,3,1,0,1,2025-04-29 23:04:20.973000
58710,76,1,53,1,2025-04-29 23:04:15.597000
58710,76,2,352,1,2025-04-29 23:04:15.600000
58710,76,3,361,1,2025-04-29 23:04:15.600000
58710,76,4,365,1,2025-04-29 23:04:15.603000
58710,76,5,369,1,2025-04-29 23:04:15.607000
58710,76,6,335,1,2025-04-29 23:04:15.607000
58710,81,1,53,1,2025-04-29 23:04:15.597000
58710,81,2,352,1,2025-04-29 23:04:15.600000
58710,81,3,361,1,2025-04-29 23:04:15.600000
58710,81,4,365,1,2025-04-29 23:04:15.603000
58710,81,5,369,1,2025-04-29 23:04:15.607000
58710,81,6,335,1,2025-04-29 23:04:15.607000
58710,83,1,53,1,2025-04-29 23:04:15.597000
58710,83,2,352,1,2025-04-29 23:04:15.600000
58710,83,3,361,1,2025-04-29 23:04:15.600000
58710,83,4,365,1,2025-04-29 23:04:15.603000
58710,83,5,369,1,2025-04-29 23:04:15.607000
58710,83,6,335,1,2025-04-29 23:04:15.607000
58710,85,1,53,1,2025-04-29 23:04:15.597000
58710,85,2,352,1,2025-04-29 23:04:15.600000
58710,85,3,361,1,2025-04-29 23:04:15.600000
58710,85,4,365,1,2025-04-29 23:04:15.603000
58710,85,5,369,1,2025-04-29 23:04:15.607000
58710,85,6,335,1,2025-04-29 23:04:15.607000
58710,88,1,53,1,2025-04-29 23:04:15.597000
58710,88,2,352,1,2025-04-29 23:04:15.600000
58710,88,3,361,1,2025-04-29 23:04:15.600000
58710,88,4,365,1,2025-04-29 23:04:15.603000
58710,88,5,369,1,2025-04-29 23:04:15.607000
58710,88,6,335,1,2025-04-29 23:04:15.607000
58710,90,1,53,1,2025-04-29 23:04:15.597000
58710,90,2,352,1,2025-04-29 23:04:15.600000
58710,90,3,361,1,2025-04-29 23:04:15.600000
58710,90,4,365,1,2025-04-29 23:04:15.603000
58710,90,5,369,1,2025-04-29 23:04:15.607000
58710,90,6,335,1,2025-04-29 23:04:15.607000
58710,92,1,53,1,2025-04-29 23:04:15.597000
58710,92,2,352,1,2025-04-29 23:04:15.600000
58710,92,3,361,1,2025-04-29 23:04:15.600000
58710,92,4,365,1,2025-04-29 23:04:15.603000
58710,92,5,369,1,2025-04-29 23:04:15.607000
58710,92,6,335,1,2025-04-29 23:04:15.607000
58713,10,1,0,1,2025-04-29 23:04:20.977000
58713,13,1,0,1,2025-04-29 23:04:20.977000
58718,13,1,0,1,2025-04-29 23:04:18.130000
58718,14,1,0,1,2025-04-29 23:04:18.130000
58718,16,1,0,1,2025-04-29 23:04:18.130000
58720,68,1,53,1,2025-04-29 23:04:18.170000
58720,68,2,352,1,2025-04-29 23:04:18.173000
58720,68,3,361,1,2025-04-29 23:04:18.173000
58720,68,4,365,1,2025-04-29 23:04:18.177000
58720,68,5,369,1,2025-04-29 23:04:18.177000
58720,68,6,335,1,2025-04-29 23:04:18.180000
58720,71,1,53,1,2025-04-29 23:04:18.170000
58720,71,2,352,1,2025-04-29 23:04:18.173000
58720,71,3,361,1,2025-04-29 23:04:18.173000
58720,71,4,365,1,2025-04-29 23:04:18.177000
58720,71,5,369,1,2025-04-29 23:04:18.177000
58720,71,6,335,1,2025-04-29 23:04:18.180000
58720,73,1,53,1,2025-04-29 23:04:18.170000
58720,73,2,352,1,2025-04-29 23:04:18.173000
58720,73,3,361,1,2025-04-29 23:04:18.173000
58720,73,4,365,1,2025-04-29 23:04:18.177000
58720,73,5,369,1,2025-04-29 23:04:18.177000
58720,73,6,335,1,2025-04-29 23:04:18.180000
58720,75,1,53,1,2025-04-29 23:04:18.170000
58720,75,2,352,1,2025-04-29 23:04:18.173000
58720,75,3,361,1,2025-04-29 23:04:18.173000
58720,75,4,365,1,2025-04-29 23:04:18.177000
58720,75,5,369,1,2025-04-29 23:04:18.177000
58720,75,6,335,1,2025-04-29 23:04:18.180000
58720,77,1,53,1,2025-04-29 23:04:18.170000
58720,77,2,352,1,2025-04-29 23:04:18.173000
58720,77,3,361,1,2025-04-29 23:04:18.173000
58720,77,4,365,1,2025-04-29 23:04:18.177000
58720,77,5,369,1,2025-04-29 23:04:18.177000
58720,77,6,335,1,2025-04-29 23:04:18.180000
58720,80,1,53,1,2025-04-29 23:04:18.170000
58720,80,2,352,1,2025-04-29 23:04:18.173000
58720,80,3,361,1,2025-04-29 23:04:18.173000
58720,80,4,365,1,2025-04-29 23:04:18.177000
58720,80,5,369,1,2025-04-29 23:04:18.177000
58720,80,6,335,1,2025-04-29 23:04:18.180000
58720,82,1,53,1,2025-04-29 23:04:18.170000
58720,82,2,352,1,2025-04-29 23:04:18.173000
58720,82,3,361,1,2025-04-29 23:04:18.173000
58720,82,4,365,1,2025-04-29 23:04:18.177000
58720,82,5,369,1,2025-04-29 23:04:18.177000
58720,82,6,335,1,2025-04-29 23:04:18.180000
58720,83,1,53,1,2025-04-29 23:04:18.170000
58720,83,2,352,1,2025-04-29 23:04:18.173000
58720,83,3,361,1,2025-04-29 23:04:18.173000
58720,83,4,365,1,2025-04-29 23:04:18.177000
58720,83,5,369,1,2025-04-29 23:04:18.177000
58720,83,6,335,1,2025-04-29 23:04:18.180000
58720,86,1,53,1,2025-04-29 23:04:18.170000
58720,86,2,352,1,2025-04-29 23:04:18.173000
58720,86,3,361,1,2025-04-29 23:04:18.173000
58720,86,4,365,1,2025-04-29 23:04:18.177000
58720,86,5,369,1,2025-04-29 23:04:18.177000
58720,86,6,335,1,2025-04-29 23:04:18.180000
58720,88,1,53,1,2025-04-29 23:04:18.170000
58720,88,2,352,1,2025-04-29 23:04:18.173000
58720,88,3,361,1,2025-04-29 23:04:18.173000
58720,88,4,365,1,2025-04-29 23:04:18.177000
58720,88,5,369,1,2025-04-29 23:04:18.177000
58720,88,6,335,1,2025-04-29 23:04:18.180000
58720,90,1,53,1,2025-04-29 23:04:18.170000
58720,90,2,352,1,2025-04-29 23:04:18.173000
58720,90,3,361,1,2025-04-29 23:04:18.173000
58720,90,4,365,1,2025-04-29 23:04:18.177000
58720,90,5,369,1,2025-04-29 23:04:18.177000
58720,90,6,335,1,2025-04-29 23:04:18.180000
58724,13,1,0,1,2025-04-29 23:04:18.183000
58724,14,1,0,1,2025-04-29 23:04:18.183000
58726,66,1,53,1,2025-04-29 23:04:18.227000
58726,66,2,352,1,2025-04-29 23:04:18.230000
58726,66,3,361,1,2025-04-29 23:04:18.230000
58726,66,4,365,1,2025-04-29 23:04:18.230000
58726,66,5,369,1,2025-04-29 23:04:18.233000
58726,66,6,335,1,2025-04-29 23:04:18.233000
58726,69,1,53,1,2025-04-29 23:04:18.227000
58726,69,2,352,1,2025-04-29 23:04:18.230000
58726,69,3,361,1,2025-04-29 23:04:18.230000
58726,69,4,365,1,2025-04-29 23:04:18.230000
58726,69,5,369,1,2025-04-29 23:04:18.233000
58726,69,6,335,1,2025-04-29 23:04:18.233000
58726,71,1,53,1,2025-04-29 23:04:18.227000
58726,71,2,352,1,2025-04-29 23:04:18.230000
58726,71,3,361,1,2025-04-29 23:04:18.230000
58726,71,4,365,1,2025-04-29 23:04:18.230000
58726,71,5,369,1,2025-04-29 23:04:18.233000
58726,71,6,335,1,2025-04-29 23:04:18.233000
58726,73,1,53,1,2025-04-29 23:04:18.227000
58726,73,2,352,1,2025-04-29 23:04:18.230000
58726,73,3,361,1,2025-04-29 23:04:18.230000
58726,73,4,365,1,2025-04-29 23:04:18.230000
58726,73,5,369,1,2025-04-29 23:04:18.233000
58726,73,6,335,1,2025-04-29 23:04:18.233000
58726,75,1,53,1,2025-04-29 23:04:18.227000
58726,75,2,352,1,2025-04-29 23:04:18.230000
58726,75,3,361,1,2025-04-29 23:04:18.230000
58726,75,4,365,1,2025-04-29 23:04:18.230000
58726,75,5,369,1,2025-04-29 23:04:18.233000
58726,75,6,335,1,2025-04-29 23:04:18.233000
58726,78,1,53,1,2025-04-29 23:04:18.227000
58726,78,2,352,1,2025-04-29 23:04:18.230000
58726,78,3,361,1,2025-04-29 23:04:18.230000
58726,78,4,365,1,2025-04-29 23:04:18.230000
58726,78,5,369,1,2025-04-29 23:04:18.233000
58726,78,6,335,1,2025-04-29 23:04:18.233000
58726,80,1,53,1,2025-04-29 23:04:18.227000
58726,80,2,352,1,2025-04-29 23:04:18.230000
58726,80,3,361,1,2025-04-29 23:04:18.230000
58726,80,4,365,1,2025-04-29 23:04:18.230000
58726,80,5,369,1,2025-04-29 23:04:18.233000
58726,80,6,335,1,2025-04-29 23:04:18.233000
58726,81,1,53,1,2025-04-29 23:04:18.227000
58726,81,2,352,1,2025-04-29 23:04:18.230000
58726,81,3,361,1,2025-04-29 23:04:18.230000
58726,81,4,365,1,2025-04-29 23:04:18.230000
58726,81,5,369,1,2025-04-29 23:04:18.233000
58726,81,6,335,1,2025-04-29 23:04:18.233000
58726,82,1,53,1,2025-04-29 23:04:18.227000
58726,82,2,352,1,2025-04-29 23:04:18.230000
58726,82,3,361,1,2025-04-29 23:04:18.230000
58726,82,4,365,1,2025-04-29 23:04:18.230000
58726,82,5,369,1,2025-04-29 23:04:18.233000
58726,82,6,335,1,2025-04-29 23:04:18.233000
58727,3,1,0,1,2025-04-29 23:04:20.977000
58728,6,1,0,1,2025-04-29 23:04:15.610000
58729,2,1,372,1,2025-04-29 23:04:15.610000
58731,16,1,223,1,2025-04-29 23:04:20.980000
58734,16,1,372,1,2025-04-29 23:04:20.983000
58734,18,1,372,1,2025-04-29 23:04:20.983000
58734,20,1,372,1,2025-04-29 23:04:20.983000
58735,3,1,372,1,2025-04-29 23:04:20.983000
58737,10,1,0,1,2025-04-29 23:04:20.987000
58741,17,1,0,1,2025-04-29 23:04:19.997000
58741,18,1,0,1,2025-04-29 23:04:19.997000
58743,5,1,0,1,2025-04-29 23:04:20.987000
58745,18,1,0,1,2025-04-29 23:04:18.957000
58745,20,1,0,1,2025-04-29 23:04:18.967000
58745,21,1,0,1,2025-04-29 23:04:18.967000
58747,54,1,53,1,2025-04-29 23:04:21.007000
58747,54,2,352,1,2025-04-29 23:04:21.010000
58747,54,3,361,1,2025-04-29 23:04:21.010000
58747,54,4,365,1,2025-04-29 23:04:21.010000
58747,54,5,369,1,2025-04-29 23:04:21.013000
58747,54,6,335,1,2025-04-29 23:04:21.013000
58747,56,1,53,1,2025-04-29 23:04:21.007000
58747,56,2,352,1,2025-04-29 23:04:21.010000
58747,56,3,361,1,2025-04-29 23:04:21.010000
58747,56,4,365,1,2025-04-29 23:04:21.010000
58747,56,5,369,1,2025-04-29 23:04:21.013000
58747,56,6,335,1,2025-04-29 23:04:21.013000
58747,58,1,53,1,2025-04-29 23:04:21.007000
58747,58,2,352,1,2025-04-29 23:04:21.010000
58747,58,3,361,1,2025-04-29 23:04:21.010000
58747,58,4,365,1,2025-04-29 23:04:21.010000
58747,58,5,369,1,2025-04-29 23:04:21.013000
58747,58,6,335,1,2025-04-29 23:04:21.013000
58747,63,1,53,1,2025-04-29 23:04:21.007000
58747,63,2,352,1,2025-04-29 23:04:21.010000
58747,63,3,361,1,2025-04-29 23:04:21.010000
58747,63,4,365,1,2025-04-29 23:04:21.010000
58747,63,5,369,1,2025-04-29 23:04:21.013000
58747,63,6,335,1,2025-04-29 23:04:21.013000
58747,65,1,53,1,2025-04-29 23:04:21.007000
58747,65,2,352,1,2025-04-29 23:04:21.010000
58747,65,3,361,1,2025-04-29 23:04:21.010000
58747,65,4,365,1,2025-04-29 23:04:21.010000
58747,65,5,369,1,2025-04-29 23:04:21.013000
58747,65,6,335,1,2025-04-29 23:04:21.013000
58748,3,1,372,1,2025-04-29 23:04:18.237000
58749,4,1,372,1,2025-04-29 23:04:18.240000
58751,6,1,0,1,2025-04-29 23:04:15.697000
58752,2,1,0,1,2025-04-29 23:04:21.190000
58756,20,1,372,1,2025-04-29 23:04:21.197000
58756,22,1,372,1,2025-04-29 23:04:21.197000
58756,24,1,372,1,2025-04-29 23:04:21.197000
58756,26,1,372,1,2025-04-29 23:04:21.197000
58759,11,1,0,1,2025-04-29 23:04:21.200000
58759,13,1,0,1,2025-04-29 23:04:21.200000
58761,57,1,53,1,2025-04-29 23:04:21.237000
58761,57,2,352,1,2025-04-29 23:04:21.240000
58761,57,3,361,1,2025-04-29 23:04:21.240000
58761,57,4,365,1,2025-04-29 23:04:21.243000
58761,57,5,369,1,2025-04-29 23:04:21.243000
58761,57,6,335,1,2025-04-29 23:04:21.247000
58761,60,1,53,1,2025-04-29 23:04:21.237000
58761,60,2,352,1,2025-04-29 23:04:21.240000
58761,60,3,361,1,2025-04-29 23:04:21.240000
58761,60,4,365,1,2025-04-29 23:04:21.243000
58761,60,5,369,1,2025-04-29 23:04:21.243000
58761,60,6,335,1,2025-04-29 23:04:21.247000
58761,62,1,53,1,2025-04-29 23:04:21.237000
58761,62,2,352,1,2025-04-29 23:04:21.240000
58761,62,3,361,1,2025-04-29 23:04:21.240000
58761,62,4,365,1,2025-04-29 23:04:21.243000
58761,62,5,369,1,2025-04-29 23:04:21.243000
58761,62,6,335,1,2025-04-29 23:04:21.247000
58761,64,1,53,1,2025-04-29 23:04:21.237000
58761,64,2,352,1,2025-04-29 23:04:21.240000
58761,64,3,361,1,2025-04-29 23:04:21.240000
58761,64,4,365,1,2025-04-29 23:04:21.243000
58761,64,5,369,1,2025-04-29 23:04:21.243000
58761,64,6,335,1,2025-04-29 23:04:21.247000
58761,66,1,53,1,2025-04-29 23:04:21.237000
58761,66,2,352,1,2025-04-29 23:04:21.240000
58761,66,3,361,1,2025-04-29 23:04:21.240000
58761,66,4,365,1,2025-04-29 23:04:21.243000
58761,66,5,369,1,2025-04-29 23:04:21.243000
58761,66,6,335,1,2025-04-29 23:04:21.247000
58761,68,1,53,1,2025-04-29 23:04:21.237000
58761,68,2,352,1,2025-04-29 23:04:21.240000
58761,68,3,361,1,2025-04-29 23:04:21.240000
58761,68,4,365,1,2025-04-29 23:04:21.243000
58761,68,5,369,1,2025-04-29 23:04:21.243000
58761,68,6,335,1,2025-04-29 23:04:21.247000
58761,70,1,53,1,2025-04-29 23:04:21.237000
58761,70,2,352,1,2025-04-29 23:04:21.240000
58761,70,3,361,1,2025-04-29 23:04:21.240000
58761,70,4,365,1,2025-04-29 23:04:21.243000
58761,70,5,369,1,2025-04-29 23:04:21.243000
58761,70,6,335,1,2025-04-29 23:04:21.247000
58765,5,1,0,1,2025-04-29 23:04:15.697000
58769,7,1,0,1,2025-04-29 23:04:16.857000
58770,5,1,0,1,2025-04-29 23:04:15.697000
58772,4,1,0,1,2025-04-29 23:04:15.700000
58774,16,1,64,1,2025-04-29 23:04:21.263000
58774,16,2,14,1,2025-04-29 23:04:21.267000
58774,16,3,129,1,2025-04-29 23:04:21.267000
58774,16,4,338,1,2025-04-29 23:04:21.267000
58774,19,1,64,1,2025-04-29 23:04:21.263000
58774,19,2,14,1,2025-04-29 23:04:21.267000
58774,19,3,129,1,2025-04-29 23:04:21.267000
58774,19,4,338,1,2025-04-29 23:04:21.267000
58774,22,1,64,1,2025-04-29 23:04:21.263000
58774,22,2,14,1,2025-04-29 23:04:21.267000
58774,22,3,129,1,2025-04-29 23:04:21.267000
58774,22,4,338,1,2025-04-29 23:04:21.267000
58774,24,1,64,1,2025-04-29 23:04:21.263000
58774,24,2,14,1,2025-04-29 23:04:21.267000
58774,24,3,129,1,2025-04-29 23:04:21.267000
58774,24,4,338,1,2025-04-29 23:04:21.267000
58777,11,1,0,1,2025-04-29 23:04:21.270000
58778,3,1,112,1,2025-04-29 23:04:18.240000
58780,3,1,112,1,2025-04-29 23:04:18.240000
58781,3,1,0,1,2025-04-29 23:04:18.243000
58782,3,1,0,1,2025-04-29 23:04:18.243000
58783,4,1,0,1,2025-04-29 23:04:18.243000
58786,4,1,0,1,2025-04-29 23:04:18.247000
58788,14,1,217,1,2025-04-29 23:04:18.247000
58788,16,1,217,1,2025-04-29 23:04:18.247000
58788,18,1,217,1,2025-04-29 23:04:18.247000
58790,13,1,217,1,2025-04-29 23:04:18.250000
58790,14,1,217,1,2025-04-29 23:04:18.250000
58791,2,1,372,1,2025-04-29 23:04:21.270000
58792,2,1,0,1,2025-04-29 23:04:21.270000
58795,15,1,0,1,2025-04-29 23:04:16.860000
58797,15,1,0,1,2025-04-29 23:04:15.703000
58798,4,1,222,1,2025-04-29 23:04:19.680000
58798,4,2,190,1,2025-04-29 23:04:19.683000
58801,73,1,333,1,2025-04-29 23:04:16.867000
58801,77,1,333,1,2025-04-29 23:04:16.867000
58801,80,1,333,1,2025-04-29 23:04:16.867000
58801,85,1,333,1,2025-04-29 23:04:16.867000
58802,3,1,223,1,2025-04-29 23:04:19.683000
58802,3,2,190,1,2025-04-29 23:04:19.687000
58808,12,1,217,1,2025-04-29 23:04:16.867000
58810,11,1,217,1,2025-04-29 23:04:15.703000
58812,69,2,333,1,2025-05-01 13:11:41.243000
58812,73,2,333,1,2025-05-01 13:11:41.243000
58812,76,2,333,1,2025-05-01 13:11:41.243000
58812,81,1,333,1,2025-04-29 23:04:16.867000
58814,11,1,176,1,2025-04-29 23:04:19.717000
58814,12,1,176,1,2025-04-29 23:04:19.717000
58817,6,1,0,1,2025-04-29 23:04:21.017000
58819,2,1,0,1,2025-04-29 23:04:20.453000
58821,7,1,0,1,2025-04-29 23:04:18.240000
58822,3,1,0,1,2025-04-29 23:04:19.687000
58823,4,1,0,1,2025-04-29 23:04:19.690000
58824,3,1,119,1,2025-04-29 23:04:19.690000
58824,3,2,330,1,2025-04-29 23:04:19.690000
58824,3,3,190,1,2025-04-29 23:04:19.693000
58828,12,1,0,1,2025-04-29 23:04:18.240000
58828,15,1,0,1,2025-04-29 23:04:18.240000
58833,17,1,0,1,2025-04-29 23:04:19.697000
58835,4,1,0,1,2025-04-29 23:04:19.697000
58836,20,1,0,1,2025-04-29 23:04:19.697000
58837,4,1,0,1,2025-04-29 23:04:19.700000
58853,3,1,0,1,2025-04-29 23:04:20.467000
58855,6,1,0,1,2025-04-29 23:04:18.250000
58865,19,1,0,1,2025-04-29 23:04:18.253000
58865,23,1,0,1,2025-04-29 23:04:18.253000
58865,24,1,0,1,2025-04-29 23:04:18.253000
58867,19,1,0,1,2025-04-29 23:04:18.260000
58867,22,1,0,1,2025-04-29 23:04:18.260000
58867,23,1,0,1,2025-04-29 23:04:18.260000
58872,4,1,0,1,2025-04-29 23:04:16.870000
58872,6,1,0,1,2025-04-29 23:04:16.870000
58873,5,1,0,1,2025-04-29 23:04:15.710000
58873,7,1,0,1,2025-04-29 23:04:15.710000
58876,8,1,0,1,2025-04-29 23:04:18.243000
58876,12,1,0,1,2025-04-29 23:04:18.243000
58883,6,1,0,1,2025-04-29 23:04:18.243000
58887,4,1,0,1,2025-04-29 23:04:18.260000
58889,5,1,0,1,2025-04-29 23:04:20.357000
58890,8,1,0,1,2025-04-29 23:04:20.460000
58893,15,1,0,1,2025-04-29 23:04:18.623000
58893,18,1,0,1,2025-04-29 23:04:18.623000
58893,19,1,0,1,2025-04-29 23:04:18.623000
58894,8,1,0,1,2025-04-29 23:04:21.017000
58896,2,1,64,1,2025-04-29 23:04:21.273000
58896,2,2,129,1,2025-04-29 23:04:21.273000
58897,4,1,0,1,2025-04-29 23:04:18.247000
58899,10,1,223,1,2025-04-29 23:04:21.020000
58900,2,1,0,1,2025-04-29 23:04:18.247000
58903,6,1,131,1,2025-04-29 23:04:18.260000
58903,6,2,232,1,2025-04-29 23:04:18.263000
58903,6,3,217,1,2025-04-29 23:04:18.263000
58903,6,4,47,1,2025-04-29 23:04:18.267000
58903,6,5,139,1,2025-04-29 23:04:18.267000
58903,6,6,315,1,2025-04-29 23:04:18.270000
58904,6,1,131,1,2025-04-29 23:04:18.270000
58904,6,2,232,1,2025-04-29 23:04:18.270000
58904,6,3,217,1,2025-04-29 23:04:18.273000
58904,6,4,47,1,2025-04-29 23:04:18.273000
58904,6,5,139,1,2025-04-29 23:04:18.277000
58904,6,6,315,1,2025-04-29 23:04:18.277000
58905,4,1,0,1,2025-04-29 23:04:18.250000
58906,3,1,0,1,2025-04-29 23:04:18.250000
58907,2,1,0,1,2025-04-29 23:04:21.277000
58912,7,1,0,1,2025-04-29 23:04:20.390000
58915,7,1,372,1,2025-04-29 23:04:15.613000
58916,3,1,372,1,2025-04-29 23:04:21.020000
58917,83,1,0,1,2025-04-29 23:04:16.873000
58917,85,1,0,1,2025-04-29 23:04:16.873000
58917,86,1,0,1,2025-04-29 23:04:16.873000
58917,90,1,0,1,2025-04-29 23:04:16.873000
58917,96,1,0,1,2025-04-29 23:04:16.873000
58917,101,1,0,1,2025-04-29 23:04:16.873000
58918,77,1,0,1,2025-04-29 23:04:15.713000
58918,79,1,0,1,2025-04-29 23:04:15.713000
58918,83,1,0,1,2025-04-29 23:04:15.713000
58918,86,1,0,1,2025-04-29 23:04:15.713000
58918,90,1,0,1,2025-04-29 23:04:15.713000
58919,2,1,0,1,2025-04-29 23:04:21.277000
58921,10,1,0,1,2025-04-29 23:04:19.560000
58921,11,1,0,1,2025-04-29 23:04:19.560000
58922,12,1,0,1,2025-04-29 23:04:15.717000
58923,5,1,0,1,2025-04-29 23:04:16.873000
58924,4,1,0,1,2025-04-29 23:04:15.717000
58928,7,1,223,1,2025-04-29 23:04:15.717000
58929,3,1,0,1,2025-04-29 23:04:16.877000
58930,2,1,372,1,2025-04-29 23:04:21.277000
58943,5,1,0,1,2025-04-29 23:04:21.020000
58944,2,1,281,1,2025-04-29 23:04:18.280000
58947,2,1,281,1,2025-04-29 23:04:18.280000
58953,4,1,372,1,2025-04-29 23:04:18.280000
58954,4,1,372,1,2025-04-29 23:04:18.283000
58955,4,1,0,1,2025-04-29 23:04:16.877000
58956,4,1,0,1,2025-04-29 23:04:15.720000
58958,2,1,0,1,2025-04-29 23:04:18.250000
58959,2,1,0,1,2025-04-29 23:04:20.370000
58960,7,1,0,1,2025-04-29 23:04:15.720000
58961,8,1,0,1,2025-04-29 23:04:16.880000
58963,10,1,198,1,2025-04-29 23:04:19.707000
58963,11,1,198,1,2025-04-29 23:04:19.707000
58966,3,1,217,1,2025-04-29 23:04:18.283000
58967,4,1,217,1,2025-04-29 23:04:18.287000
58973,24,1,372,2,2025-04-30 17:06:37.063000
58973,26,1,372,2,2025-04-30 17:06:37.063000
58973,27,1,372,2,2025-04-30 17:06:37.063000
58975,24,1,372,2,2025-04-30 17:06:10.290000
58975,26,1,372,2,2025-04-30 17:06:10.290000
58975,27,1,372,2,2025-04-30 17:06:10.290000
58975,28,1,372,2,2025-04-30 17:06:10.290000
58977,3,1,0,1,2025-04-29 23:04:18.253000
58982,19,1,322,1,2025-04-29 23:04:18.253000
58984,4,1,0,1,2025-04-29 23:04:20.420000
58988,24,1,372,1,2025-04-29 23:04:15.627000
58991,2,1,0,1,2025-04-29 23:04:20.443000
58993,9,1,0,1,2025-04-29 23:04:18.300000
58993,11,1,0,1,2025-04-29 23:04:18.303000
58993,14,1,0,1,2025-04-29 23:04:18.303000
58993,16,1,0,1,2025-04-29 23:04:18.303000
58995,9,1,0,1,2025-04-29 23:04:18.303000
58995,11,1,0,1,2025-04-29 23:04:18.307000
58995,13,1,0,1,2025-04-29 23:04:18.307000
58995,14,1,0,1,2025-04-29 23:04:18.307000
58996,30,1,372,1,2025-04-29 23:04:18.313000
58996,31,1,372,1,2025-04-29 23:04:18.313000
58997,28,1,372,1,2025-04-29 23:04:18.320000
58997,29,1,372,1,2025-04-29 23:04:18.320000
58998,19,1,372,1,2025-04-29 23:04:21.027000
59001,3,1,0,1,2025-04-29 23:04:18.253000
59004,20,1,372,2,2025-04-30 19:45:30.923000
59005,8,1,53,1,2025-04-29 23:04:15.630000
59005,8,2,352,1,2025-04-29 23:04:15.633000
59005,8,3,361,1,2025-04-29 23:04:15.637000
59005,8,4,365,1,2025-04-29 23:04:15.637000
59005,8,5,369,1,2025-04-29 23:04:15.640000
59005,8,6,335,1,2025-04-29 23:04:15.643000
59006,4,1,0,1,2025-04-29 23:04:21.027000
59007,4,1,53,1,2025-04-29 23:04:21.030000
59007,4,2,352,1,2025-04-29 23:04:21.030000
59007,4,3,361,1,2025-04-29 23:04:21.030000
59007,4,4,365,1,2025-04-29 23:04:21.033000
59007,4,5,369,1,2025-04-29 23:04:21.033000
59007,4,6,335,1,2025-04-29 23:04:21.037000
59015,3,1,0,1,2025-04-29 23:04:15.643000
59017,3,1,53,1,2025-04-29 23:04:18.323000
59017,3,2,352,1,2025-04-29 23:04:18.323000
59017,3,3,361,1,2025-04-29 23:04:18.327000
59017,3,4,365,1,2025-04-29 23:04:18.327000
59017,3,5,369,1,2025-04-29 23:04:18.330000
59017,3,6,335,1,2025-04-29 23:04:18.330000
59018,3,1,53,1,2025-04-29 23:04:18.333000
59018,3,2,352,1,2025-04-29 23:04:18.333000
59018,3,3,361,1,2025-04-29 23:04:18.337000
59018,3,4,365,1,2025-04-29 23:04:18.337000
59018,3,5,369,1,2025-04-29 23:04:18.340000
59018,3,6,335,1,2025-04-29 23:04:18.340000
59020,2,1,53,1,2025-04-29 23:04:21.283000
59020,2,2,352,1,2025-04-29 23:04:21.283000
59020,2,3,361,1,2025-04-29 23:04:21.287000
59020,2,4,365,1,2025-04-29 23:04:21.287000
59020,2,5,369,1,2025-04-29 23:04:21.290000
59020,2,6,335,1,2025-04-29 23:04:21.290000
59028,8,1,0,1,2025-04-29 23:04:18.257000
59028,12,1,0,1,2025-04-29 23:04:18.257000
59030,9,1,0,1,2025-04-29 23:04:18.257000
59030,13,1,0,1,2025-04-29 23:04:18.257000
59032,6,1,0,1,2025-04-29 23:04:18.343000
59032,7,1,0,1,2025-04-29 23:04:18.343000
59034,6,1,0,1,2025-04-29 23:04:18.343000
59034,7,1,0,1,2025-04-29 23:04:18.343000
59036,13,1,0,1,2025-04-29 23:04:18.257000
59036,15,1,0,1,2025-04-29 23:04:18.260000
59036,17,1,0,1,2025-04-29 23:04:18.260000
59036,20,1,0,1,2025-04-29 23:04:18.260000
59036,23,1,0,1,2025-04-29 23:04:18.260000
59040,12,1,0,1,2025-04-29 23:04:18.260000
59042,13,1,366,1,2025-04-29 23:04:18.260000
59049,16,1,292,1,2025-04-29 23:04:15.723000
59049,16,2,288,1,2025-04-29 23:04:15.723000
59049,16,3,294,1,2025-04-29 23:04:15.727000
59051,6,1,0,1,2025-04-29 23:04:21.040000
59055,11,1,0,1,2025-04-29 23:04:18.343000
59055,12,1,0,1,2025-04-29 23:04:18.343000
59055,14,1,0,1,2025-04-29 23:04:18.343000
59055,15,1,0,1,2025-04-29 23:04:18.343000
59056,10,1,0,1,2025-04-29 23:04:18.347000
59056,11,1,0,1,2025-04-29 23:04:18.347000
59058,2,1,372,1,2025-04-29 23:04:15.647000
59060,3,1,0,1,2025-04-29 23:04:20.490000
59060,4,1,0,1,2025-04-29 23:04:20.490000
59063,4,1,0,1,2025-04-29 23:04:21.040000
59066,9,1,0,1,2025-04-29 23:04:21.040000
59066,10,1,0,1,2025-04-29 23:04:21.040000
59069,5,1,0,1,2025-04-29 23:04:15.647000
59070,4,1,0,1,2025-04-29 23:04:15.650000
59078,3,1,0,1,2025-04-29 23:04:20.430000
59079,3,1,0,1,2025-04-29 23:04:18.347000
59084,4,1,0,1,2025-04-29 23:04:21.040000
59085,2,1,321,1,2025-04-29 23:04:19.700000
59085,2,2,190,1,2025-04-29 23:04:19.700000
59086,20,1,0,1,2025-04-29 23:04:15.727000
59086,21,1,0,1,2025-04-29 23:04:15.727000
59088,6,1,0,1,2025-04-29 23:04:20.440000
59090,2,1,0,1,2025-04-29 23:04:21.293000
59101,17,1,0,1,2025-04-29 23:04:19.750000
59101,20,1,0,1,2025-04-30 16:38:29.197000
59101,23,1,0,1,2025-07-13 17:22:26.660000
59101,27,1,0,1,2025-07-13 17:22:26.660000
59101,28,1,0,1,2025-07-13 17:22:26.660000
59105,23,1,158,1,2025-04-29 23:04:19.727000
59105,26,1,158,1,2025-07-13 16:48:56.767000
59105,30,1,158,1,2025-07-13 16:48:56.767000
59105,33,1,158,1,2025-07-13 16:48:56.767000
59105,34,1,158,1,2025-07-13 16:48:56.767000
59105,36,1,158,1,2025-07-13 16:48:56.767000
59109,7,1,0,1,2025-04-29 23:04:15.650000
59112,4,1,0,1,2025-04-29 23:04:21.043000
59114,3,1,0,1,2025-04-29 23:04:18.267000
59115,3,1,0,1,2025-04-29 23:04:18.347000
59116,2,1,372,1,2025-04-29 23:04:21.293000
59117,2,1,0,1,2025-04-29 23:04:21.297000
59118,2,1,0,1,2025-04-29 23:04:21.297000
59121,3,1,0,1,2025-04-29 23:04:21.297000
59123,28,1,0,1,2025-04-29 23:04:15.730000
59125,38,1,0,1,2025-04-29 23:04:16.880000
59126,5,1,0,1,2025-04-29 23:04:21.043000
59127,3,1,0,1,2025-04-29 23:04:18.267000
59130,3,1,372,1,2025-04-29 23:04:18.350000
59131,3,1,372,1,2025-04-29 23:04:18.350000
59132,5,1,0,1,2025-04-29 23:04:21.043000
59134,3,1,0,1,2025-04-29 23:04:18.353000
59135,3,1,0,1,2025-04-29 23:04:18.353000
59136,5,1,0,1,2025-04-29 23:04:18.270000
59137,3,1,0,1,2025-04-29 23:04:18.270000
59138,3,1,0,1,2025-04-29 23:04:18.270000
59139,3,1,0,1,2025-04-29 23:04:18.270000
59140,2,1,0,1,2025-04-29 23:04:18.273000
59142,4,1,0,1,2025-04-29 23:04:18.353000
59144,3,1,0,1,2025-04-29 23:04:18.357000
59148,5,1,0,1,2025-04-29 23:04:18.273000
59151,4,1,11,1,2025-04-29 23:04:18.357000
59151,4,2,135,1,2025-04-29 23:04:18.360000
59151,4,3,15,1,2025-04-29 23:04:18.360000
59154,12,1,0,1,2025-04-29 23:04:21.047000
59154,13,1,0,1,2025-04-29 23:04:21.047000
59155,3,1,11,1,2025-04-29 23:04:18.363000
59155,3,2,135,1,2025-04-29 23:04:18.363000
59155,3,3,15,1,2025-04-29 23:04:18.367000
59158,9,1,0,1,2025-04-29 23:04:18.273000
59160,12,1,0,1,2025-04-29 23:04:18.277000
59160,13,1,0,1,2025-04-29 23:04:18.277000
59161,2,1,0,1,2025-04-29 23:04:21.300000
59163,6,1,0,1,2025-04-29 23:04:21.047000
59163,7,1,0,1,2025-04-29 23:04:21.047000
59170,5,1,0,1,2025-04-29 23:04:18.277000
59175,10,1,366,1,2025-04-29 23:04:18.367000
59175,10,2,1,1,2025-04-29 23:04:18.370000
59175,11,1,366,1,2025-04-29 23:04:18.367000
59175,11,2,1,1,2025-04-29 23:04:18.370000
59177,11,1,366,1,2025-04-29 23:04:18.370000
59177,11,2,1,1,2025-04-29 23:04:18.370000
59177,12,1,366,1,2025-04-29 23:04:18.370000
59177,12,2,1,1,2025-04-29 23:04:18.370000
59179,9,1,0,1,2025-04-29 23:04:18.373000
59179,10,1,0,1,2025-04-29 23:04:18.373000
59181,7,1,0,1,2025-04-29 23:04:18.373000
59181,8,1,0,1,2025-04-29 23:04:18.373000
59184,2,1,0,1,2025-04-29 23:04:18.280000
59186,20,1,0,1,2025-04-29 23:04:18.280000
59186,22,1,0,1,2025-04-29 23:04:18.280000
59192,15,1,0,1,2025-04-29 23:04:18.280000
59195,5,1,0,1,2025-04-29 23:04:15.733000
59197,7,1,0,1,2025-04-29 23:04:16.880000
59205,3,1,0,1,2025-04-29 23:04:18.283000
59211,3,1,0,1,2025-04-29 23:04:18.373000
59212,3,1,0,1,2025-04-29 23:04:18.377000
59213,2,1,0,1,2025-04-29 23:04:20.447000
59215,8,1,366,1,2025-04-29 23:04:21.050000
59215,9,1,366,1,2025-04-29 23:04:21.050000
59216,2,1,0,1,2025-04-29 23:04:20.380000
59217,4,1,0,1,2025-04-29 23:04:20.297000
59217,5,1,0,1,2025-04-29 23:04:20.297000
59218,4,1,0,1,2025-04-29 23:04:20.300000
59218,5,1,0,1,2025-04-29 23:04:20.300000
59219,12,1,225,1,2025-04-29 23:04:19.703000
59219,12,2,190,1,2025-04-29 23:04:19.707000
59220,5,1,0,1,2025-04-29 23:04:20.350000
59233,18,1,0,1,2025-04-29 23:04:20.010000
59233,19,1,0,1,2025-04-29 23:04:20.010000
59237,2,1,0,1,2025-04-29 23:04:21.300000
59242,2,1,0,1,2025-04-29 23:04:21.053000
59244,17,1,0,1,2025-04-29 23:04:18.377000
59244,18,1,0,1,2025-04-29 23:04:18.377000
59246,17,1,0,1,2025-04-29 23:04:18.380000
59246,18,1,0,1,2025-04-29 23:04:18.380000
59249,8,1,0,1,2025-04-29 23:04:16.880000
59249,9,1,0,1,2025-04-29 23:04:16.880000
59250,7,1,0,1,2025-04-29 23:04:15.733000
59250,8,1,0,1,2025-04-29 23:04:15.733000
59251,2,1,0,1,2025-04-29 23:04:20.443000
59253,2,1,0,1,2025-04-29 23:04:21.053000
59254,3,1,372,1,2025-04-29 23:04:21.413000
59257,11,1,0,1,2025-04-29 23:04:21.300000
59259,8,1,366,1,2025-04-29 23:04:21.303000
59261,5,1,0,1,2025-04-29 23:04:21.303000
59261,7,1,0,1,2025-04-29 23:04:21.303000
59268,27,1,179,1,2025-04-29 23:04:16.887000
59270,26,1,179,1,2025-04-29 23:04:15.740000
59275,3,1,0,1,2025-04-29 23:04:18.283000
59276,2,1,0,1,2025-04-29 23:04:18.287000
59277,4,1,0,1,2025-04-29 23:04:18.287000
59278,3,1,372,1,2025-04-29 23:04:18.380000
59279,3,1,372,1,2025-04-29 23:04:18.380000
59280,4,1,0,1,2025-04-29 23:04:18.287000
59281,5,1,0,1,2025-04-29 23:04:18.290000
59283,5,1,0,1,2025-04-29 23:04:16.887000
59284,2,1,0,1,2025-04-29 23:04:18.290000
59285,3,1,0,1,2025-04-29 23:04:15.740000
59287,2,1,0,1,2025-04-29 23:04:21.053000
59288,3,1,0,1,2025-04-29 23:04:18.290000
59289,3,1,366,1,2025-04-29 23:04:21.057000
59295,6,1,0,1,2025-04-29 23:04:21.060000
59297,3,1,0,1,2025-04-29 23:04:18.293000
59299,5,1,64,1,2025-04-29 23:04:21.060000
59299,5,2,14,1,2025-04-29 23:04:21.060000
59299,5,3,129,1,2025-04-29 23:04:21.063000
59299,5,4,338,1,2025-04-29 23:04:21.063000
59299,8,1,64,1,2025-04-29 23:04:21.067000
59299,8,2,14,1,2025-04-29 23:04:21.067000
59299,8,3,129,1,2025-04-29 23:04:21.070000
59299,8,4,338,1,2025-04-29 23:04:21.070000
59299,10,1,64,1,2025-04-29 23:04:21.067000
59299,10,2,14,1,2025-04-29 23:04:21.067000
59299,10,3,129,1,2025-04-29 23:04:21.070000
59299,10,4,338,1,2025-04-29 23:04:21.070000
59299,12,1,64,1,2025-04-29 23:04:21.067000
59299,12,2,14,1,2025-04-29 23:04:21.067000
59299,12,3,129,1,2025-04-29 23:04:21.070000
59299,12,4,338,1,2025-04-29 23:04:21.070000
59301,2,1,0,1,2025-04-29 23:04:21.070000
59302,2,1,0,1,2025-04-29 23:04:20.447000
59303,3,1,0,1,2025-04-29 23:04:18.293000
59306,2,1,366,1,2025-04-29 23:04:21.307000
59309,4,1,0,1,2025-04-29 23:04:18.293000
59311,9,1,1,1,2025-04-29 23:04:18.593000
59311,9,2,366,1,2025-04-29 23:04:18.597000
59311,10,1,1,1,2025-04-29 23:04:18.593000
59311,10,2,366,1,2025-04-29 23:04:18.597000
59318,12,1,0,1,2025-04-29 23:04:21.070000
59318,13,1,0,1,2025-04-29 23:04:21.070000
59319,5,1,0,1,2025-04-29 23:04:20.460000
59323,4,1,0,1,2025-04-29 23:04:18.297000
59325,4,1,366,1,2025-04-29 23:04:18.383000
59325,4,2,1,1,2025-04-29 23:04:18.387000
59326,3,1,366,1,2025-04-29 23:04:18.387000
59326,3,2,1,1,2025-04-29 23:04:18.390000
59327,5,1,0,1,2025-04-29 23:04:20.443000
59328,10,1,0,1,2025-04-29 23:04:20.470000
59329,2,1,0,1,2025-04-29 23:04:21.307000
59330,6,1,222,1,2025-04-29 23:04:19.707000
59330,6,2,190,1,2025-04-29 23:04:19.710000
59332,15,1,0,1,2025-04-29 23:04:18.297000
59333,3,1,0,1,2025-04-29 23:04:18.390000
59334,3,1,0,1,2025-04-29 23:04:18.390000
59340,2,1,0,1,2025-04-29 23:04:20.480000
59343,4,1,0,1,2025-04-29 23:04:15.650000
59344,4,1,0,1,2025-04-29 23:04:21.073000
59350,17,1,0,1,2025-04-29 23:04:18.300000
59350,19,1,0,1,2025-04-29 23:04:18.300000
59350,24,1,0,1,2025-04-29 23:04:18.300000
59350,26,1,0,1,2025-04-29 23:04:18.300000
59350,27,1,0,1,2025-04-29 23:04:18.300000
59353,5,1,0,1,2025-04-29 23:04:18.393000
59354,5,1,0,1,2025-04-29 23:04:18.393000
59355,6,1,0,1,2025-04-29 23:04:21.073000
59356,3,1,0,1,2025-04-29 23:04:21.073000
59357,4,1,0,1,2025-04-29 23:04:21.077000
59360,2,1,0,1,2025-04-29 23:04:21.307000
59366,5,1,179,1,2025-04-29 23:04:16.890000
59367,5,1,179,1,2025-04-29 23:04:15.743000
59369,2,1,0,1,2025-04-29 23:04:21.310000
59371,3,1,147,1,2025-04-29 23:04:18.300000
59371,4,1,147,1,2025-04-29 23:04:18.300000
59371,7,1,147,1,2025-04-29 23:04:18.300000
59374,11,1,0,1,2025-04-29 23:04:21.080000
59374,12,1,0,1,2025-04-29 23:04:21.080000
59374,14,1,0,1,2025-04-29 23:04:21.080000
59380,3,1,0,1,2025-04-29 23:04:15.650000
59382,4,1,0,1,2025-04-29 23:04:21.080000
59383,2,1,0,1,2025-04-29 23:04:20.437000
59386,3,1,0,1,2025-04-29 23:04:18.393000
59386,4,1,0,1,2025-04-29 23:04:18.393000
59394,2,1,0,1,2025-04-29 23:04:15.653000
59397,2,1,0,1,2025-04-29 23:04:19.710000
59399,3,1,0,1,2025-04-29 23:04:19.710000
59401,3,1,0,1,2025-04-29 23:04:18.397000
59401,4,1,0,1,2025-04-29 23:04:18.397000
59401,5,1,0,1,2025-04-29 23:04:18.397000
59402,2,1,65,1,2025-04-29 23:04:19.713000
59403,4,1,221,1,2025-04-29 23:04:19.713000
59403,4,2,190,1,2025-04-29 23:04:19.717000
59408,2,1,372,1,2025-04-29 23:04:15.653000
59412,4,1,0,1,2025-04-29 23:04:21.083000
59413,3,1,0,1,2025-04-29 23:04:18.397000
59414,3,1,0,1,2025-04-29 23:04:18.397000
59416,6,1,29,1,2025-04-29 23:04:20.220000
59416,6,2,28,1,2025-04-29 23:04:20.223000
59416,9,1,29,1,2025-04-29 23:04:20.220000
59416,9,2,28,1,2025-04-29 23:04:20.223000
59416,12,1,29,1,2025-04-29 23:04:20.220000
59416,12,2,28,1,2025-04-29 23:04:20.223000
59416,13,1,29,1,2025-04-29 23:04:20.220000
59416,13,2,28,1,2025-04-29 23:04:20.223000
59416,14,1,29,1,2025-04-29 23:04:20.220000
59416,14,2,28,1,2025-04-29 23:04:20.223000
59419,2,1,0,1,2025-04-29 23:04:18.400000
59420,2,1,0,1,2025-04-29 23:04:18.400000
59423,3,1,0,1,2025-04-29 23:04:21.083000
59423,4,1,0,1,2025-04-29 23:04:21.083000
59429,3,1,0,1,2025-04-29 23:04:21.310000
59429,4,1,0,1,2025-04-29 23:04:21.310000
59434,16,1,0,1,2025-04-29 23:04:21.317000
59434,19,1,0,1,2025-04-29 23:04:21.317000
59437,4,1,372,1,2025-04-29 23:04:21.087000
59440,6,1,0,1,2025-04-29 23:04:18.400000
59441,4,1,0,1,2025-04-29 23:04:18.400000
59443,3,1,0,1,2025-04-29 23:04:18.403000
59444,3,1,0,1,2025-04-29 23:04:18.403000
59449,2,1,194,1,2025-04-29 23:04:18.303000
59451,3,1,0,1,2025-04-29 23:04:20.320000
59452,3,1,372,1,2025-04-29 23:04:18.407000
59453,3,1,372,1,2025-04-29 23:04:18.407000
59455,2,1,0,1,2025-04-29 23:04:21.320000
59456,2,1,372,1,2025-04-29 23:04:21.320000
59459,4,1,0,1,2025-04-29 23:04:18.410000
59460,4,1,0,1,2025-04-29 23:04:18.410000
59462,4,1,0,1,2025-04-29 23:04:15.657000
59466,6,1,0,1,2025-04-29 23:04:18.410000
59466,7,1,0,1,2025-04-29 23:04:18.410000
59468,5,1,0,1,2025-04-29 23:04:18.410000
59468,6,1,0,1,2025-04-29 23:04:18.410000
59470,4,1,0,1,2025-04-29 23:04:15.657000
59472,4,1,0,1,2025-04-29 23:04:21.087000
59474,4,1,0,1,2025-04-29 23:04:21.087000
59476,4,1,0,1,2025-04-29 23:04:15.660000
59480,7,1,0,1,2025-04-29 23:04:21.090000
59480,9,1,0,1,2025-04-29 23:04:21.090000
59480,10,1,0,1,2025-04-29 23:04:21.090000
59482,4,1,0,1,2025-04-29 23:04:21.090000
59483,3,1,0,1,2025-04-29 23:04:15.660000
59484,8,1,0,1,2025-04-29 23:04:15.660000
59487,8,1,373,1,2025-04-29 23:04:20.193000
59487,11,1,373,1,2025-04-29 23:04:20.193000
59487,14,1,373,1,2025-04-29 23:04:20.193000
59487,15,1,373,1,2025-04-29 23:04:20.193000
59491,7,1,372,1,2025-04-29 23:04:16.967000
59491,7,2,198,1,2025-04-29 23:04:16.980000
59491,7,3,281,1,2025-04-29 23:04:16.990000
59496,2,1,0,1,2025-04-29 23:04:21.090000
59498,4,1,0,1,2025-04-29 23:04:18.303000
59498,6,1,0,1,2025-04-29 23:04:18.303000
59498,10,1,0,1,2025-04-29 23:04:18.303000
59501,2,1,0,1,2025-04-29 23:04:18.307000
59503,2,1,0,1,2025-04-29 23:04:21.090000
59505,4,1,0,1,2025-04-29 23:04:18.413000
59505,5,1,0,1,2025-04-29 23:04:18.413000
59507,4,1,0,1,2025-04-29 23:04:18.413000
59507,5,1,0,1,2025-04-29 23:04:18.413000
59507,6,1,0,1,2025-04-29 23:04:18.413000
59509,4,1,0,1,2025-04-29 23:04:18.413000
59509,5,1,0,1,2025-04-29 23:04:18.413000
59511,4,1,0,1,2025-04-29 23:04:18.417000
59511,5,1,0,1,2025-04-29 23:04:18.417000
59513,3,1,0,1,2025-04-29 23:04:18.417000
59513,4,1,0,1,2025-04-29 23:04:18.417000
59515,3,1,0,1,2025-04-29 23:04:18.417000
59515,4,1,0,1,2025-04-29 23:04:18.417000
59515,5,1,0,1,2025-04-29 23:04:18.417000
59517,4,1,0,1,2025-04-29 23:04:16.893000
59517,5,1,0,1,2025-04-29 23:04:16.893000
59518,4,1,0,1,2025-04-29 23:04:15.743000
59518,5,1,0,1,2025-04-29 23:04:15.743000
59519,3,1,0,1,2025-04-29 23:04:21.093000
59520,5,1,0,1,2025-04-29 23:04:18.307000
59521,10,1,0,1,2025-04-29 23:04:18.420000
59521,11,1,0,1,2025-04-29 23:04:18.420000
59522,10,1,0,1,2025-04-29 23:04:18.420000
59522,11,1,0,1,2025-04-29 23:04:18.420000
59523,3,1,0,1,2025-04-29 23:04:18.420000
59524,3,1,0,1,2025-04-29 23:04:18.423000
59527,2,1,0,1,2025-04-29 23:04:21.093000
59529,10,1,0,1,2025-04-29 23:04:21.093000
59531,4,1,0,1,2025-04-29 23:04:18.423000
59532,4,1,0,1,2025-04-29 23:04:18.423000
59533,2,1,0,1,2025-04-29 23:04:18.307000
59534,2,1,0,1,2025-04-29 23:04:21.320000
59535,2,1,0,1,2025-04-29 23:04:21.323000
59536,7,1,0,1,2025-04-29 23:04:21.327000
59541,3,1,0,1,2025-04-29 23:04:18.427000
59542,3,1,0,1,2025-04-29 23:04:18.427000
59547,3,1,0,1,2025-04-29 23:04:18.310000
59549,3,1,0,1,2025-04-29 23:04:21.327000
59549,5,1,0,1,2025-04-29 23:04:21.327000
59551,3,1,0,1,2025-04-29 23:04:21.330000
59551,5,1,0,1,2025-04-29 23:04:21.330000
59553,5,1,0,1,2025-04-29 23:04:21.330000
59553,8,1,0,1,2025-04-29 23:04:21.330000
59553,11,1,0,1,2025-04-29 23:04:21.330000
59560,3,1,0,1,2025-04-29 23:04:21.330000
59560,4,1,0,1,2025-04-29 23:04:21.330000
59561,3,1,0,1,2025-04-29 23:04:21.400000
59562,2,1,0,1,2025-04-29 23:04:21.330000
59563,2,1,0,1,2025-04-29 23:04:21.333000
59564,4,1,0,1,2025-04-29 23:04:21.097000
59566,7,1,0,1,2025-04-29 23:04:16.897000
59568,5,1,0,1,2025-04-29 23:04:15.747000
59574,4,1,155,1,2025-04-29 23:04:16.897000
59575,4,1,155,1,2025-04-29 23:04:15.747000
59576,5,1,223,2,2023-10-11 12:12:18.197000
59576,7,1,223,1,2025-04-29 23:04:15.750000
59576,8,1,223,1,2025-04-29 23:04:15.750000
59578,3,1,0,1,2025-04-29 23:04:20.320000
59579,3,1,0,1,2025-04-29 23:04:18.310000
59581,4,1,0,1,2025-04-29 23:04:20.470000
59595,3,1,0,1,2025-04-29 23:04:19.420000
59595,4,1,0,1,2025-04-29 23:04:19.420000
59596,3,1,0,1,2025-04-29 23:04:18.427000
59597,3,1,0,1,2025-04-29 23:04:18.430000
59598,3,1,0,1,2025-04-29 23:04:18.430000
59599,4,1,0,1,2025-04-29 23:04:18.430000
59601,3,1,0,1,2025-04-29 23:04:16.897000
59602,4,1,0,1,2025-04-29 23:04:15.750000
59605,3,1,0,1,2025-04-29 23:04:20.403000
59608,30,1,0,1,2025-04-29 23:04:21.097000
59608,32,1,0,1,2025-04-29 23:04:21.097000
59611,5,1,0,1,2025-04-29 23:04:18.430000
59614,2,1,0,1,2025-04-29 23:04:18.310000
59616,4,1,0,1,2025-04-29 23:04:18.433000
59619,6,1,0,1,2025-04-29 23:04:15.750000
59619,7,1,0,1,2025-04-29 23:04:15.750000
59620,5,1,0,1,2025-04-29 23:04:16.900000
59620,6,1,0,1,2025-04-29 23:04:16.900000
59621,2,1,0,1,2025-04-29 23:04:21.333000
59622,2,1,0,1,2025-04-29 23:04:21.333000
59624,13,1,0,1,2025-04-29 23:04:18.433000
59624,15,1,0,1,2025-04-29 23:04:18.437000
59624,17,1,0,1,2025-04-29 23:04:18.437000
59624,19,1,0,1,2025-04-29 23:04:18.437000
59632,17,1,0,1,2025-04-29 23:04:18.820000
59632,19,1,0,1,2025-04-29 23:04:18.837000
59632,22,1,0,1,2025-04-29 23:04:18.837000
59632,23,1,0,1,2025-04-29 23:04:18.837000
59634,8,1,0,1,2025-04-29 23:04:18.310000
59634,10,1,0,1,2025-04-29 23:04:18.310000
59635,2,1,0,1,2025-04-29 23:04:18.313000
59636,22,1,0,1,2025-04-29 23:04:15.663000
59636,24,1,0,1,2025-04-29 23:04:15.663000
59636,28,1,0,1,2025-04-29 23:04:15.663000
59636,31,1,0,1,2025-04-29 23:04:15.663000
59636,34,1,0,1,2025-04-29 23:04:15.663000
59641,22,1,0,1,2025-04-29 23:04:18.487000
59641,24,1,0,1,2025-04-29 23:04:18.487000
59641,28,1,0,1,2025-04-29 23:04:18.487000
59641,31,1,0,1,2025-04-29 23:04:18.487000
59641,32,1,0,1,2025-04-29 23:04:18.487000
59641,35,1,0,1,2025-04-29 23:04:18.487000
59642,22,1,0,1,2025-04-29 23:04:18.490000
59642,24,1,0,1,2025-04-29 23:04:18.490000
59642,28,1,0,1,2025-04-29 23:04:18.490000
59642,31,1,0,1,2025-04-29 23:04:18.490000
59642,32,1,0,1,2025-04-29 23:04:18.490000
59645,13,1,0,1,2025-04-29 23:04:18.493000
59645,15,1,0,1,2025-04-29 23:04:18.493000
59645,16,1,0,1,2025-04-29 23:04:18.493000
59646,10,1,0,1,2025-04-29 23:04:21.107000
59646,11,1,0,1,2025-04-29 23:04:21.107000
59646,13,1,0,1,2025-04-29 23:04:21.107000
59646,14,1,0,1,2025-04-29 23:04:21.107000
59646,17,1,0,1,2025-04-29 23:04:21.107000
59646,19,1,0,1,2025-04-29 23:04:21.107000
59647,4,1,0,1,2025-04-29 23:04:21.107000
59648,2,1,0,1,2025-04-29 23:04:18.313000
59649,19,1,0,1,2025-04-30 19:47:05.550000
59649,21,1,0,1,2025-04-30 19:47:05.550000
59649,24,1,0,1,2025-04-30 19:47:05.550000
59649,27,1,0,1,2025-04-30 19:47:05.550000
59649,30,1,0,1,2025-04-30 19:47:05.550000
59651,2,1,0,1,2025-04-29 23:04:18.497000
59652,3,1,0,1,2025-04-29 23:04:18.497000
59654,4,1,0,1,2025-04-29 23:04:18.313000
59655,2,1,0,1,2025-04-29 23:04:20.450000
59656,3,1,0,1,2025-04-29 23:04:20.470000
59657,6,1,360,1,2025-04-29 23:04:18.500000
59657,8,1,360,1,2025-04-29 23:04:18.500000
59657,9,1,360,1,2025-04-29 23:04:18.500000
59658,6,1,360,1,2025-04-29 23:04:18.503000
59658,8,1,360,1,2025-04-29 23:04:18.503000
59658,9,1,360,1,2025-04-29 23:04:18.503000
59659,3,1,0,1,2025-04-29 23:04:20.423000
59661,2,1,0,1,2025-04-29 23:04:20.300000
59661,3,1,0,1,2025-04-29 23:04:20.300000
59664,11,1,0,1,2025-04-29 23:04:21.343000
59664,13,1,0,1,2025-04-29 23:04:21.347000
59664,15,1,0,1,2025-04-29 23:04:21.347000
59664,17,1,0,1,2025-04-29 23:04:21.347000
59668,21,1,0,1,2025-04-29 23:04:16.900000
59668,25,1,0,1,2025-04-29 23:04:16.903000
59668,29,1,0,1,2025-04-29 23:04:16.903000
59672,5,1,0,1,2025-04-29 23:04:18.317000
59672,8,1,0,1,2025-04-29 23:04:18.317000
59674,12,1,0,1,2025-04-29 23:04:15.753000
59674,15,1,0,1,2025-04-29 23:04:15.757000
59674,18,1,0,1,2025-04-29 23:04:15.757000
59675,2,1,0,1,2025-04-29 23:04:21.347000
59678,4,1,0,1,2025-04-29 23:04:15.667000
59679,3,1,0,1,2025-04-29 23:04:19.717000
59680,3,1,0,1,2025-04-29 23:04:19.720000
59682,4,1,0,1,2025-04-29 23:04:21.107000
59685,4,1,0,1,2025-04-29 23:04:18.507000
59685,5,1,0,1,2025-04-29 23:04:18.507000
59687,5,1,0,1,2025-04-29 23:04:18.507000
59687,6,1,0,1,2025-04-29 23:04:18.507000
59695,5,1,0,1,2025-04-29 23:04:18.510000
59695,8,1,0,1,2025-04-29 23:04:18.510000
59695,12,1,0,1,2025-04-29 23:04:18.510000
59697,5,1,0,1,2025-04-29 23:04:18.510000
59697,6,1,0,1,2025-04-29 23:04:18.510000
59698,3,1,0,1,2025-04-29 23:04:21.110000
59700,2,1,0,1,2025-04-29 23:04:21.350000
59700,5,1,0,1,2025-04-29 23:04:21.350000
59702,3,1,0,1,2025-04-29 23:04:18.320000
59702,4,1,0,1,2025-04-29 23:04:18.320000
59703,2,1,0,1,2025-04-29 23:04:21.350000
59704,2,1,0,1,2025-04-29 23:04:18.320000
59707,8,1,0,1,2025-04-29 23:04:18.747000
59707,10,1,0,1,2025-04-29 23:04:18.747000
59707,18,1,0,1,2025-04-29 23:04:18.747000
59707,24,1,0,1,2025-04-29 23:04:18.747000
59707,25,1,0,1,2025-04-29 23:04:18.747000
59713,5,1,0,1,2025-04-29 23:04:18.513000
59714,5,1,0,1,2025-12-29 15:34:09.773000
59714,8,1,0,1,2025-12-29 15:34:09.773000
59714,12,1,0,1,2025-12-29 15:34:09.773000
59714,16,1,0,1,2025-12-29 15:34:09.773000
59716,5,1,0,1,2025-04-29 23:04:21.110000
59716,8,1,0,1,2025-04-29 23:04:21.110000
59718,6,1,0,1,2025-04-29 23:04:18.320000
59718,10,1,0,1,2025-04-29 23:04:18.320000
59721,3,1,0,1,2025-04-29 23:04:18.323000
59721,6,1,0,1,2025-04-29 23:04:18.323000
59723,5,1,0,1,2025-04-29 23:04:18.323000
59723,10,1,0,1,2025-04-29 23:04:18.323000
59725,3,1,0,1,2025-04-29 23:04:20.300000
59726,6,1,0,1,2025-12-29 21:28:40.643000
59726,7,1,0,1,2025-12-29 21:28:40.643000
59726,8,1,0,1,2025-12-29 21:28:40.643000
59726,16,1,0,1,2025-12-29 21:28:40.643000
59726,19,1,0,1,2025-12-29 21:28:40.643000
59727,4,1,0,1,2025-04-29 23:04:16.800000
59728,4,1,0,1,2025-04-29 23:04:16.810000
59733,5,1,176,1,2025-04-29 23:04:18.653000
59733,9,1,176,1,2025-04-29 23:04:18.653000
59733,10,1,176,1,2025-04-29 23:04:18.653000
59734,4,1,0,1,2025-04-29 23:04:15.667000
59735,3,1,0,1,2025-04-29 23:04:21.110000
59736,2,1,0,1,2025-04-29 23:04:18.327000
59737,3,1,0,1,2025-04-29 23:04:21.110000
59738,2,1,0,1,2025-04-29 23:04:21.113000
59741,4,1,0,1,2025-04-29 23:04:15.667000
59743,4,1,0,1,2025-04-29 23:04:18.510000
59743,5,1,0,1,2025-04-29 23:04:18.510000
59744,4,1,0,1,2025-04-29 23:04:18.510000
59744,5,1,0,1,2025-04-29 23:04:18.510000
59747,4,1,0,1,2025-04-29 23:04:18.513000
59748,4,1,0,1,2025-04-29 23:04:18.513000
59751,2,1,0,1,2025-04-29 23:04:18.327000
59752,3,1,0,1,2025-04-29 23:04:18.513000
59752,4,1,0,1,2025-04-29 23:04:18.513000
59753,3,1,0,1,2025-04-29 23:04:18.517000
59753,4,1,0,1,2025-04-29 23:04:18.517000
59755,4,1,0,1,2025-04-29 23:04:18.327000
59756,3,1,0,1,2025-04-29 23:04:20.380000
59758,3,1,0,1,2025-04-29 23:04:20.427000
59759,2,1,0,1,2025-04-29 23:04:18.330000
59764,10,1,0,1,2025-04-29 23:04:15.760000
59764,13,1,0,1,2025-04-29 23:04:15.760000
59764,16,1,0,1,2025-04-29 23:04:15.760000
59766,20,1,0,1,2025-04-29 23:04:16.910000
59766,23,1,0,1,2025-04-29 23:04:16.910000
59766,29,1,0,1,2025-04-29 23:04:16.910000
59767,2,1,0,1,2025-04-29 23:04:20.440000
59769,5,1,176,1,2025-04-29 23:04:18.517000
59769,6,1,176,1,2025-04-29 23:04:18.517000
59769,9,1,176,1,2025-04-29 23:04:18.517000
59771,5,1,176,1,2025-04-29 23:04:18.520000
59771,6,1,176,1,2025-04-29 23:04:18.520000
59772,3,1,0,1,2025-04-29 23:04:20.360000
59773,3,1,0,1,2025-04-29 23:04:20.393000
59791,4,1,0,1,2025-04-29 23:04:21.113000
59792,3,1,0,1,2025-04-29 23:04:21.117000
59793,2,1,11,1,2025-04-29 23:04:18.520000
59793,2,2,15,1,2025-04-29 23:04:18.520000
59793,2,3,176,1,2025-04-29 23:04:18.523000
59795,2,1,11,1,2025-04-29 23:04:18.523000
59795,2,2,15,1,2025-04-29 23:04:18.527000
59795,2,3,176,1,2025-04-29 23:04:18.527000
59796,3,1,0,1,2025-04-29 23:04:18.530000
59797,3,1,0,1,2025-04-29 23:04:18.530000
59798,2,1,0,1,2025-04-29 23:04:21.357000
59799,2,1,0,1,2025-04-29 23:04:21.357000
59800,2,1,0,1,2025-04-29 23:04:21.360000
59801,2,1,0,1,2025-04-29 23:04:21.360000
59802,4,1,0,1,2025-04-29 23:04:16.910000
59803,7,1,0,1,2025-04-29 23:04:15.760000
59805,14,1,60,1,2025-04-29 23:04:21.360000
59805,14,2,9,1,2025-04-29 23:04:21.363000
59805,14,3,239,1,2025-04-29 23:04:21.363000
59805,14,4,213,1,2025-04-29 23:04:21.363000
59805,16,1,60,1,2025-04-29 23:04:21.370000
59805,16,2,9,1,2025-04-29 23:04:21.373000
59805,16,3,239,1,2025-04-29 23:04:21.377000
59805,16,4,213,1,2025-04-29 23:04:21.377000
59805,18,1,60,1,2025-04-30 19:48:26.683000
59805,18,2,9,1,2025-04-30 19:48:59.457000
59805,18,3,239,1,2025-04-30 19:49:34.200000
59805,18,4,213,1,2025-04-30 19:49:55.543000
59805,20,1,60,1,2025-04-30 19:48:26.683000
59805,20,2,9,1,2025-04-30 19:48:59.457000
59805,20,3,239,1,2025-04-30 19:49:34.200000
59805,20,4,213,1,2025-04-30 19:49:55.543000
59807,5,1,9,1,2025-04-29 23:04:21.383000
59807,5,2,239,1,2025-04-29 23:04:21.383000
59807,7,1,9,1,2025-04-29 23:04:21.383000
59807,7,2,239,1,2025-04-29 23:04:21.383000
59807,8,1,9,1,2025-04-29 23:04:21.383000
59807,8,2,239,1,2025-04-29 23:04:21.383000
59808,2,1,0,1,2025-04-29 23:04:21.550000
59809,3,1,0,1,2025-12-16 15:32:40.593000
59809,5,1,0,1,2025-12-16 15:32:40.593000
59809,6,1,0,1,2025-12-16 15:32:40.593000
59809,9,1,0,1,2025-12-16 15:32:40.593000
59809,10,1,0,1,2025-12-16 15:32:40.593000
59811,3,1,0,1,2025-04-29 23:04:21.387000
59811,5,1,0,1,2025-04-29 23:04:21.387000
59813,3,1,0,1,2025-04-29 23:04:21.387000
59813,6,1,0,1,2025-04-29 23:04:21.387000
59814,3,1,0,1,2025-04-29 23:04:18.330000
59815,4,1,0,1,2025-04-29 23:04:15.670000
59816,6,1,0,1,2025-04-29 23:04:16.910000
59819,13,1,370,1,2025-04-29 23:04:18.530000
59819,17,1,370,1,2025-04-29 23:04:18.540000
59819,18,1,370,1,2025-04-29 23:04:18.540000
59822,3,1,0,1,2025-04-29 23:04:21.117000
59825,2,1,0,1,2025-04-29 23:04:21.390000
59827,5,1,0,1,2025-06-27 15:23:02.967000
59827,7,1,0,1,2025-06-27 15:23:02.967000
59828,9,1,370,1,2025-04-29 23:04:18.543000
59828,11,1,370,1,2025-04-29 23:04:18.550000
59828,12,1,370,1,2025-04-29 23:04:18.550000
59829,6,1,0,1,2025-04-29 23:04:15.763000
59830,5,1,0,1,2025-04-29 23:04:18.550000
59831,4,1,0,1,2025-04-29 23:04:18.550000
59832,2,1,0,1,2025-04-29 23:04:16.913000
59833,3,1,0,1,2025-04-29 23:04:15.767000
59835,5,1,0,1,2025-06-27 16:13:39.317000
59835,7,1,0,1,2025-06-27 16:13:39.317000
59835,8,1,0,1,2025-06-27 16:13:39.317000
59837,5,1,0,1,2025-06-27 16:14:20.147000
59837,7,1,0,1,2025-06-27 16:14:20.147000
59837,8,1,0,1,2025-06-27 16:14:20.147000
59838,3,1,0,1,2025-04-29 23:04:15.670000
59843,2,1,0,1,2025-04-29 23:04:15.670000
59844,2,1,0,1,2025-04-29 23:04:21.390000
59847,5,1,0,1,2025-04-29 23:04:15.673000
59847,8,1,0,1,2025-04-29 23:04:15.673000
59849,6,1,0,1,2025-04-29 23:04:15.670000
59849,8,1,0,1,2025-04-29 23:04:15.670000
59850,3,1,0,1,2025-04-29 23:04:21.117000
59851,3,1,0,1,2025-04-29 23:04:18.553000
59853,3,1,0,1,2025-04-29 23:04:18.553000
59854,4,1,0,1,2025-04-29 23:04:18.553000
59855,4,1,0,1,2025-04-29 23:04:18.557000
59856,22,1,198,1,2025-04-29 23:04:16.917000
59856,22,2,372,1,2025-04-29 23:04:16.917000
59856,22,3,281,1,2025-04-29 23:04:16.920000
59857,3,1,0,1,2025-04-29 23:04:19.720000
59858,4,1,0,1,2025-04-29 23:04:21.120000
59860,4,1,0,1,2025-06-24 17:11:25.940000
59860,5,1,0,1,2025-06-24 17:11:25.940000
59862,6,1,0,1,2025-04-29 23:04:21.120000
59862,7,1,0,1,2025-04-29 23:04:21.120000
59866,3,1,0,1,2025-04-29 23:04:18.330000
59866,6,1,0,1,2025-04-29 23:04:18.330000
59868,5,1,0,1,2025-06-04 13:46:51.643000
59868,7,1,0,1,2025-06-04 13:46:51.643000
59868,8,1,0,1,2025-06-04 13:46:51.643000
59870,5,1,0,1,2025-06-04 14:06:06.707000
59870,7,1,0,1,2025-06-04 14:06:06.707000
59870,8,1,0,1,2025-06-04 14:06:06.707000
59872,6,1,0,1,2025-06-04 12:51:20.067000
59872,8,1,0,1,2025-06-04 12:51:20.067000
59872,9,1,0,1,2025-06-04 12:51:20.067000
59874,6,1,0,1,2025-06-04 12:52:02.093000
59874,8,1,0,1,2025-06-04 12:52:02.093000
59874,9,1,0,1,2025-06-04 12:52:02.093000
59875,2,1,0,1,2025-04-29 23:04:21.390000
59876,2,1,0,1,2025-04-29 23:04:21.390000
59878,4,1,0,1,2025-04-29 23:04:18.330000
59880,3,1,0,1,2025-04-29 23:04:21.120000
59882,4,1,0,1,2025-04-29 23:04:18.557000
59882,6,1,0,1,2025-04-29 23:04:18.557000
59882,9,1,0,1,2025-04-29 23:04:18.557000
59884,4,1,0,1,2025-04-29 23:04:18.557000
59884,5,1,0,1,2025-04-29 23:04:18.557000
59885,2,1,0,1,2025-04-29 23:04:18.333000
59886,2,1,0,1,2025-04-29 23:04:18.333000
59892,2,1,0,1,2025-04-29 23:04:15.673000
59893,3,1,0,1,2025-04-29 23:04:15.767000
59894,3,1,0,1,2025-04-29 23:04:16.920000
59896,4,1,0,1,2025-04-29 23:04:18.560000
59897,4,1,0,1,2025-04-29 23:04:18.560000
59898,2,1,372,1,2025-04-29 23:04:19.123000
59898,2,2,198,1,2025-04-29 23:04:19.147000
59900,2,1,0,1,2025-04-29 23:04:20.430000
59902,2,1,0,1,2025-04-29 23:04:21.390000
59903,2,1,0,1,2025-04-29 23:04:21.393000
59904,2,1,0,1,2025-04-29 23:04:21.393000
59906,4,1,0,1,2025-05-30 16:57:40.803000
59906,6,1,0,1,2025-05-30 16:57:40.803000
59908,4,1,0,1,2025-05-30 17:20:42.370000
59908,6,1,0,1,2025-05-30 17:20:42.370000
59909,3,1,0,1,2025-04-29 23:04:21.123000
59910,4,1,0,1,2025-04-29 23:04:21.123000
59912,3,1,0,1,2025-04-29 23:04:20.433000
59913,4,1,0,1,2025-04-29 23:04:20.470000
59915,14,1,333,1,2025-04-29 23:04:19.887000
59915,19,1,333,1,2025-04-29 23:04:19.887000
59915,23,1,333,1,2025-04-29 23:04:19.887000
59915,26,1,333,1,2025-04-29 23:04:19.887000
59915,27,1,333,1,2025-04-29 23:04:19.887000
59917,3,1,0,1,2025-04-29 23:04:18.333000
59919,3,1,0,1,2025-06-26 18:34:44.327000
59919,5,1,0,1,2025-06-26 18:34:44.327000
59928,2,1,0,1,2025-04-29 23:04:21.123000
59929,4,1,0,1,2025-04-29 23:04:20.323000
59930,4,1,0,1,2025-04-29 23:04:18.337000
59931,5,1,0,1,2025-04-29 23:04:16.927000
59932,5,1,0,1,2025-04-29 23:04:15.773000
59933,9,1,0,1,2025-04-29 23:04:16.957000
59934,2,1,0,1,2025-04-29 23:04:21.397000
59935,3,1,176,1,2025-04-29 23:04:18.560000
59936,3,1,176,1,2025-04-29 23:04:18.563000
59937,2,1,0,1,2025-04-29 23:04:21.397000
59939,3,1,0,1,2025-06-27 18:50:34.593000
59939,5,1,0,1,2025-06-27 18:50:34.593000
59940,5,1,0,1,2025-04-29 23:04:15.793000
59943,2,1,0,1,2025-04-29 23:04:18.337000
59946,2,1,0,1,2025-04-29 23:04:18.340000
59948,7,1,0,1,2025-04-29 23:04:18.340000
59949,2,1,0,1,2025-04-29 23:04:18.340000
59957,3,1,0,1,2025-04-29 23:04:21.127000
59960,3,1,0,1,2025-04-29 23:04:18.350000
59961,3,1,0,1,2025-04-29 23:04:18.567000
59962,4,1,0,1,2025-04-29 23:04:18.567000
59963,2,1,0,1,2025-04-29 23:04:18.570000
59964,2,1,0,1,2025-04-29 23:04:18.570000
59965,3,1,0,1,2025-04-29 23:04:18.340000
59967,11,1,372,1,2025-04-29 23:04:15.773000
59967,11,2,198,1,2025-04-29 23:04:15.777000
59967,11,3,281,1,2025-04-29 23:04:15.780000
59968,4,1,0,1,2025-04-29 23:04:20.440000
59971,3,1,0,1,2025-09-05 13:59:55.927000
59973,6,1,155,1,2025-09-04 14:30:36.227000
59973,6,2,266,1,2025-09-04 14:30:56.050000
59973,7,1,155,1,2025-09-04 14:30:36.227000
59973,7,2,266,1,2025-09-04 14:30:56.050000
59976,3,1,155,1,2025-09-02 20:38:24.530000
59976,3,2,266,1,2025-09-02 20:38:33.230000
59976,4,1,155,1,2025-09-02 20:38:24.530000
59976,4,2,266,1,2025-09-02 20:38:33.230000
59978,3,1,155,1,2025-09-02 20:36:59.193000
59978,3,2,266,1,2025-09-02 20:37:16.940000
59978,4,1,155,1,2025-09-02 20:36:59.193000
59978,4,2,266,1,2025-09-02 20:37:16.940000
59979,2,1,0,1,2025-04-29 23:04:21.130000
59981,3,1,0,1,2025-09-03 10:53:35.943000
59982,4,1,0,1,2025-04-29 23:04:20.453000
59983,4,1,0,1,2025-04-29 23:04:20.383000
59984,3,1,0,1,2025-04-29 23:04:20.417000
59985,4,1,0,1,2025-04-29 23:04:18.343000
59986,13,1,0,1,2025-04-29 23:04:20.350000
60145,6,1,112,1,2025-04-29 23:04:15.550000
60146,6,1,112,3,2026-07-08 13:01:53.190000
60147,3,1,0,1,2025-04-29 23:04:21.130000
60148,3,1,0,1,2025-04-29 23:04:18.570000
60150,4,1,0,1,2025-04-29 23:04:18.570000
60151,6,2,112,3,2025-07-11 15:38:57.807000
60152,4,1,112,3,2026-05-08 18:36:30.850000
60152,8,1,112,3,2026-05-08 18:36:30.850000
60154,6,2,112,3,2025-07-11 15:41:33.107000
60155,3,1,112,3,2026-05-08 18:51:54.197000
60155,6,1,112,3,2026-05-08 18:51:54.197000
60159,4,1,0,1,2025-04-29 23:04:20.430000
60160,6,1,0,1,2025-04-29 23:04:20.363000
60161,4,1,0,1,2026-07-08 12:54:11.097000
60162,7,1,0,1,2025-09-19 12:48:06.670000
60163,6,1,0,1,2025-09-19 12:46:08.823000
60176,9,1,0,1,2025-10-23 13:24:00.447000
60176,11,1,0,1,2025-10-23 13:24:00.447000
60176,17,1,0,1,2025-10-23 13:24:00.447000
60176,18,1,0,1,2025-10-23 13:24:00.447000
60177,5,1,0,1,2025-04-29 23:04:20.120000
60178,3,1,0,1,2025-04-29 23:04:16.827000
60179,4,1,0,1,2025-04-29 23:04:16.840000
60180,4,1,0,1,2025-04-29 23:04:17.373000
60181,8,1,0,1,2026-01-09 16:22:56.907000
60181,10,1,0,1,2026-01-09 16:22:56.907000
60181,12,1,0,1,2026-01-09 16:22:56.907000
60184,3,1,0,1,2025-04-29 23:04:20.367000
60185,7,1,0,1,2026-01-08 13:10:11.793000
60185,9,1,0,1,2026-01-08 13:10:11.793000
60185,11,1,0,1,2026-01-08 13:10:11.793000
60188,3,1,0,1,2025-04-29 23:04:18.573000
60189,3,1,0,1,2025-04-29 23:04:18.573000
60190,5,1,0,1,2025-04-29 23:04:15.673000
60191,6,1,0,1,2025-06-24 16:59:34.003000
60194,2,1,0,1,2025-04-29 23:04:20.167000
60195,4,1,0,1,2025-04-29 23:04:16.967000
60196,4,1,0,1,2025-04-29 23:04:16.977000
60197,4,1,0,1,2025-04-29 23:04:15.677000
60198,2,1,0,1,2025-05-02 16:44:24.417000
60199,4,1,0,1,2025-06-24 17:00:52.450000
60200,5,1,0,1,2025-06-11 13:21:02.747000
60201,8,1,0,1,2025-06-04 12:49:02.177000
60202,5,1,0,1,2025-06-04 12:50:06.220000
60204,7,1,0,1,2025-07-01 13:53:38.710000
60205,4,1,0,1,2026-06-19 12:56:50.790000
60206,4,1,0,1,2025-06-04 13:32:26.133000
60207,4,1,0,1,2025-06-04 14:01:36.327000
60210,3,1,0,1,2025-05-08 20:58:30.673000
60211,6,1,0,1,2026-01-09 20:59:11.550000
60211,8,1,0,1,2026-01-09 20:59:11.550000
60211,10,1,0,1,2026-01-09 20:59:11.550000
60212,2,1,0,1,2025-05-07 16:56:10.343000
60213,9,1,0,1,2025-10-23 13:24:00.447000
60213,11,1,0,1,2025-10-23 13:24:00.447000
60213,13,1,0,1,2025-10-23 13:24:00.447000
60214,4,1,0,1,2025-08-21 18:28:56.007000
60215,4,1,0,1,2026-06-19 12:14:31.950000
60216,4,1,0,1,2025-08-22 14:20:57.347000
60217,4,1,0,1,2026-06-19 13:17:29.227000
60218,2,1,0,1,2025-09-03 10:52:07.587000
60219,3,1,0,1,2025-06-03 16:37:38.870000
60220,3,1,0,1,2025-06-03 19:17:47.713000
60221,3,1,0,1,2025-05-27 17:22:57.617000
60222,4,1,0,1,2026-05-14 12:45:10.767000
60223,4,1,0,1,2025-06-27 15:22:29.033000
60227,4,1,0,1,2025-06-27 15:57:10.710000
60228,4,1,0,1,2025-06-27 15:57:59.520000
60234,3,1,0,1,2025-07-17 14:52:28.570000
60235,3,1,0,1,2025-08-18 13:58:35.693000
60237,2,1,0,1,2025-09-05 14:00:41.800000
60238,3,1,0,1,2025-08-22 13:39:23.100000
60240,3,1,0,1,2025-08-21 18:27:38.023000
60244,2,1,0,1,2025-09-18 15:32:20.770000
60245,3,1,0,1,2025-11-24 14:21:53.727000
60246,3,1,201,11,2025-06-26 15:03:41.317000
60247,4,1,201,11,2026-02-02 16:20:13.093000
60247,6,1,201,11,2026-02-02 16:20:13.093000
60248,2,1,0,1,2025-06-26 18:26:04.597000
60249,5,1,0,1,2025-09-18 15:33:25.640000
60250,6,1,0,1,2026-01-22 14:24:32.873000
60250,8,1,0,1,2026-01-22 14:24:32.873000
60251,2,1,0,1,2025-06-27 16:50:44.010000
60252,3,1,158,1,2025-07-16 12:13:56.097000
60253,3,1,0,1,2025-07-16 13:57:38.667000
60254,3,1,0,1,2025-07-16 11:43:25.320000
60255,5,1,0,1,2025-07-01 16:35:51.637000
60257,3,1,0,1,2025-09-04 14:27:34.993000
60271,2,1,0,1,2025-08-22 14:02:04.850000
60273,2,2,112,3,2025-07-11 19:14:46.980000
60274,3,1,112,3,2026-07-01 15:48:23.073000
60274,4,1,112,3,2026-07-01 15:48:23.073000
60275,2,1,0,1,2025-07-17 19:36:13.497000
60276,3,1,0,1,2025-09-03 17:32:46.250000
60278,6,1,179,2,2025-09-19 13:31:52.203000
60279,4,1,179,2,2026-04-29 14:03:47.940000
60281,2,1,0,1,2025-09-02 20:55:58.943000
60282,3,1,0,1,2025-09-02 20:36:11.237000
60285,4,1,0,1,2025-09-19 13:10:41.327000
60286,6,1,0,1,2026-05-08 13:56:14.437000
60291,2,1,179,2,2025-09-17 13:33:12.573000
60292,4,1,179,2,2026-04-29 14:03:47.940000
60293,3,1,0,1,2025-08-21 18:26:47.040000
60295,3,1,0,1,2025-09-17 13:30:22.207000
60297,3,1,0,1,2025-09-19 13:11:55.380000
60299,3,1,0,1,2025-09-16 18:34:20.227000
60301,3,1,0,1,2025-09-18 14:44:37.693000
60304,3,1,0,1,2025-09-18 15:44:33.763000
60305,2,1,0,1,2025-08-07 15:27:48.423000
60306,3,1,0,1,2026-06-18 15:26:10.333000
60307,3,1,0,1,2025-08-08 17:28:41.550000
60309,3,1,0,1,2025-08-08 17:25:34.767000
60312,3,1,0,1,2025-09-09 16:33:00.797000
60314,5,1,12,4,2025-09-05 17:32:52.470000
60314,5,2,204,2,2025-09-05 17:32:52.473000
60314,5,3,165,1,2025-09-05 17:32:52.473000
60314,5,4,164,1,2025-09-05 17:32:52.477000
60314,5,5,263,3,2025-09-05 17:32:52.480000
60315,4,1,12,4,2026-03-26 12:30:03.873000
60315,4,2,204,2,2026-03-26 12:30:03.880000
60315,4,3,165,1,2026-03-26 12:30:03.887000
60315,4,4,164,1,2026-03-26 12:30:03.897000
60315,4,5,263,3,2026-03-26 12:30:03.900000
60317,4,1,12,4,2025-09-05 17:41:54.227000
60317,4,2,204,2,2025-09-05 17:41:54.230000
60317,4,3,165,1,2025-09-05 17:41:54.233000
60317,4,4,164,1,2025-09-05 17:41:54.237000
60317,4,5,263,3,2025-09-05 17:41:54.237000
60318,5,1,12,4,2026-03-26 12:30:03.873000
60318,5,2,204,2,2026-03-26 12:30:03.880000
60318,5,3,165,1,2026-03-26 12:30:03.887000
60318,5,4,164,1,2026-03-26 12:30:03.897000
60318,5,5,263,3,2026-03-26 12:30:03.900000
60319,2,1,155,1,2025-08-25 19:19:40.437000
60319,2,2,266,1,2025-08-25 19:19:55.553000
60320,3,1,0,1,2025-09-09 16:34:03.420000
60321,2,1,0,1,2025-09-12 14:20:40.617000
60323,3,1,0,1,2026-01-08 13:40:06.700000
60324,2,1,0,1,2026-05-21 17:56:27.647000
60324,3,1,0,1,2026-05-21 17:56:27.647000
60325,2,1,0,1,2025-09-18 18:46:26.470000
60333,12,1,11,2,2025-10-02 15:52:02.503000
60333,12,2,217,6,2025-10-02 15:52:02.507000
60333,12,3,15,1,2025-10-02 15:52:02.507000
60340,11,1,11,2,2025-10-02 15:52:02.503000
60340,11,2,217,6,2025-10-02 15:52:02.507000
60340,11,3,15,1,2025-10-02 15:52:02.507000
60341,4,1,0,1,2026-03-27 16:58:04.370000
60342,5,1,0,1,2026-03-27 16:59:32.710000
60343,3,1,0,1,2025-10-24 13:15:52.497000
60344,3,1,0,1,2025-10-20 12:58:40.263000
60346,2,1,0,1,2025-10-21 12:45:40.263000
60347,4,1,0,1,2025-10-24 11:24:56.800000
60348,4,1,0,1,2025-10-24 11:33:05.823000
60349,6,1,0,1,2025-12-29 15:34:48.693000
60350,2,1,0,1,2025-10-23 13:23:13.833000
60352,4,1,0,1,2025-12-29 21:27:31.753000
60353,4,1,0,1,2025-11-07 14:52:19.623000
60354,3,1,0,1,2026-01-09 20:59:56.373000
60355,5,1,0,1,2026-01-09 16:29:59.707000
60356,4,1,0,1,2026-01-08 13:09:47.147000
60357,4,1,0,1,2026-01-08 13:08:03.737000
60359,9,1,0,1,2026-05-14 12:45:52.477000
60360,4,1,0,1,2026-01-09 13:28:51.997000
60361,7,1,0,1,2026-08-05 19:01:39.223000
60362,4,1,0,1,2025-11-24 14:20:53.787000
60363,4,1,155,1,2026-01-26 17:02:58.080000
60363,4,2,266,1,2026-01-26 17:03:08.550000
60363,4,3,187,1,2026-01-26 17:03:17.497000
60363,4,4,161,1,2026-01-26 17:03:28.873000
60365,3,1,0,1,2025-12-29 17:28:22.297000
60366,4,1,0,1,2025-12-29 17:29:27.243000
60371,4,1,0,1,2025-12-04 17:22:56.803000
60373,4,1,190,4,2025-11-25 13:48:19.187000
60373,4,2,223,2,2025-11-25 13:48:28.447000
60374,4,1,0,1,2026-01-09 14:50:25.817000
60375,5,1,0,1,2026-08-06 16:14:52.440000
60376,3,1,0,1,2026-01-08 15:30:48.837000
60377,5,1,0,1,2026-08-06 19:11:13.517000
60378,3,1,321,1,2025-12-03 14:45:27.913000
60378,3,2,190,4,2025-12-03 14:46:02.767000
60380,5,1,0,1,2026-01-08 19:36:57.350000
60381,2,1,322,1,2026-05-21 19:39:37.897000
60381,3,1,322,1,2026-05-21 19:39:37.897000
60382,5,1,0,1,2025-12-22 15:48:19.037000
60384,2,1,0,1,2025-12-16 20:20:53.807000
60386,2,1,0,1,2026-01-08 12:40:45.920000
60390,3,1,0,1,2026-01-22 17:52:49.707000
60391,4,1,0,1,2026-08-06 15:08:42.977000
60393,2,1,0,1,2026-01-22 19:03:34.083000
60397,5,1,0,1,2026-01-16 23:42:53.377000
60399,4,1,0,1,2026-01-22 13:51:26.180000
60400,4,1,0,1,2026-02-20 14:50:37.313000
60407,4,1,0,1,2026-05-12 00:10:03.617000
60409,2,1,0,1,2026-03-27 12:40:06.227000
60410,6,1,0,1,2026-05-11 15:35:43.777000
60417,5,2,322,1,2026-05-21 19:09:00.440000
60418,3,1,0,1,2026-05-14 11:52:13.970000
60420,5,1,0,1,2026-05-14 12:48:05.750000
60422,3,1,0,1,2026-04-16 11:45:45.847000
60423,12,1,0,1,2026-05-08 16:12:19.487000
60425,4,1,0,1,2026-05-08 16:15:29.830000
60428,3,1,179,2,2026-04-29 14:09:12.650000
60430,4,1,0,1,2026-05-21 17:52:25.043000
60431,5,1,0,1,2026-05-08 13:57:03.130000
60432,4,1,0,1,2026-05-13 13:58:39.170000
60435,3,1,0,1,2026-05-12 00:09:26.730000
60436,4,1,0,1,2026-07-17 17:56:14.290000
60437,4,1,0,1,2026-07-17 17:59:17.160000
60438,5,1,112,3,2026-07-08 13:04:27.213000
60439,4,1,0,1,2026-07-06 12:30:50.283000
60440,3,1,0,1,2026-05-08 13:07:38.867000
60446,3,1,112,3,2026-07-07 15:39:25.133000
60447,3,1,112,3,2026-07-08 15:14:52.387000
60449,2,1,0,1,2026-06-19 12:58:36.917000
60450,2,1,0,1,2026-06-19 12:30:45.333000
60451,8,1,372,2,2026-05-21 17:24:37.347000
60452,5,1,0,1,2026-06-18 13:30:21.970000
60458,4,1,0,1,2026-06-19 12:15:56.493000
60459,3,1,0,1,2026-06-17 17:26:03.330000
60462,3,1,0,1,2026-06-26 12:56:35.263000
60463,5,1,112,3,2026-07-07 19:39:15.927000
60507,2,1,0,1,2026-07-24 20:49:42.833000
60510,4,1,0,1,2026-08-05 19:02:39.053000
60513,3,1,0,1,2026-08-06 16:15:36.407000
60523,3,1,0,1,2026-08-06 19:12:40.430000
60524,3,1,0,1,2026-08-06 15:02:21.453000
