article_id,article_version,hcpc_modifier_code_id,hcpc_modifier_code_version,hcpc_modifier_group,last_updated,description
52993,54,50,12,1,2024-10-18 13:42:54,"BILATERAL PROCEDURE: UNLESS OTHERWISE IDENTIFIED IN THE LISTINGS, BILATERAL PROCEDURES THAT ARE PERFORMED AT THE SAME OPERATIVE SESSION SHOULD BE IDENTIFIED BY ADDING THE MODIFIER -50 TO THE APPROPRIATE FIVE DIGIT CODE OR BY USE OF THE SEPARATE FIVE DIGIT MODIFIER CODE 09950"
52998,50,F1,15,1,2026-01-23 14:04:06,"LEFT HAND, SECOND DIGIT"
52998,50,F2,15,1,2026-01-23 14:04:06,"LEFT HAND, THIRD DIGIT"
52998,50,F3,15,1,2026-01-23 14:04:06,"LEFT HAND, FOURTH DIGIT"
52998,50,F4,15,1,2026-01-23 14:04:06,"LEFT HAND, FIFTH DIGIT"
52998,50,F5,15,1,2026-01-23 14:04:06,"RIGHT HAND, THUMB"
52998,50,F6,15,1,2026-01-23 14:04:06,"RIGHT HAND, SECOND DIGIT"
52998,50,F7,15,1,2026-01-23 14:04:06,"RIGHT HAND, THIRD DIGIT"
52998,50,F8,15,1,2026-01-23 14:04:06,"RIGHT HAND, FOURTH DIGIT"
52998,50,F9,15,1,2026-01-23 14:04:06,"RIGHT HAND, FIFTH DIGIT"
52998,50,FA,15,1,2026-01-23 14:04:06,"LEFT HAND, THUMB"
52998,50,T1,15,1,2026-01-23 14:04:06,"LEFT FOOT, SECOND DIGIT"
52998,50,T2,15,1,2026-01-23 14:04:06,"LEFT FOOT, THIRD DIGIT"
52998,50,T3,15,1,2026-01-23 14:04:06,"LEFT FOOT, FOURTH DIGIT"
52998,50,T4,15,1,2026-01-23 14:04:06,"LEFT FOOT, FIFTH DIGIT"
52998,50,T5,15,1,2026-01-23 14:04:06,"RIGHT FOOT, GREAT TOE"
52998,50,T6,15,1,2026-01-23 14:04:06,"RIGHT FOOT, SECOND DIGIT"
52998,50,T7,15,1,2026-01-23 14:04:06,"RIGHT FOOT, THIRD DIGIT"
52998,50,T8,15,1,2026-01-23 14:04:06,"RIGHT FOOT, FOURTH DIGIT"
52998,50,T9,15,1,2026-01-23 14:04:06,"RIGHT FOOT, FIFTH DIGIT"
52998,50,TA,15,1,2026-01-23 14:04:06,"LEFT FOOT, GREAT TOE"
53008,56,50,14,1,2025-10-27 12:06:22.093000,"BILATERAL PROCEDURE: UNLESS OTHERWISE IDENTIFIED IN THE LISTINGS, BILATERAL PROCEDURES THAT ARE PERFORMED AT THE SAME OPERATIVE SESSION SHOULD BE IDENTIFIED BY ADDING THE MODIFIER -50 TO THE APPROPRIATE FIVE DIGIT CODE OR BY USE OF THE SEPARATE FIVE DIGIT MODIFIER CODE 09950"
53008,56,LT,14,1,2025-10-27 12:06:22.093000,LEFT SIDE (USED TO IDENTIFY PROCEDURES PERFORMED ON THE LEFT SIDE OF THE BODY)
53008,56,RT,14,1,2025-10-27 12:06:22.093000,RIGHT SIDE (USED TO IDENTIFY PROCEDURES PERFORMED ON THE RIGHT SIDE OF THE BODY)
53024,22,JW,12,1,2025-09-16 14:35:05.063000,DRUG AMOUNT DISCARDED/NOT ADMINISTERED TO ANY PATIENT
53024,22,JZ,12,1,2025-09-16 14:35:05.063000,ZERO DRUG AMOUNT DISCARDED/NOT ADMINISTERED TO ANY PATIENT
53060,48,52,14,1,2025-08-14 12:47:17,"REDUCED SERVICES: UNDER CERTAIN CIRCUMSTANCES A SERVICE OR PROCEDURE IS PARTIALLY REDUCED OR ELIMINATED AT THE PHYSICIAN'S DISCRETION. UNDER THESE CIRCUMSTANCES THE SERVICE PROVIDED CAN BE IDENTIFIED BY ITS USUAL PROCEDURE NUMBER AND THE ADDITION OF THE MODIFIER -52, SIGNIFYING THAT THE SERVICE IS REDUCED. THIS PROVIDES A MEANS OF REPORTING REDUCED SERVICES WITHOUT DISTURBING THE IDENTIFICATION OF THE BASIC SERVICE. MODIFIER CODE 09952 MAY BE USED AS AN ALTERNATIVE TO MODIFIER -52. NOTE: FOR HOSPITAL OUTPATIENT REPORTING OF A PREVIOUSLY SCHEDULED PROCEDURE/SERVICE THAT IS PARTIALLY REDUCED OR CANCELLED AS A RESULT OF EXTENUATING CIRCUMSTANCES OR THOSE THAT THREATEN THE WELL-BEING OF THE PATIENT PRIOR TO OR AFTER ADMINISTRATION OF ANESTHESIA, SEE MODIFIERS -73 AND -74 (SEE MODIFIERS APPROVED FOR ASC HOSPITAL OUTPATIENT USE)."
53060,48,76,14,1,2025-08-14 12:47:17,REPEAT PROCEDURE BY SAME PHYSICIAN: THE PHYSICIAN MAY NEED TO INDICATE THAT A PROCEDURE OR SERVICE WAS REPEATED SUBSEQUENT TO THE ORIGINAL PROCEDURE OR SERVICE. THIS CIRCUMSTANCE MAY BE REPORTED BY ADDING THE MODIFIER -76 TO THE REPEATED PROCEDURE OR SERVICE OR THE SEPARATE FIVE DIGIT MODIFIER CODE 09976 MAY BE USED.
53060,48,79,14,1,2025-08-14 12:47:17,"UNRELATED PROCEDURE OR SERVICE BY THE SAME PHYSICIAN DURING THE POSTOPERATIVE PERIOD: THE PHYSICIAN MAY NEED TO INDICATE THAT THE PERFORMANCE OF A PROCEDURE OR SERVICE DURING THE POSTOPERATIVE PERIOD WAS UNRELATED TO THE ORIGINAL PROCEDURE. THIS CIRCUMSTANCE MAY BE REPORTED BY USING THE MODIFIER -79 OR BY USING THE SEPARATE FIVE DIGIT MODIFIER 09979. (FOR REPEAT PROCEDURES ON THE SAME DAY, SEE -76)."
53095,28,TC,12,1,2024-09-05 14:24:28,"TECHNICAL COMPONENT; UNDER CERTAIN CIRCUMSTANCES, A CHARGE MAY BE MADE FOR THE TECHNICAL COMPONENT ALONE; UNDER THOSE CIRCUMSTANCES THE TECHNICAL COMPONENT CHARGE IS IDENTIFIED BY ADDING MODIFIER 'TC' TO THE USUAL PROCEDURE NUMBER; TECHNICAL COMPONENT CHARGES ARE INSTITUTIONAL CHARGES AND NOT BILLED SEPARATELY BY PHYSICIANS; HOWEVER, PORTABLE X-RAY SUPPLIERS ONLY BILL FOR TECHNICAL COMPONENT AND SHOULD UTILIZE MODIFIER TC; THE CHARGE DATA FROM PORTABLE X-RAY SUPPLIERS WILL THEN BE USED TO BUILD CUSTOMARY AND PREVAILING PROFILES"
53322,16,24,12,1,2025-09-16 14:35:04.560000,"UNRELATED EVALUATION AND MANAGEMENT SERVICE BY THE SAME PHYSICIAN DURING A POSTOPERATIVE PERIOD: THE PHYSICIAN MAY NEED TO INDICATE THAT AN EVALUATION AND MANAGEMENT SERVICE WAS PERFORMED DURING A POSTOPERATIVE PERIOD FOR A REASON(S) UNRELATED TO THE ORIGINAL PROCEDURE. THIS CIRCUMSTANCE MAY BE REPORTED BY ADDING THE MODIFIER -24 TO THE APPROPRIATE LEVEL OF E/M SERVICE, OR THE SEPARATE FIVE DIGIT MODIFIER 09924 MAY BE USED."
53322,16,54,12,1,2025-09-16 14:35:04.560000,"SURGICAL CARE ONLY: WHEN ONE PHYSICIAN PERFORMS A SURGICAL PROCEDURE AND ANOTHER PROVIDES PREOPERATIVE AND/OR POSTOPERATIVE MANAGEMENT, SURGICAL SERVICES MAY BE IDENTIFIED BY ADDING THE MODIFIER -54 TO THE USUAL PROCEDURE NUMBER OR BY USE OF THE SEPARATE FIVE DIGIT MODIFIER CODE 09954."
53322,16,55,12,1,2025-09-16 14:35:04.560000,"POSTOPERATIVE MANAGEMENT ONLY: WHEN ONE PHYSICIAN PERFORMS THE POSTOPERATIVE MANAGEMENT AND ANOTHER PHYSICIAN HAS PERFORMED THE SURGICAL PROCEDURE, THE POSTOPERATIVE COMPONENT MAY BE IDENTIFIED BY ADDING THE MODIFIER -55 TO THE USUAL PROCEDURE NUMBER OR BY USE OF THE SEPARATE FIVE DIGIT MODIFIER CODE 09955."
53322,16,57,12,1,2025-09-16 14:35:04.560000,"DECISION FOR SURGERY: AN EVALUATION AND MANAGEMENT SERVICE THAT RESULTED IN THE INITIAL DECISION TO PERFORM THE SURGERY, MAY BE IDENTIFIED BY ADDING THE MODIFIER -57 TO THE APPROPRIATE LEVEL OF E/M SERVICE, OR THE SEPARATE FIVE DIGIT MODIFIER 09957 MAY BE USED."
53399,13,59,1,1,2019-11-07 15:59:30,"DISTINCT PROCEDURAL SERVICE: UNDER CERTAIN CIRCUMSTANCES, THE PHYSICIAN MAY NEED TO INDICATE THAT A PROCEDURE OR SERVICE WAS DISTINCT OR INDEPENDENT FROM OTHER SERVICES PERFORMED ON THE SAME DAY. MODIFIER -59 IS USED TO IDENTIFY PROCEDURES/SERVICES THAT ARE NOT NORMALLY REPORTED TOGETHER, BUT ARE APPROPRIATE UNDER THE CIRCUMSTANCES. THIS MAY REPRESENT A DIFFERENT SESSION OR PATIENT ENCOUNTER, DIFFERENT PROCEDURE OR SURGERY, DIFFERNET SITE OR ORGAN SYSTEM, SEPARATE INCISION/EXCISION, SEPARATE LESION, OR SEPARATE INJURY (OR AREA OF INJURY IN EXTENSIVE INJURIES) NOT ORDINARILY ENCOUNTERED OR PERFORMED ON THE SAME DAY BY THE SAME PHYSICIAN. HOWEVER, WHAN ANOTHER ALREADY ESTABLISHED MODIFIER IS APPROPRIATE IT SHOULD BE USED RATHER THAN MODIFIER -59. ONLY IF NO MORE DESCRIPTIVE MODIFIER IS AVAILABLE, AND THE USE OF MODIFIER -59 BEST EXPLAINS THE CIRCUMSTANCES, SHOULD MODIFIER -59 BE USED. MODIFIER CODE 09959 MAY BE USED AS AN ALTERNATE TO MODIFIER -59."
53423,16,76,1,1,2019-09-30 14:30:06,REPEAT PROCEDURE BY SAME PHYSICIAN: THE PHYSICIAN MAY NEED TO INDICATE THAT A PROCEDURE OR SERVICE WAS REPEATED SUBSEQUENT TO THE ORIGINAL PROCEDURE OR SERVICE. THIS CIRCUMSTANCE MAY BE REPORTED BY ADDING THE MODIFIER -76 TO THE REPEATED PROCEDURE OR SERVICE OR THE SEPARATE FIVE DIGIT MODIFIER CODE 09976 MAY BE USED.
53423,16,77,1,1,2019-09-30 14:30:06,REPEAT PROCEDURE BY ANOTHER PHYSICIAN: THE PHYSICIAN MAY NEED TO INDICATE THAT A BASIC PROCEDURE OR SERVICE PERFORMED BY ANOTHER PHYSICIAN HAD TO BE REPEATED. THIS SITUATION MAY BE REPORTED BY ADDING MODIFIER -77 TO THE REPEATED PROCEDURE/SERVICE OR THE SEPARATE FIVE DIGIT MODIFIER CODE 09977 MAY BE USED.
53444,14,25,10,1,2023-01-10 20:56:52,"SIGNIFICANT, SEPARATELY IDENTIFIABLE EVALUATION AND MANAGEMENT SERVICE BY THE SAME PHYSICIAN ON THE SAME DAY OF THE PROCEDURE OR OTHER SERVICE: THE PHYSICIAN MAY NEED TO INDICATE THAT ON THE DAY A PROCEDURE OR SERVICE IDENTIFIED BY A CPTCODE WAS PERFORMED, THE PATIENT'S CONDITION REQUIRED A SIGNIFICANT, SEPARATELY IDENTIFIABLE E/M SERVICE ABOVE AND BEYOND THE OTHER SERVICE PROVIDED OR BEYOND THE USUAL PREOPERATIVE AND POSTOPERATIVE CARE ASSOCIATED WITH THE PROCEDURE THAT WAS PERFORMED. THE E/M SERVICE MAY BE PROMPTED BY THE SYMPTOM OR CONDITION FOR WHICH THE PROCEDURE AND/OR SERVICE WAS PROVIDED. AS SUCH, DIFFERENT DIAGNOSES ARE NOT REQUIRED FOR REPORTING OF THE E/M SERVICES ON THE SAME DATE. THIS CIRCUMSTANCE MAY BE REPORTED BY ADDING THE MODIFIER -25 TO THE APPROPRIATE LEVEL OF E/M SERVICE, OR THE SEPARATE FIVE DIGIT MODIFIER 09925 MAY BE USED. NOTE: THIS MODIFIER IS NOT USED TO REPORT AN E/M SERVICE THAT RESULTED IN A DECISION TO PERFORM SURGERY. SEE MODIFIER -57."
53472,18,54,2,1,2019-12-03 21:10:24,"SURGICAL CARE ONLY: WHEN ONE PHYSICIAN PERFORMS A SURGICAL PROCEDURE AND ANOTHER PROVIDES PREOPERATIVE AND/OR POSTOPERATIVE MANAGEMENT, SURGICAL SERVICES MAY BE IDENTIFIED BY ADDING THE MODIFIER -54 TO THE USUAL PROCEDURE NUMBER OR BY USE OF THE SEPARATE FIVE DIGIT MODIFIER CODE 09954."
53472,18,55,2,1,2019-12-03 21:10:24,"POSTOPERATIVE MANAGEMENT ONLY: WHEN ONE PHYSICIAN PERFORMS THE POSTOPERATIVE MANAGEMENT AND ANOTHER PHYSICIAN HAS PERFORMED THE SURGICAL PROCEDURE, THE POSTOPERATIVE COMPONENT MAY BE IDENTIFIED BY ADDING THE MODIFIER -55 TO THE USUAL PROCEDURE NUMBER OR BY USE OF THE SEPARATE FIVE DIGIT MODIFIER CODE 09955."
53480,14,GX,1,1,2019-10-15 14:36:37,"NOTICE OF LIABILITY ISSUED, VOLUNTARY UNDER PAYER POLICY"
53480,14,GY,1,1,2019-10-15 14:36:37,"ITEM OR SERVICE STATUTORILY EXCLUDED, DOES NOT MEET THE DEFINITION OF ANY MEDICARE BENEFIT OR, FOR NON-MEDICARE INSURERS, IS NOT A CONTRACT BENEFIT"
53482,13,26,1,1,2019-10-24 00:19:19,"PROFESSIONAL COMPONENT: CERTAIN PROCEDURES ARE A COMBINATION OF A PHYSICIAN COMPONENT AND A TECHNICAL COMPONENT. WHEN THE PHYSICIAN COMPONENT IS REPORTED SEPARATELY, THE SERVICE MAY BE IDENTIFIED BY ADDING THE MODIFIER -26 TO THE USUAL PROCEDURE NUMBER OR THE SERVICE MAY BE REPORTED BY USE OF THE FIVE DIGIT MODIFIER CODE 09926."
53482,13,76,1,1,2019-10-24 00:19:19,REPEAT PROCEDURE BY SAME PHYSICIAN: THE PHYSICIAN MAY NEED TO INDICATE THAT A PROCEDURE OR SERVICE WAS REPEATED SUBSEQUENT TO THE ORIGINAL PROCEDURE OR SERVICE. THIS CIRCUMSTANCE MAY BE REPORTED BY ADDING THE MODIFIER -76 TO THE REPEATED PROCEDURE OR SERVICE OR THE SEPARATE FIVE DIGIT MODIFIER CODE 09976 MAY BE USED.
53482,13,77,1,1,2019-10-24 00:19:19,REPEAT PROCEDURE BY ANOTHER PHYSICIAN: THE PHYSICIAN MAY NEED TO INDICATE THAT A BASIC PROCEDURE OR SERVICE PERFORMED BY ANOTHER PHYSICIAN HAD TO BE REPEATED. THIS SITUATION MAY BE REPORTED BY ADDING MODIFIER -77 TO THE REPEATED PROCEDURE/SERVICE OR THE SEPARATE FIVE DIGIT MODIFIER CODE 09977 MAY BE USED.
53482,13,91,1,1,2019-10-24 00:19:19,"REPEAT CLINICAL DIAGNOSTIC LABORATORY TEST: IN THE COURSE OF TREATMENT OF THE PATIENT, IT MAY BE NECESSARY TO REPEAT THE SAME LABORATORY TEST ON THE SAME DAY TO OBTAIN SUBSEQUENT (MULTIPLE) TEST RESULTS. UNDER THESE CIRCUMSTANCES, THE LABORATORY TEST PERFORMED CAN BE IDENTIFIED BY ITS USUAL PROCEDURE NUMBER AND THE ADDITION OF THE MODIFIER '-91'. NOTE: THIS MODIFIER MAY NOT BE USED WHEN TESTS ARE RERUN TO CONFIRM INITIAL RESULTS; DUE TO TESTING PROBLEMS WITH SPECIMENS OR EQUIPMENT; OR FOR ANY OTHER REASON WHEN A NORMAL, ONE-TIME, REPORTABLE RESULT IS ALL THAT IS REQUIRED. THIS MODIFIER MAY NOT BE USED WHEN OTHER CODE(S) DESCRIBE A SERIES OF TEST RESULTS (E.G., GLUCOSE TOLERANCE TESTS, EVOCATIVE/SUPPRESSION TESTING). THIS MODIFIER MAY ONLY BE USED FOR LABORATORY TEST(S) PERFORMED MORE THAN ONCE ON THE SAME DAY ON THE SAME PATIENT."
53482,13,LT,1,1,2019-10-24 00:19:19,LEFT SIDE (USED TO IDENTIFY PROCEDURES PERFORMED ON THE LEFT SIDE OF THE BODY)
53482,13,RT,1,1,2019-10-24 00:19:19,RIGHT SIDE (USED TO IDENTIFY PROCEDURES PERFORMED ON THE RIGHT SIDE OF THE BODY)
53482,13,T1,1,1,2019-10-24 00:19:19,"LEFT FOOT, SECOND DIGIT"
53482,13,T3,1,1,2019-10-24 00:19:19,"LEFT FOOT, FOURTH DIGIT"
53484,18,GX,15,1,2026-05-04 13:10:02,"NOTICE OF LIABILITY ISSUED, VOLUNTARY UNDER PAYER POLICY"
53484,18,GY,15,1,2026-05-04 13:10:02,"ITEM OR SERVICE STATUTORILY EXCLUDED, DOES NOT MEET THE DEFINITION OF ANY MEDICARE BENEFIT OR, FOR NON-MEDICARE INSURERS, IS NOT A CONTRACT BENEFIT"
53488,11,76,1,1,2019-10-02 12:44:52,REPEAT PROCEDURE BY SAME PHYSICIAN: THE PHYSICIAN MAY NEED TO INDICATE THAT A PROCEDURE OR SERVICE WAS REPEATED SUBSEQUENT TO THE ORIGINAL PROCEDURE OR SERVICE. THIS CIRCUMSTANCE MAY BE REPORTED BY ADDING THE MODIFIER -76 TO THE REPEATED PROCEDURE OR SERVICE OR THE SEPARATE FIVE DIGIT MODIFIER CODE 09976 MAY BE USED.
53488,11,77,1,1,2019-10-02 12:44:52,REPEAT PROCEDURE BY ANOTHER PHYSICIAN: THE PHYSICIAN MAY NEED TO INDICATE THAT A BASIC PROCEDURE OR SERVICE PERFORMED BY ANOTHER PHYSICIAN HAD TO BE REPEATED. THIS SITUATION MAY BE REPORTED BY ADDING MODIFIER -77 TO THE REPEATED PROCEDURE/SERVICE OR THE SEPARATE FIVE DIGIT MODIFIER CODE 09977 MAY BE USED.
53538,15,GX,1,1,2019-10-15 15:07:30,"NOTICE OF LIABILITY ISSUED, VOLUNTARY UNDER PAYER POLICY"
53538,15,GY,1,1,2019-10-15 15:07:30,"ITEM OR SERVICE STATUTORILY EXCLUDED, DOES NOT MEET THE DEFINITION OF ANY MEDICARE BENEFIT OR, FOR NON-MEDICARE INSURERS, IS NOT A CONTRACT BENEFIT"
53605,21,GX,6,1,2021-07-08 12:10:04,"NOTICE OF LIABILITY ISSUED, VOLUNTARY UNDER PAYER POLICY"
53605,21,GY,6,1,2021-07-08 12:10:04,"ITEM OR SERVICE STATUTORILY EXCLUDED, DOES NOT MEET THE DEFINITION OF ANY MEDICARE BENEFIT OR, FOR NON-MEDICARE INSURERS, IS NOT A CONTRACT BENEFIT"
53702,19,GX,1,1,2019-11-11 14:30:49,"NOTICE OF LIABILITY ISSUED, VOLUNTARY UNDER PAYER POLICY"
53702,19,GY,1,1,2019-11-11 14:30:49,"ITEM OR SERVICE STATUTORILY EXCLUDED, DOES NOT MEET THE DEFINITION OF ANY MEDICARE BENEFIT OR, FOR NON-MEDICARE INSURERS, IS NOT A CONTRACT BENEFIT"
53778,14,59,1,1,2019-09-25 21:21:35,"DISTINCT PROCEDURAL SERVICE: UNDER CERTAIN CIRCUMSTANCES, THE PHYSICIAN MAY NEED TO INDICATE THAT A PROCEDURE OR SERVICE WAS DISTINCT OR INDEPENDENT FROM OTHER SERVICES PERFORMED ON THE SAME DAY. MODIFIER -59 IS USED TO IDENTIFY PROCEDURES/SERVICES THAT ARE NOT NORMALLY REPORTED TOGETHER, BUT ARE APPROPRIATE UNDER THE CIRCUMSTANCES. THIS MAY REPRESENT A DIFFERENT SESSION OR PATIENT ENCOUNTER, DIFFERENT PROCEDURE OR SURGERY, DIFFERNET SITE OR ORGAN SYSTEM, SEPARATE INCISION/EXCISION, SEPARATE LESION, OR SEPARATE INJURY (OR AREA OF INJURY IN EXTENSIVE INJURIES) NOT ORDINARILY ENCOUNTERED OR PERFORMED ON THE SAME DAY BY THE SAME PHYSICIAN. HOWEVER, WHAN ANOTHER ALREADY ESTABLISHED MODIFIER IS APPROPRIATE IT SHOULD BE USED RATHER THAN MODIFIER -59. ONLY IF NO MORE DESCRIPTIVE MODIFIER IS AVAILABLE, AND THE USE OF MODIFIER -59 BEST EXPLAINS THE CIRCUMSTANCES, SHOULD MODIFIER -59 BE USED. MODIFIER CODE 09959 MAY BE USED AS AN ALTERNATE TO MODIFIER -59."
53781,17,25,12,1,2024-01-11 16:38:49,"SIGNIFICANT, SEPARATELY IDENTIFIABLE EVALUATION AND MANAGEMENT SERVICE BY THE SAME PHYSICIAN ON THE SAME DAY OF THE PROCEDURE OR OTHER SERVICE: THE PHYSICIAN MAY NEED TO INDICATE THAT ON THE DAY A PROCEDURE OR SERVICE IDENTIFIED BY A CPTCODE WAS PERFORMED, THE PATIENT'S CONDITION REQUIRED A SIGNIFICANT, SEPARATELY IDENTIFIABLE E/M SERVICE ABOVE AND BEYOND THE OTHER SERVICE PROVIDED OR BEYOND THE USUAL PREOPERATIVE AND POSTOPERATIVE CARE ASSOCIATED WITH THE PROCEDURE THAT WAS PERFORMED. THE E/M SERVICE MAY BE PROMPTED BY THE SYMPTOM OR CONDITION FOR WHICH THE PROCEDURE AND/OR SERVICE WAS PROVIDED. AS SUCH, DIFFERENT DIAGNOSES ARE NOT REQUIRED FOR REPORTING OF THE E/M SERVICES ON THE SAME DATE. THIS CIRCUMSTANCE MAY BE REPORTED BY ADDING THE MODIFIER -25 TO THE APPROPRIATE LEVEL OF E/M SERVICE, OR THE SEPARATE FIVE DIGIT MODIFIER 09925 MAY BE USED. NOTE: THIS MODIFIER IS NOT USED TO REPORT AN E/M SERVICE THAT RESULTED IN A DECISION TO PERFORM SURGERY. SEE MODIFIER -57."
53784,15,Q0,4,1,2020-08-12 19:50:20,INVESTIGATIONAL CLINICAL SERVICE PROVIDED IN A CLINICAL RESEARCH STUDY THAT IS IN AN APPROVED CLINICAL RESEARCH STUDY
53883,26,59,12,1,2024-03-01 14:33:37,"DISTINCT PROCEDURAL SERVICE: UNDER CERTAIN CIRCUMSTANCES, THE PHYSICIAN MAY NEED TO INDICATE THAT A PROCEDURE OR SERVICE WAS DISTINCT OR INDEPENDENT FROM OTHER SERVICES PERFORMED ON THE SAME DAY. MODIFIER -59 IS USED TO IDENTIFY PROCEDURES/SERVICES THAT ARE NOT NORMALLY REPORTED TOGETHER, BUT ARE APPROPRIATE UNDER THE CIRCUMSTANCES. THIS MAY REPRESENT A DIFFERENT SESSION OR PATIENT ENCOUNTER, DIFFERENT PROCEDURE OR SURGERY, DIFFERNET SITE OR ORGAN SYSTEM, SEPARATE INCISION/EXCISION, SEPARATE LESION, OR SEPARATE INJURY (OR AREA OF INJURY IN EXTENSIVE INJURIES) NOT ORDINARILY ENCOUNTERED OR PERFORMED ON THE SAME DAY BY THE SAME PHYSICIAN. HOWEVER, WHAN ANOTHER ALREADY ESTABLISHED MODIFIER IS APPROPRIATE IT SHOULD BE USED RATHER THAN MODIFIER -59. ONLY IF NO MORE DESCRIPTIVE MODIFIER IS AVAILABLE, AND THE USE OF MODIFIER -59 BEST EXPLAINS THE CIRCUMSTANCES, SHOULD MODIFIER -59 BE USED. MODIFIER CODE 09959 MAY BE USED AS AN ALTERNATE TO MODIFIER -59."
53883,26,XE,12,1,2024-03-01 14:33:37,"SEPARATE ENCOUNTER, A SERVICE THAT IS DISTINCT BECAUSE IT OCCURRED DURING A SEPARATE ENCOUNTER"
53883,26,XP,12,1,2024-03-01 14:33:37,"SEPARATE PRACTITIONER, A SERVICE THAT IS DISTINCT BECAUSE IT WAS PERFORMED BY A DIFFERENT PRACTITIONER"
53883,26,XS,12,1,2024-03-01 14:33:37,"SEPARATE STRUCTURE, A SERVICE THAT IS DISTINCT BECAUSE IT WAS PERFORMED ON A SEPARATE ORGAN/STRUCTURE"
53883,26,XU,12,1,2024-03-01 14:33:37,"UNUSUAL NON-OVERLAPPING SERVICE, THE USE OF A SERVICE THAT IS DISTINCT BECAUSE IT DOES NOT OVERLAP USUAL COMPONENTS OF THE MAIN SERVICE"
54257,14,GX,12,1,2023-11-08 16:53:27,"NOTICE OF LIABILITY ISSUED, VOLUNTARY UNDER PAYER POLICY"
54257,14,GY,12,1,2023-11-08 16:53:27,"ITEM OR SERVICE STATUTORILY EXCLUDED, DOES NOT MEET THE DEFINITION OF ANY MEDICARE BENEFIT OR, FOR NON-MEDICARE INSURERS, IS NOT A CONTRACT BENEFIT"
54269,14,GX,12,1,2023-11-14 18:04:43,"NOTICE OF LIABILITY ISSUED, VOLUNTARY UNDER PAYER POLICY"
54269,14,GY,12,1,2023-11-14 18:04:43,"ITEM OR SERVICE STATUTORILY EXCLUDED, DOES NOT MEET THE DEFINITION OF ANY MEDICARE BENEFIT OR, FOR NON-MEDICARE INSURERS, IS NOT A CONTRACT BENEFIT"
54270,16,GX,12,1,2023-11-14 18:06:31,"NOTICE OF LIABILITY ISSUED, VOLUNTARY UNDER PAYER POLICY"
54270,16,GY,12,1,2023-11-14 18:06:31,"ITEM OR SERVICE STATUTORILY EXCLUDED, DOES NOT MEET THE DEFINITION OF ANY MEDICARE BENEFIT OR, FOR NON-MEDICARE INSURERS, IS NOT A CONTRACT BENEFIT"
54283,15,GX,12,1,2023-11-15 12:26:18,"NOTICE OF LIABILITY ISSUED, VOLUNTARY UNDER PAYER POLICY"
54283,15,GY,12,1,2023-11-15 12:26:18,"ITEM OR SERVICE STATUTORILY EXCLUDED, DOES NOT MEET THE DEFINITION OF ANY MEDICARE BENEFIT OR, FOR NON-MEDICARE INSURERS, IS NOT A CONTRACT BENEFIT"
54300,16,GX,12,1,2023-11-07 15:46:52,"NOTICE OF LIABILITY ISSUED, VOLUNTARY UNDER PAYER POLICY"
54300,16,GY,12,1,2023-11-07 15:46:52,"ITEM OR SERVICE STATUTORILY EXCLUDED, DOES NOT MEET THE DEFINITION OF ANY MEDICARE BENEFIT OR, FOR NON-MEDICARE INSURERS, IS NOT A CONTRACT BENEFIT"
54685,17,GX,12,1,2023-11-08 15:22:47,"NOTICE OF LIABILITY ISSUED, VOLUNTARY UNDER PAYER POLICY"
54685,17,GY,12,1,2023-11-08 15:22:47,"ITEM OR SERVICE STATUTORILY EXCLUDED, DOES NOT MEET THE DEFINITION OF ANY MEDICARE BENEFIT OR, FOR NON-MEDICARE INSURERS, IS NOT A CONTRACT BENEFIT"
54769,27,59,7,1,2022-01-18 13:00:18,"DISTINCT PROCEDURAL SERVICE: UNDER CERTAIN CIRCUMSTANCES, THE PHYSICIAN MAY NEED TO INDICATE THAT A PROCEDURE OR SERVICE WAS DISTINCT OR INDEPENDENT FROM OTHER SERVICES PERFORMED ON THE SAME DAY. MODIFIER -59 IS USED TO IDENTIFY PROCEDURES/SERVICES THAT ARE NOT NORMALLY REPORTED TOGETHER, BUT ARE APPROPRIATE UNDER THE CIRCUMSTANCES. THIS MAY REPRESENT A DIFFERENT SESSION OR PATIENT ENCOUNTER, DIFFERENT PROCEDURE OR SURGERY, DIFFERNET SITE OR ORGAN SYSTEM, SEPARATE INCISION/EXCISION, SEPARATE LESION, OR SEPARATE INJURY (OR AREA OF INJURY IN EXTENSIVE INJURIES) NOT ORDINARILY ENCOUNTERED OR PERFORMED ON THE SAME DAY BY THE SAME PHYSICIAN. HOWEVER, WHAN ANOTHER ALREADY ESTABLISHED MODIFIER IS APPROPRIATE IT SHOULD BE USED RATHER THAN MODIFIER -59. ONLY IF NO MORE DESCRIPTIVE MODIFIER IS AVAILABLE, AND THE USE OF MODIFIER -59 BEST EXPLAINS THE CIRCUMSTANCES, SHOULD MODIFIER -59 BE USED. MODIFIER CODE 09959 MAY BE USED AS AN ALTERNATE TO MODIFIER -59."
54769,27,QW,7,1,2022-01-18 13:00:18,CLIA WAIVED TEST
54831,28,GA,12,1,2023-08-24 15:36:23,"WAIVER OF LIABILITY STATEMENT ISSUED AS REQUIRED BY PAYER POLICY, INDIVIDUAL CASE"
54831,28,GZ,12,1,2023-08-24 15:36:23,ITEM OR SERVICE EXPECTED TO BE DENIED AS NOT REASONABLE AND NECESSARY
54831,28,KX,12,1,2023-08-24 15:36:23,REQUIREMENTS SPECIFIED IN THE MEDICAL POLICY HAVE BEEN MET
54831,28,SC,12,1,2023-08-24 15:36:23,MEDICALLY NECESSARY SERVICE OR SUPPLY
54958,28,KX,15,1,2025-12-24 18:28:57,REQUIREMENTS SPECIFIED IN THE MEDICAL POLICY HAVE BEEN MET
54958,28,SC,15,1,2025-12-24 18:28:57,MEDICALLY NECESSARY SERVICE OR SUPPLY
54975,17,GX,12,1,2026-02-09 16:51:04.120000,"NOTICE OF LIABILITY ISSUED, VOLUNTARY UNDER PAYER POLICY"
54975,17,GY,12,1,2026-02-09 16:51:04.120000,"ITEM OR SERVICE STATUTORILY EXCLUDED, DOES NOT MEET THE DEFINITION OF ANY MEDICARE BENEFIT OR, FOR NON-MEDICARE INSURERS, IS NOT A CONTRACT BENEFIT"
55028,45,TC,14,1,2025-10-27 12:06:22.190000,"TECHNICAL COMPONENT; UNDER CERTAIN CIRCUMSTANCES, A CHARGE MAY BE MADE FOR THE TECHNICAL COMPONENT ALONE; UNDER THOSE CIRCUMSTANCES THE TECHNICAL COMPONENT CHARGE IS IDENTIFIED BY ADDING MODIFIER 'TC' TO THE USUAL PROCEDURE NUMBER; TECHNICAL COMPONENT CHARGES ARE INSTITUTIONAL CHARGES AND NOT BILLED SEPARATELY BY PHYSICIANS; HOWEVER, PORTABLE X-RAY SUPPLIERS ONLY BILL FOR TECHNICAL COMPONENT AND SHOULD UTILIZE MODIFIER TC; THE CHARGE DATA FROM PORTABLE X-RAY SUPPLIERS WILL THEN BE USED TO BUILD CUSTOMARY AND PREVAILING PROFILES"
55044,18,JW,12,1,2025-09-23 11:39:33.107000,DRUG AMOUNT DISCARDED/NOT ADMINISTERED TO ANY PATIENT
55069,26,PT,14,1,2025-08-14 17:49:02,COLORECTAL CANCER SCREENING TEST; CONVERTED TO DIAGNOSTIC TEST OR OTHER PROCEDURE
55115,18,GX,15,1,2026-05-05 18:56:37,"NOTICE OF LIABILITY ISSUED, VOLUNTARY UNDER PAYER POLICY"
55115,18,GY,15,1,2026-05-05 18:56:37,"ITEM OR SERVICE STATUTORILY EXCLUDED, DOES NOT MEET THE DEFINITION OF ANY MEDICARE BENEFIT OR, FOR NON-MEDICARE INSURERS, IS NOT A CONTRACT BENEFIT"
55146,17,GX,15,1,2026-04-21 17:09:34,"NOTICE OF LIABILITY ISSUED, VOLUNTARY UNDER PAYER POLICY"
55146,17,GY,15,1,2026-04-21 17:09:34,"ITEM OR SERVICE STATUTORILY EXCLUDED, DOES NOT MEET THE DEFINITION OF ANY MEDICARE BENEFIT OR, FOR NON-MEDICARE INSURERS, IS NOT A CONTRACT BENEFIT"
55169,15,GX,14,1,2025-10-22 15:38:30,"NOTICE OF LIABILITY ISSUED, VOLUNTARY UNDER PAYER POLICY"
55169,15,GY,14,1,2025-10-22 15:38:30,"ITEM OR SERVICE STATUTORILY EXCLUDED, DOES NOT MEET THE DEFINITION OF ANY MEDICARE BENEFIT OR, FOR NON-MEDICARE INSURERS, IS NOT A CONTRACT BENEFIT"
55206,18,GX,12,1,2023-11-20 17:27:56,"NOTICE OF LIABILITY ISSUED, VOLUNTARY UNDER PAYER POLICY"
55206,18,GY,12,1,2023-11-20 17:27:56,"ITEM OR SERVICE STATUTORILY EXCLUDED, DOES NOT MEET THE DEFINITION OF ANY MEDICARE BENEFIT OR, FOR NON-MEDICARE INSURERS, IS NOT A CONTRACT BENEFIT"
55210,15,GX,15,1,2026-01-22 14:36:51,"NOTICE OF LIABILITY ISSUED, VOLUNTARY UNDER PAYER POLICY"
55210,15,GY,15,1,2026-01-22 14:36:51,"ITEM OR SERVICE STATUTORILY EXCLUDED, DOES NOT MEET THE DEFINITION OF ANY MEDICARE BENEFIT OR, FOR NON-MEDICARE INSURERS, IS NOT A CONTRACT BENEFIT"
55227,19,53,14,1,2025-08-14 17:32:58,"DISCONTINUED PROCEDURE: UNDER CERTAIN CIRCUMSTANCES, THE PHYSICIAN MAY ELECT TO TERMINATE A SURGICAL OR DIAGNOSTIC PROCEDURE. DUE TO EXTENUATING CIRCUMSTANCES OR THOSE THAT THREATEN THE WELL BEING OF THE PATIENT, IT MAY BE NECESSARY TO INDICATE THAT A SURGICAL OR DIAGNOSTIC PROCEDURE WAS STARTED BUT DISCONTINUED. THIS CIRCUMSTANCE MAY BE REPORTED BY ADDING THE MODIFIER -53 TO THE CODE REPORTED BY THE PHYSICIAN FOR THE DISCONTINUED PROCEDURE OR BY USE OF THE SEPARATE FIVE DIGIT MODIFIER CODE 09953. NOTE: THIS MODIFIER IS NOT USED TO REPORT THE ELECTIVE CANCELLATION OF A PROCEDURE PRIOR TO THE PATIENT'S ANESTHESIA INDUCTION AND/OR SURGICAL PREPARATION IN THE OPERATING SUITE. FOR OUTPATIENT HOSPITAL/AMBULATORY SURGERY CENTER (ASC) REPORTING OF A PREVIOUSLY SCHEDULED PROCEDURE/SERVICE THAT IS PARTIALLY REDUCED OR CANCELLED AS A RESULT OF EXTENUATING CIRCUMSTANCES OR THOSE THAT THREATEN THE WELL BEING OF THE PATIENT PRIOR TO OR AFTER ADMINISTRATION OF ANESTHESIA, SEE MODIFIERS -73 AND -74 (SEE MODIFIERS APPROVED FOR ASC HOSPITAL OUTPATIENT USE)."
55235,15,GX,12,1,2023-07-19 14:22:47,"NOTICE OF LIABILITY ISSUED, VOLUNTARY UNDER PAYER POLICY"
55235,15,GY,12,1,2023-07-19 14:22:47,"ITEM OR SERVICE STATUTORILY EXCLUDED, DOES NOT MEET THE DEFINITION OF ANY MEDICARE BENEFIT OR, FOR NON-MEDICARE INSURERS, IS NOT A CONTRACT BENEFIT"
55264,14,GX,12,1,2026-02-09 16:51:06.530000,"NOTICE OF LIABILITY ISSUED, VOLUNTARY UNDER PAYER POLICY"
55264,14,GY,12,1,2026-02-09 16:51:06.530000,"ITEM OR SERVICE STATUTORILY EXCLUDED, DOES NOT MEET THE DEFINITION OF ANY MEDICARE BENEFIT OR, FOR NON-MEDICARE INSURERS, IS NOT A CONTRACT BENEFIT"
55354,35,CG,11,1,2023-06-05 13:31:53,POLICY CRITERIA APPLIED
55354,35,KX,11,1,2023-06-05 13:31:53,REQUIREMENTS SPECIFIED IN THE MEDICAL POLICY HAVE BEEN MET
55596,13,GX,12,1,2026-02-09 16:51:07.820000,"NOTICE OF LIABILITY ISSUED, VOLUNTARY UNDER PAYER POLICY"
55596,13,GY,12,1,2026-02-09 16:51:07.820000,"ITEM OR SERVICE STATUTORILY EXCLUDED, DOES NOT MEET THE DEFINITION OF ANY MEDICARE BENEFIT OR, FOR NON-MEDICARE INSURERS, IS NOT A CONTRACT BENEFIT"
55623,16,GX,12,1,2026-02-09 16:51:07.673000,"NOTICE OF LIABILITY ISSUED, VOLUNTARY UNDER PAYER POLICY"
55623,16,GY,12,1,2026-02-09 16:51:07.673000,"ITEM OR SERVICE STATUTORILY EXCLUDED, DOES NOT MEET THE DEFINITION OF ANY MEDICARE BENEFIT OR, FOR NON-MEDICARE INSURERS, IS NOT A CONTRACT BENEFIT"
55709,11,GX,12,1,2024-04-16 15:08:03,"NOTICE OF LIABILITY ISSUED, VOLUNTARY UNDER PAYER POLICY"
55754,22,52,12,1,2025-09-16 14:35:04.627000,"REDUCED SERVICES: UNDER CERTAIN CIRCUMSTANCES A SERVICE OR PROCEDURE IS PARTIALLY REDUCED OR ELIMINATED AT THE PHYSICIAN'S DISCRETION. UNDER THESE CIRCUMSTANCES THE SERVICE PROVIDED CAN BE IDENTIFIED BY ITS USUAL PROCEDURE NUMBER AND THE ADDITION OF THE MODIFIER -52, SIGNIFYING THAT THE SERVICE IS REDUCED. THIS PROVIDES A MEANS OF REPORTING REDUCED SERVICES WITHOUT DISTURBING THE IDENTIFICATION OF THE BASIC SERVICE. MODIFIER CODE 09952 MAY BE USED AS AN ALTERNATIVE TO MODIFIER -52. NOTE: FOR HOSPITAL OUTPATIENT REPORTING OF A PREVIOUSLY SCHEDULED PROCEDURE/SERVICE THAT IS PARTIALLY REDUCED OR CANCELLED AS A RESULT OF EXTENUATING CIRCUMSTANCES OR THOSE THAT THREATEN THE WELL-BEING OF THE PATIENT PRIOR TO OR AFTER ADMINISTRATION OF ANESTHESIA, SEE MODIFIERS -73 AND -74 (SEE MODIFIERS APPROVED FOR ASC HOSPITAL OUTPATIENT USE)."
55769,14,GX,12,1,2025-10-06 18:48:48.950000,"NOTICE OF LIABILITY ISSUED, VOLUNTARY UNDER PAYER POLICY"
55774,13,GY,14,1,2025-09-23 11:39:33.277000,"ITEM OR SERVICE STATUTORILY EXCLUDED, DOES NOT MEET THE DEFINITION OF ANY MEDICARE BENEFIT OR, FOR NON-MEDICARE INSURERS, IS NOT A CONTRACT BENEFIT"
56071,23,GX,13,1,2025-10-06 18:48:48.890000,"NOTICE OF LIABILITY ISSUED, VOLUNTARY UNDER PAYER POLICY"
56071,23,GY,13,1,2025-10-06 18:48:48.890000,"ITEM OR SERVICE STATUTORILY EXCLUDED, DOES NOT MEET THE DEFINITION OF ANY MEDICARE BENEFIT OR, FOR NON-MEDICARE INSURERS, IS NOT A CONTRACT BENEFIT"
56157,19,25,16,1,2026-06-18 15:44:55,"SIGNIFICANT, SEPARATELY IDENTIFIABLE EVALUATION AND MANAGEMENT SERVICE BY THE SAME PHYSICIAN ON THE SAME DAY OF THE PROCEDURE OR OTHER SERVICE: THE PHYSICIAN MAY NEED TO INDICATE THAT ON THE DAY A PROCEDURE OR SERVICE IDENTIFIED BY A CPTCODE WAS PERFORMED, THE PATIENT'S CONDITION REQUIRED A SIGNIFICANT, SEPARATELY IDENTIFIABLE E/M SERVICE ABOVE AND BEYOND THE OTHER SERVICE PROVIDED OR BEYOND THE USUAL PREOPERATIVE AND POSTOPERATIVE CARE ASSOCIATED WITH THE PROCEDURE THAT WAS PERFORMED. THE E/M SERVICE MAY BE PROMPTED BY THE SYMPTOM OR CONDITION FOR WHICH THE PROCEDURE AND/OR SERVICE WAS PROVIDED. AS SUCH, DIFFERENT DIAGNOSES ARE NOT REQUIRED FOR REPORTING OF THE E/M SERVICES ON THE SAME DATE. THIS CIRCUMSTANCE MAY BE REPORTED BY ADDING THE MODIFIER -25 TO THE APPROPRIATE LEVEL OF E/M SERVICE, OR THE SEPARATE FIVE DIGIT MODIFIER 09925 MAY BE USED. NOTE: THIS MODIFIER IS NOT USED TO REPORT AN E/M SERVICE THAT RESULTED IN A DECISION TO PERFORM SURGERY. SEE MODIFIER -57."
56157,19,50,16,1,2026-06-18 15:44:55,"BILATERAL PROCEDURE: UNLESS OTHERWISE IDENTIFIED IN THE LISTINGS, BILATERAL PROCEDURES THAT ARE PERFORMED AT THE SAME OPERATIVE SESSION SHOULD BE IDENTIFIED BY ADDING THE MODIFIER -50 TO THE APPROPRIATE FIVE DIGIT CODE OR BY USE OF THE SEPARATE FIVE DIGIT MODIFIER CODE 09950"
56157,19,EJ,16,1,2026-06-18 15:44:55,"SUBSEQUENT CLAIMS FOR A DEFINED COURSE OF THERAPY, E.G., EPO, SODIUM HYALURONATE, INFLIXIMAB"
56157,19,JW,16,1,2026-06-18 15:44:55,DRUG AMOUNT DISCARDED/NOT ADMINISTERED TO ANY PATIENT
56157,19,LT,16,1,2026-06-18 15:44:55,LEFT SIDE (USED TO IDENTIFY PROCEDURES PERFORMED ON THE LEFT SIDE OF THE BODY)
56157,19,RT,16,1,2026-06-18 15:44:55,RIGHT SIDE (USED TO IDENTIFY PROCEDURES PERFORMED ON THE RIGHT SIDE OF THE BODY)
56159,23,CG,15,1,2026-02-27 19:04:09,POLICY CRITERIA APPLIED
56159,23,KX,15,1,2026-02-27 19:04:09,REQUIREMENTS SPECIFIED IN THE MEDICAL POLICY HAVE BEEN MET
56199,130,91,15,1,2026-07-16 16:40:38.363000,"REPEAT CLINICAL DIAGNOSTIC LABORATORY TEST: IN THE COURSE OF TREATMENT OF THE PATIENT, IT MAY BE NECESSARY TO REPEAT THE SAME LABORATORY TEST ON THE SAME DAY TO OBTAIN SUBSEQUENT (MULTIPLE) TEST RESULTS. UNDER THESE CIRCUMSTANCES, THE LABORATORY TEST PERFORMED CAN BE IDENTIFIED BY ITS USUAL PROCEDURE NUMBER AND THE ADDITION OF THE MODIFIER '-91'. NOTE: THIS MODIFIER MAY NOT BE USED WHEN TESTS ARE RERUN TO CONFIRM INITIAL RESULTS; DUE TO TESTING PROBLEMS WITH SPECIMENS OR EQUIPMENT; OR FOR ANY OTHER REASON WHEN A NORMAL, ONE-TIME, REPORTABLE RESULT IS ALL THAT IS REQUIRED. THIS MODIFIER MAY NOT BE USED WHEN OTHER CODE(S) DESCRIBE A SERIES OF TEST RESULTS (E.G., GLUCOSE TOLERANCE TESTS, EVOCATIVE/SUPPRESSION TESTING). THIS MODIFIER MAY ONLY BE USED FOR LABORATORY TEST(S) PERFORMED MORE THAN ONCE ON THE SAME DAY ON THE SAME PATIENT."
56232,34,Q7,14,1,2025-09-17 16:31:13,ONE CLASS A FINDING
56232,34,Q8,14,1,2025-09-17 16:31:13,TWO CLASS B FINDINGS
56232,34,Q9,14,1,2025-09-17 16:31:13,ONE CLASS B AND TWO CLASS C FINDINGS
56346,27,25,16,1,2026-06-12 13:28:59,"SIGNIFICANT, SEPARATELY IDENTIFIABLE EVALUATION AND MANAGEMENT SERVICE BY THE SAME PHYSICIAN ON THE SAME DAY OF THE PROCEDURE OR OTHER SERVICE: THE PHYSICIAN MAY NEED TO INDICATE THAT ON THE DAY A PROCEDURE OR SERVICE IDENTIFIED BY A CPTCODE WAS PERFORMED, THE PATIENT'S CONDITION REQUIRED A SIGNIFICANT, SEPARATELY IDENTIFIABLE E/M SERVICE ABOVE AND BEYOND THE OTHER SERVICE PROVIDED OR BEYOND THE USUAL PREOPERATIVE AND POSTOPERATIVE CARE ASSOCIATED WITH THE PROCEDURE THAT WAS PERFORMED. THE E/M SERVICE MAY BE PROMPTED BY THE SYMPTOM OR CONDITION FOR WHICH THE PROCEDURE AND/OR SERVICE WAS PROVIDED. AS SUCH, DIFFERENT DIAGNOSES ARE NOT REQUIRED FOR REPORTING OF THE E/M SERVICES ON THE SAME DATE. THIS CIRCUMSTANCE MAY BE REPORTED BY ADDING THE MODIFIER -25 TO THE APPROPRIATE LEVEL OF E/M SERVICE, OR THE SEPARATE FIVE DIGIT MODIFIER 09925 MAY BE USED. NOTE: THIS MODIFIER IS NOT USED TO REPORT AN E/M SERVICE THAT RESULTED IN A DECISION TO PERFORM SURGERY. SEE MODIFIER -57."
56384,7,KX,1,1,2019-10-08 18:32:41,REQUIREMENTS SPECIFIED IN THE MEDICAL POLICY HAVE BEEN MET
56394,32,KX,16,1,2026-07-16 17:21:39,REQUIREMENTS SPECIFIED IN THE MEDICAL POLICY HAVE BEEN MET
56419,20,GA,11,1,2023-04-10 13:11:15,"WAIVER OF LIABILITY STATEMENT ISSUED AS REQUIRED BY PAYER POLICY, INDIVIDUAL CASE"
56419,20,GX,11,1,2023-04-10 13:11:15,"NOTICE OF LIABILITY ISSUED, VOLUNTARY UNDER PAYER POLICY"
56419,20,GY,11,1,2023-04-10 13:11:15,"ITEM OR SERVICE STATUTORILY EXCLUDED, DOES NOT MEET THE DEFINITION OF ANY MEDICARE BENEFIT OR, FOR NON-MEDICARE INSURERS, IS NOT A CONTRACT BENEFIT"
56419,20,GZ,11,1,2023-04-10 13:11:15,ITEM OR SERVICE EXPECTED TO BE DENIED AS NOT REASONABLE AND NECESSARY
56456,32,53,15,1,2026-02-20 19:56:10,"DISCONTINUED PROCEDURE: UNDER CERTAIN CIRCUMSTANCES, THE PHYSICIAN MAY ELECT TO TERMINATE A SURGICAL OR DIAGNOSTIC PROCEDURE. DUE TO EXTENUATING CIRCUMSTANCES OR THOSE THAT THREATEN THE WELL BEING OF THE PATIENT, IT MAY BE NECESSARY TO INDICATE THAT A SURGICAL OR DIAGNOSTIC PROCEDURE WAS STARTED BUT DISCONTINUED. THIS CIRCUMSTANCE MAY BE REPORTED BY ADDING THE MODIFIER -53 TO THE CODE REPORTED BY THE PHYSICIAN FOR THE DISCONTINUED PROCEDURE OR BY USE OF THE SEPARATE FIVE DIGIT MODIFIER CODE 09953. NOTE: THIS MODIFIER IS NOT USED TO REPORT THE ELECTIVE CANCELLATION OF A PROCEDURE PRIOR TO THE PATIENT'S ANESTHESIA INDUCTION AND/OR SURGICAL PREPARATION IN THE OPERATING SUITE. FOR OUTPATIENT HOSPITAL/AMBULATORY SURGERY CENTER (ASC) REPORTING OF A PREVIOUSLY SCHEDULED PROCEDURE/SERVICE THAT IS PARTIALLY REDUCED OR CANCELLED AS A RESULT OF EXTENUATING CIRCUMSTANCES OR THOSE THAT THREATEN THE WELL BEING OF THE PATIENT PRIOR TO OR AFTER ADMINISTRATION OF ANESTHESIA, SEE MODIFIERS -73 AND -74 (SEE MODIFIERS APPROVED FOR ASC HOSPITAL OUTPATIENT USE)."
56462,32,EA,15,1,2026-02-27 16:11:05,ERYTHROPOIETIC STIMULATING AGENT (ESA) ADMINISTERED TO TREAT ANEMIA DUE TO ANTI-CANCER CHEMOTHERAPY
56462,32,EB,15,1,2026-02-27 16:11:05,ERYTHROPOIETIC STIMULATING AGENT (ESA) ADMINISTERED TO TREAT ANEMIA DUE TO ANTI-CANCER RADIOTHERAPY
56462,32,EC,15,1,2026-02-27 16:11:05,ERYTHROPOIETIC STIMULATING AGENT (ESA) ADMINISTERED TO TREAT ANEMIA NOT DUE TO ANTI-CANCER RADIOTHERAPY OR ANTI-CANCER CHEMOTHERAPY
56462,32,ED,15,1,2026-02-27 16:11:05,HEMATOCRIT LEVEL HAS EXCEEDED 39% (OR HEMOGLOBIN LEVEL HAS EXCEEDED 13.0 G/DL) FOR 3 OR MORE CONSECUTIVE BILLING CYCLES IMMEDIATELY PRIOR TO AND INCLUDING THE CURRENT CYCLE
56462,32,EE,15,1,2026-02-27 16:11:05,HEMATOCRIT LEVEL HAS NOT EXCEEDED 39% (OR HEMOGLOBIN LEVEL HAS NOT EXCEEDED 13.0 G/DL) FOR 3 OR MORE CONSECUTIVE BILLING CYCLES IMMEDIATELY PRIOR TO AND INCLUDING THE CURRENT CYCLE
56465,16,GX,15,1,2026-03-25 18:17:46,"NOTICE OF LIABILITY ISSUED, VOLUNTARY UNDER PAYER POLICY"
56465,16,GY,15,1,2026-03-25 18:17:46,"ITEM OR SERVICE STATUTORILY EXCLUDED, DOES NOT MEET THE DEFINITION OF ANY MEDICARE BENEFIT OR, FOR NON-MEDICARE INSURERS, IS NOT A CONTRACT BENEFIT"
56497,20,52,6,1,2021-02-09 13:54:19,"REDUCED SERVICES: UNDER CERTAIN CIRCUMSTANCES A SERVICE OR PROCEDURE IS PARTIALLY REDUCED OR ELIMINATED AT THE PHYSICIAN'S DISCRETION. UNDER THESE CIRCUMSTANCES THE SERVICE PROVIDED CAN BE IDENTIFIED BY ITS USUAL PROCEDURE NUMBER AND THE ADDITION OF THE MODIFIER -52, SIGNIFYING THAT THE SERVICE IS REDUCED. THIS PROVIDES A MEANS OF REPORTING REDUCED SERVICES WITHOUT DISTURBING THE IDENTIFICATION OF THE BASIC SERVICE. MODIFIER CODE 09952 MAY BE USED AS AN ALTERNATIVE TO MODIFIER -52. NOTE: FOR HOSPITAL OUTPATIENT REPORTING OF A PREVIOUSLY SCHEDULED PROCEDURE/SERVICE THAT IS PARTIALLY REDUCED OR CANCELLED AS A RESULT OF EXTENUATING CIRCUMSTANCES OR THOSE THAT THREATEN THE WELL-BEING OF THE PATIENT PRIOR TO OR AFTER ADMINISTRATION OF ANESTHESIA, SEE MODIFIERS -73 AND -74 (SEE MODIFIERS APPROVED FOR ASC HOSPITAL OUTPATIENT USE)."
56588,33,50,15,1,2026-07-16 15:49:12.120000,"BILATERAL PROCEDURE: UNLESS OTHERWISE IDENTIFIED IN THE LISTINGS, BILATERAL PROCEDURES THAT ARE PERFORMED AT THE SAME OPERATIVE SESSION SHOULD BE IDENTIFIED BY ADDING THE MODIFIER -50 TO THE APPROPRIATE FIVE DIGIT CODE OR BY USE OF THE SEPARATE FIVE DIGIT MODIFIER CODE 09950"
56588,33,LT,15,1,2026-07-16 15:49:12.120000,LEFT SIDE (USED TO IDENTIFY PROCEDURES PERFORMED ON THE LEFT SIDE OF THE BODY)
56588,33,RT,15,1,2026-07-16 15:49:12.120000,RIGHT SIDE (USED TO IDENTIFY PROCEDURES PERFORMED ON THE RIGHT SIDE OF THE BODY)
56616,11,AT,13,1,2024-12-13 15:16:30,"ACUTE TREATMENT (THIS MODIFIER SHOULD BE USED WHEN REPORTING SERVICE 98940, 98941, 98942)"
56670,61,50,15,1,2026-04-02 15:32:45,"BILATERAL PROCEDURE: UNLESS OTHERWISE IDENTIFIED IN THE LISTINGS, BILATERAL PROCEDURES THAT ARE PERFORMED AT THE SAME OPERATIVE SESSION SHOULD BE IDENTIFIED BY ADDING THE MODIFIER -50 TO THE APPROPRIATE FIVE DIGIT CODE OR BY USE OF THE SEPARATE FIVE DIGIT MODIFIER CODE 09950"
56670,61,KX,15,1,2026-04-02 15:32:45,REQUIREMENTS SPECIFIED IN THE MEDICAL POLICY HAVE BEEN MET
56670,61,LT,15,1,2026-04-02 15:32:45,LEFT SIDE (USED TO IDENTIFY PROCEDURES PERFORMED ON THE LEFT SIDE OF THE BODY)
56670,61,RT,15,1,2026-04-02 15:32:45,RIGHT SIDE (USED TO IDENTIFY PROCEDURES PERFORMED ON THE RIGHT SIDE OF THE BODY)
56680,44,Q7,14,1,2025-10-24 13:18:45,ONE CLASS A FINDING
56680,44,Q8,14,1,2025-10-24 13:18:45,TWO CLASS B FINDINGS
56680,44,Q9,14,1,2025-10-24 13:18:45,ONE CLASS B AND TWO CLASS C FINDINGS
56695,24,JW,14,1,2025-08-25 13:18:53,DRUG AMOUNT DISCARDED/NOT ADMINISTERED TO ANY PATIENT
56695,24,KD,14,1,2025-08-25 13:18:53,DRUG OR BIOLOGICAL INFUSED THROUGH DME
56732,15,59,12,1,2023-12-20 18:54:09,"DISTINCT PROCEDURAL SERVICE: UNDER CERTAIN CIRCUMSTANCES, THE PHYSICIAN MAY NEED TO INDICATE THAT A PROCEDURE OR SERVICE WAS DISTINCT OR INDEPENDENT FROM OTHER SERVICES PERFORMED ON THE SAME DAY. MODIFIER -59 IS USED TO IDENTIFY PROCEDURES/SERVICES THAT ARE NOT NORMALLY REPORTED TOGETHER, BUT ARE APPROPRIATE UNDER THE CIRCUMSTANCES. THIS MAY REPRESENT A DIFFERENT SESSION OR PATIENT ENCOUNTER, DIFFERENT PROCEDURE OR SURGERY, DIFFERNET SITE OR ORGAN SYSTEM, SEPARATE INCISION/EXCISION, SEPARATE LESION, OR SEPARATE INJURY (OR AREA OF INJURY IN EXTENSIVE INJURIES) NOT ORDINARILY ENCOUNTERED OR PERFORMED ON THE SAME DAY BY THE SAME PHYSICIAN. HOWEVER, WHAN ANOTHER ALREADY ESTABLISHED MODIFIER IS APPROPRIATE IT SHOULD BE USED RATHER THAN MODIFIER -59. ONLY IF NO MORE DESCRIPTIVE MODIFIER IS AVAILABLE, AND THE USE OF MODIFIER -59 BEST EXPLAINS THE CIRCUMSTANCES, SHOULD MODIFIER -59 BE USED. MODIFIER CODE 09959 MAY BE USED AS AN ALTERNATE TO MODIFIER -59."
56795,34,EA,14,1,2025-04-23 19:27:45,ERYTHROPOIETIC STIMULATING AGENT (ESA) ADMINISTERED TO TREAT ANEMIA DUE TO ANTI-CANCER CHEMOTHERAPY
56795,34,EB,14,1,2025-04-23 19:27:45,ERYTHROPOIETIC STIMULATING AGENT (ESA) ADMINISTERED TO TREAT ANEMIA DUE TO ANTI-CANCER RADIOTHERAPY
56795,34,EC,14,1,2025-04-23 19:27:45,ERYTHROPOIETIC STIMULATING AGENT (ESA) ADMINISTERED TO TREAT ANEMIA NOT DUE TO ANTI-CANCER RADIOTHERAPY OR ANTI-CANCER CHEMOTHERAPY
56795,34,JA,14,1,2025-04-23 19:27:45,ADMINISTERED INTRAVENOUSLY
56795,34,JB,14,1,2025-04-23 19:27:45,ADMINISTERED SUBCUTANEOUSLY
56795,34,JE,14,1,2025-04-23 19:27:45,ADMINISTERED VIA DIALYSATE
56825,20,59,14,1,2025-08-14 15:48:46,"DISTINCT PROCEDURAL SERVICE: UNDER CERTAIN CIRCUMSTANCES, THE PHYSICIAN MAY NEED TO INDICATE THAT A PROCEDURE OR SERVICE WAS DISTINCT OR INDEPENDENT FROM OTHER SERVICES PERFORMED ON THE SAME DAY. MODIFIER -59 IS USED TO IDENTIFY PROCEDURES/SERVICES THAT ARE NOT NORMALLY REPORTED TOGETHER, BUT ARE APPROPRIATE UNDER THE CIRCUMSTANCES. THIS MAY REPRESENT A DIFFERENT SESSION OR PATIENT ENCOUNTER, DIFFERENT PROCEDURE OR SURGERY, DIFFERNET SITE OR ORGAN SYSTEM, SEPARATE INCISION/EXCISION, SEPARATE LESION, OR SEPARATE INJURY (OR AREA OF INJURY IN EXTENSIVE INJURIES) NOT ORDINARILY ENCOUNTERED OR PERFORMED ON THE SAME DAY BY THE SAME PHYSICIAN. HOWEVER, WHAN ANOTHER ALREADY ESTABLISHED MODIFIER IS APPROPRIATE IT SHOULD BE USED RATHER THAN MODIFIER -59. ONLY IF NO MORE DESCRIPTIVE MODIFIER IS AVAILABLE, AND THE USE OF MODIFIER -59 BEST EXPLAINS THE CIRCUMSTANCES, SHOULD MODIFIER -59 BE USED. MODIFIER CODE 09959 MAY BE USED AS AN ALTERNATE TO MODIFIER -59."
56866,21,50,16,1,2026-06-12 13:29:34,"BILATERAL PROCEDURE: UNLESS OTHERWISE IDENTIFIED IN THE LISTINGS, BILATERAL PROCEDURES THAT ARE PERFORMED AT THE SAME OPERATIVE SESSION SHOULD BE IDENTIFIED BY ADDING THE MODIFIER -50 TO THE APPROPRIATE FIVE DIGIT CODE OR BY USE OF THE SEPARATE FIVE DIGIT MODIFIER CODE 09950"
56866,21,LT,16,1,2026-06-12 13:29:34,LEFT SIDE (USED TO IDENTIFY PROCEDURES PERFORMED ON THE LEFT SIDE OF THE BODY)
56866,21,RT,16,1,2026-06-12 13:29:34,RIGHT SIDE (USED TO IDENTIFY PROCEDURES PERFORMED ON THE RIGHT SIDE OF THE BODY)
56869,12,LT,13,1,2024-12-17 20:18:35,LEFT SIDE (USED TO IDENTIFY PROCEDURES PERFORMED ON THE LEFT SIDE OF THE BODY)
56869,12,RT,13,1,2024-12-17 20:18:35,RIGHT SIDE (USED TO IDENTIFY PROCEDURES PERFORMED ON THE RIGHT SIDE OF THE BODY)
56871,19,GX,13,1,2024-12-16 20:11:02,"NOTICE OF LIABILITY ISSUED, VOLUNTARY UNDER PAYER POLICY"
56871,19,GY,13,1,2024-12-16 20:11:02,"ITEM OR SERVICE STATUTORILY EXCLUDED, DOES NOT MEET THE DEFINITION OF ANY MEDICARE BENEFIT OR, FOR NON-MEDICARE INSURERS, IS NOT A CONTRACT BENEFIT"
56872,10,GX,12,1,2023-07-21 15:01:18,"NOTICE OF LIABILITY ISSUED, VOLUNTARY UNDER PAYER POLICY"
56872,10,GY,12,1,2023-07-21 15:01:18,"ITEM OR SERVICE STATUTORILY EXCLUDED, DOES NOT MEET THE DEFINITION OF ANY MEDICARE BENEFIT OR, FOR NON-MEDICARE INSURERS, IS NOT A CONTRACT BENEFIT"
56903,15,52,14,1,2025-06-18 17:23:38,"REDUCED SERVICES: UNDER CERTAIN CIRCUMSTANCES A SERVICE OR PROCEDURE IS PARTIALLY REDUCED OR ELIMINATED AT THE PHYSICIAN'S DISCRETION. UNDER THESE CIRCUMSTANCES THE SERVICE PROVIDED CAN BE IDENTIFIED BY ITS USUAL PROCEDURE NUMBER AND THE ADDITION OF THE MODIFIER -52, SIGNIFYING THAT THE SERVICE IS REDUCED. THIS PROVIDES A MEANS OF REPORTING REDUCED SERVICES WITHOUT DISTURBING THE IDENTIFICATION OF THE BASIC SERVICE. MODIFIER CODE 09952 MAY BE USED AS AN ALTERNATIVE TO MODIFIER -52. NOTE: FOR HOSPITAL OUTPATIENT REPORTING OF A PREVIOUSLY SCHEDULED PROCEDURE/SERVICE THAT IS PARTIALLY REDUCED OR CANCELLED AS A RESULT OF EXTENUATING CIRCUMSTANCES OR THOSE THAT THREATEN THE WELL-BEING OF THE PATIENT PRIOR TO OR AFTER ADMINISTRATION OF ANESTHESIA, SEE MODIFIERS -73 AND -74 (SEE MODIFIERS APPROVED FOR ASC HOSPITAL OUTPATIENT USE)."
56908,19,50,15,1,2025-12-24 17:44:44,"BILATERAL PROCEDURE: UNLESS OTHERWISE IDENTIFIED IN THE LISTINGS, BILATERAL PROCEDURES THAT ARE PERFORMED AT THE SAME OPERATIVE SESSION SHOULD BE IDENTIFIED BY ADDING THE MODIFIER -50 TO THE APPROPRIATE FIVE DIGIT CODE OR BY USE OF THE SEPARATE FIVE DIGIT MODIFIER CODE 09950"
56908,19,52,15,1,2025-12-24 17:44:44,"REDUCED SERVICES: UNDER CERTAIN CIRCUMSTANCES A SERVICE OR PROCEDURE IS PARTIALLY REDUCED OR ELIMINATED AT THE PHYSICIAN'S DISCRETION. UNDER THESE CIRCUMSTANCES THE SERVICE PROVIDED CAN BE IDENTIFIED BY ITS USUAL PROCEDURE NUMBER AND THE ADDITION OF THE MODIFIER -52, SIGNIFYING THAT THE SERVICE IS REDUCED. THIS PROVIDES A MEANS OF REPORTING REDUCED SERVICES WITHOUT DISTURBING THE IDENTIFICATION OF THE BASIC SERVICE. MODIFIER CODE 09952 MAY BE USED AS AN ALTERNATIVE TO MODIFIER -52. NOTE: FOR HOSPITAL OUTPATIENT REPORTING OF A PREVIOUSLY SCHEDULED PROCEDURE/SERVICE THAT IS PARTIALLY REDUCED OR CANCELLED AS A RESULT OF EXTENUATING CIRCUMSTANCES OR THOSE THAT THREATEN THE WELL-BEING OF THE PATIENT PRIOR TO OR AFTER ADMINISTRATION OF ANESTHESIA, SEE MODIFIERS -73 AND -74 (SEE MODIFIERS APPROVED FOR ASC HOSPITAL OUTPATIENT USE)."
56908,19,GY,15,1,2025-12-24 17:44:44,"ITEM OR SERVICE STATUTORILY EXCLUDED, DOES NOT MEET THE DEFINITION OF ANY MEDICARE BENEFIT OR, FOR NON-MEDICARE INSURERS, IS NOT A CONTRACT BENEFIT"
56908,19,LT,15,1,2025-12-24 17:44:44,LEFT SIDE (USED TO IDENTIFY PROCEDURES PERFORMED ON THE LEFT SIDE OF THE BODY)
56908,19,RT,15,1,2025-12-24 17:44:44,RIGHT SIDE (USED TO IDENTIFY PROCEDURES PERFORMED ON THE RIGHT SIDE OF THE BODY)
56914,19,50,15,1,2026-01-22 19:51:09,"BILATERAL PROCEDURE: UNLESS OTHERWISE IDENTIFIED IN THE LISTINGS, BILATERAL PROCEDURES THAT ARE PERFORMED AT THE SAME OPERATIVE SESSION SHOULD BE IDENTIFIED BY ADDING THE MODIFIER -50 TO THE APPROPRIATE FIVE DIGIT CODE OR BY USE OF THE SEPARATE FIVE DIGIT MODIFIER CODE 09950"
56914,19,79,15,1,2026-01-22 19:51:09,"UNRELATED PROCEDURE OR SERVICE BY THE SAME PHYSICIAN DURING THE POSTOPERATIVE PERIOD: THE PHYSICIAN MAY NEED TO INDICATE THAT THE PERFORMANCE OF A PROCEDURE OR SERVICE DURING THE POSTOPERATIVE PERIOD WAS UNRELATED TO THE ORIGINAL PROCEDURE. THIS CIRCUMSTANCE MAY BE REPORTED BY USING THE MODIFIER -79 OR BY USING THE SEPARATE FIVE DIGIT MODIFIER 09979. (FOR REPEAT PROCEDURES ON THE SAME DAY, SEE -76)."
56914,19,LT,15,1,2026-01-22 19:51:09,LEFT SIDE (USED TO IDENTIFY PROCEDURES PERFORMED ON THE LEFT SIDE OF THE BODY)
56914,19,RT,15,1,2026-01-22 19:51:09,RIGHT SIDE (USED TO IDENTIFY PROCEDURES PERFORMED ON THE RIGHT SIDE OF THE BODY)
56929,15,KX,12,2,2023-09-14 20:07:55,REQUIREMENTS SPECIFIED IN THE MEDICAL POLICY HAVE BEEN MET
56933,9,GX,9,1,2022-10-10 12:44:24,"NOTICE OF LIABILITY ISSUED, VOLUNTARY UNDER PAYER POLICY"
56933,9,GY,9,1,2022-10-10 12:44:24,"ITEM OR SERVICE STATUTORILY EXCLUDED, DOES NOT MEET THE DEFINITION OF ANY MEDICARE BENEFIT OR, FOR NON-MEDICARE INSURERS, IS NOT A CONTRACT BENEFIT"
56940,11,GX,13,1,2025-02-06 19:27:32,"NOTICE OF LIABILITY ISSUED, VOLUNTARY UNDER PAYER POLICY"
56940,11,GY,13,1,2025-02-06 19:27:32,"ITEM OR SERVICE STATUTORILY EXCLUDED, DOES NOT MEET THE DEFINITION OF ANY MEDICARE BENEFIT OR, FOR NON-MEDICARE INSURERS, IS NOT A CONTRACT BENEFIT"
57092,25,52,14,1,2026-07-14 22:43:00.103000,"REDUCED SERVICES: UNDER CERTAIN CIRCUMSTANCES A SERVICE OR PROCEDURE IS PARTIALLY REDUCED OR ELIMINATED AT THE PHYSICIAN'S DISCRETION. UNDER THESE CIRCUMSTANCES THE SERVICE PROVIDED CAN BE IDENTIFIED BY ITS USUAL PROCEDURE NUMBER AND THE ADDITION OF THE MODIFIER -52, SIGNIFYING THAT THE SERVICE IS REDUCED. THIS PROVIDES A MEANS OF REPORTING REDUCED SERVICES WITHOUT DISTURBING THE IDENTIFICATION OF THE BASIC SERVICE. MODIFIER CODE 09952 MAY BE USED AS AN ALTERNATIVE TO MODIFIER -52. NOTE: FOR HOSPITAL OUTPATIENT REPORTING OF A PREVIOUSLY SCHEDULED PROCEDURE/SERVICE THAT IS PARTIALLY REDUCED OR CANCELLED AS A RESULT OF EXTENUATING CIRCUMSTANCES OR THOSE THAT THREATEN THE WELL-BEING OF THE PATIENT PRIOR TO OR AFTER ADMINISTRATION OF ANESTHESIA, SEE MODIFIERS -73 AND -74 (SEE MODIFIERS APPROVED FOR ASC HOSPITAL OUTPATIENT USE)."
57100,51,77,16,1,2026-07-24 12:21:39,REPEAT PROCEDURE BY ANOTHER PHYSICIAN: THE PHYSICIAN MAY NEED TO INDICATE THAT A BASIC PROCEDURE OR SERVICE PERFORMED BY ANOTHER PHYSICIAN HAD TO BE REPEATED. THIS SITUATION MAY BE REPORTED BY ADDING MODIFIER -77 TO THE REPEATED PROCEDURE/SERVICE OR THE SEPARATE FIVE DIGIT MODIFIER CODE 09977 MAY BE USED.
57114,21,KX,16,1,2026-07-17 17:54:54,REQUIREMENTS SPECIFIED IN THE MEDICAL POLICY HAVE BEEN MET
57125,22,50,12,1,2024-10-18 13:43:39,"BILATERAL PROCEDURE: UNLESS OTHERWISE IDENTIFIED IN THE LISTINGS, BILATERAL PROCEDURES THAT ARE PERFORMED AT THE SAME OPERATIVE SESSION SHOULD BE IDENTIFIED BY ADDING THE MODIFIER -50 TO THE APPROPRIATE FIVE DIGIT CODE OR BY USE OF THE SEPARATE FIVE DIGIT MODIFIER CODE 09950"
57141,47,77,16,1,2026-07-24 13:55:30,REPEAT PROCEDURE BY ANOTHER PHYSICIAN: THE PHYSICIAN MAY NEED TO INDICATE THAT A BASIC PROCEDURE OR SERVICE PERFORMED BY ANOTHER PHYSICIAN HAD TO BE REPEATED. THIS SITUATION MAY BE REPORTED BY ADDING MODIFIER -77 TO THE REPEATED PROCEDURE/SERVICE OR THE SEPARATE FIVE DIGIT MODIFIER CODE 09977 MAY BE USED.
57237,11,GX,12,1,2025-10-06 18:48:48.717000,"NOTICE OF LIABILITY ISSUED, VOLUNTARY UNDER PAYER POLICY"
57237,11,GY,12,1,2025-10-06 18:48:48.717000,"ITEM OR SERVICE STATUTORILY EXCLUDED, DOES NOT MEET THE DEFINITION OF ANY MEDICARE BENEFIT OR, FOR NON-MEDICARE INSURERS, IS NOT A CONTRACT BENEFIT"
57331,61,77,16,1,2026-07-24 12:49:10,REPEAT PROCEDURE BY ANOTHER PHYSICIAN: THE PHYSICIAN MAY NEED TO INDICATE THAT A BASIC PROCEDURE OR SERVICE PERFORMED BY ANOTHER PHYSICIAN HAD TO BE REPEATED. THIS SITUATION MAY BE REPORTED BY ADDING MODIFIER -77 TO THE REPEATED PROCEDURE/SERVICE OR THE SEPARATE FIVE DIGIT MODIFIER CODE 09977 MAY BE USED.
57356,14,KX,12,2,2025-10-14 13:00:34.387000,REQUIREMENTS SPECIFIED IN THE MEDICAL POLICY HAVE BEEN MET
57477,15,59,16,1,2026-07-24 12:24:42,"DISTINCT PROCEDURAL SERVICE: UNDER CERTAIN CIRCUMSTANCES, THE PHYSICIAN MAY NEED TO INDICATE THAT A PROCEDURE OR SERVICE WAS DISTINCT OR INDEPENDENT FROM OTHER SERVICES PERFORMED ON THE SAME DAY. MODIFIER -59 IS USED TO IDENTIFY PROCEDURES/SERVICES THAT ARE NOT NORMALLY REPORTED TOGETHER, BUT ARE APPROPRIATE UNDER THE CIRCUMSTANCES. THIS MAY REPRESENT A DIFFERENT SESSION OR PATIENT ENCOUNTER, DIFFERENT PROCEDURE OR SURGERY, DIFFERNET SITE OR ORGAN SYSTEM, SEPARATE INCISION/EXCISION, SEPARATE LESION, OR SEPARATE INJURY (OR AREA OF INJURY IN EXTENSIVE INJURIES) NOT ORDINARILY ENCOUNTERED OR PERFORMED ON THE SAME DAY BY THE SAME PHYSICIAN. HOWEVER, WHAN ANOTHER ALREADY ESTABLISHED MODIFIER IS APPROPRIATE IT SHOULD BE USED RATHER THAN MODIFIER -59. ONLY IF NO MORE DESCRIPTIVE MODIFIER IS AVAILABLE, AND THE USE OF MODIFIER -59 BEST EXPLAINS THE CIRCUMSTANCES, SHOULD MODIFIER -59 BE USED. MODIFIER CODE 09959 MAY BE USED AS AN ALTERNATE TO MODIFIER -59."
57478,40,25,14,1,2025-09-16 18:52:15,"SIGNIFICANT, SEPARATELY IDENTIFIABLE EVALUATION AND MANAGEMENT SERVICE BY THE SAME PHYSICIAN ON THE SAME DAY OF THE PROCEDURE OR OTHER SERVICE: THE PHYSICIAN MAY NEED TO INDICATE THAT ON THE DAY A PROCEDURE OR SERVICE IDENTIFIED BY A CPTCODE WAS PERFORMED, THE PATIENT'S CONDITION REQUIRED A SIGNIFICANT, SEPARATELY IDENTIFIABLE E/M SERVICE ABOVE AND BEYOND THE OTHER SERVICE PROVIDED OR BEYOND THE USUAL PREOPERATIVE AND POSTOPERATIVE CARE ASSOCIATED WITH THE PROCEDURE THAT WAS PERFORMED. THE E/M SERVICE MAY BE PROMPTED BY THE SYMPTOM OR CONDITION FOR WHICH THE PROCEDURE AND/OR SERVICE WAS PROVIDED. AS SUCH, DIFFERENT DIAGNOSES ARE NOT REQUIRED FOR REPORTING OF THE E/M SERVICES ON THE SAME DATE. THIS CIRCUMSTANCE MAY BE REPORTED BY ADDING THE MODIFIER -25 TO THE APPROPRIATE LEVEL OF E/M SERVICE, OR THE SEPARATE FIVE DIGIT MODIFIER 09925 MAY BE USED. NOTE: THIS MODIFIER IS NOT USED TO REPORT AN E/M SERVICE THAT RESULTED IN A DECISION TO PERFORM SURGERY. SEE MODIFIER -57."
57482,25,25,16,1,2026-07-24 12:37:26,"SIGNIFICANT, SEPARATELY IDENTIFIABLE EVALUATION AND MANAGEMENT SERVICE BY THE SAME PHYSICIAN ON THE SAME DAY OF THE PROCEDURE OR OTHER SERVICE: THE PHYSICIAN MAY NEED TO INDICATE THAT ON THE DAY A PROCEDURE OR SERVICE IDENTIFIED BY A CPTCODE WAS PERFORMED, THE PATIENT'S CONDITION REQUIRED A SIGNIFICANT, SEPARATELY IDENTIFIABLE E/M SERVICE ABOVE AND BEYOND THE OTHER SERVICE PROVIDED OR BEYOND THE USUAL PREOPERATIVE AND POSTOPERATIVE CARE ASSOCIATED WITH THE PROCEDURE THAT WAS PERFORMED. THE E/M SERVICE MAY BE PROMPTED BY THE SYMPTOM OR CONDITION FOR WHICH THE PROCEDURE AND/OR SERVICE WAS PROVIDED. AS SUCH, DIFFERENT DIAGNOSES ARE NOT REQUIRED FOR REPORTING OF THE E/M SERVICES ON THE SAME DATE. THIS CIRCUMSTANCE MAY BE REPORTED BY ADDING THE MODIFIER -25 TO THE APPROPRIATE LEVEL OF E/M SERVICE, OR THE SEPARATE FIVE DIGIT MODIFIER 09925 MAY BE USED. NOTE: THIS MODIFIER IS NOT USED TO REPORT AN E/M SERVICE THAT RESULTED IN A DECISION TO PERFORM SURGERY. SEE MODIFIER -57."
57482,25,57,16,1,2026-07-24 12:37:26,"DECISION FOR SURGERY: AN EVALUATION AND MANAGEMENT SERVICE THAT RESULTED IN THE INITIAL DECISION TO PERFORM THE SURGERY, MAY BE IDENTIFIED BY ADDING THE MODIFIER -57 TO THE APPROPRIATE LEVEL OF E/M SERVICE, OR THE SEPARATE FIVE DIGIT MODIFIER 09957 MAY BE USED."
57482,25,GY,16,1,2026-07-24 12:37:26,"ITEM OR SERVICE STATUTORILY EXCLUDED, DOES NOT MEET THE DEFINITION OF ANY MEDICARE BENEFIT OR, FOR NON-MEDICARE INSURERS, IS NOT A CONTRACT BENEFIT"
57483,28,26,14,1,2025-09-18 17:17:08,"PROFESSIONAL COMPONENT: CERTAIN PROCEDURES ARE A COMBINATION OF A PHYSICIAN COMPONENT AND A TECHNICAL COMPONENT. WHEN THE PHYSICIAN COMPONENT IS REPORTED SEPARATELY, THE SERVICE MAY BE IDENTIFIED BY ADDING THE MODIFIER -26 TO THE USUAL PROCEDURE NUMBER OR THE SERVICE MAY BE REPORTED BY USE OF THE FIVE DIGIT MODIFIER CODE 09926."
57483,28,TC,14,1,2025-09-18 17:17:08,"TECHNICAL COMPONENT; UNDER CERTAIN CIRCUMSTANCES, A CHARGE MAY BE MADE FOR THE TECHNICAL COMPONENT ALONE; UNDER THOSE CIRCUMSTANCES THE TECHNICAL COMPONENT CHARGE IS IDENTIFIED BY ADDING MODIFIER 'TC' TO THE USUAL PROCEDURE NUMBER; TECHNICAL COMPONENT CHARGES ARE INSTITUTIONAL CHARGES AND NOT BILLED SEPARATELY BY PHYSICIANS; HOWEVER, PORTABLE X-RAY SUPPLIERS ONLY BILL FOR TECHNICAL COMPONENT AND SHOULD UTILIZE MODIFIER TC; THE CHARGE DATA FROM PORTABLE X-RAY SUPPLIERS WILL THEN BE USED TO BUILD CUSTOMARY AND PREVAILING PROFILES"
57503,17,59,7,1,2022-03-24 15:26:39,"DISTINCT PROCEDURAL SERVICE: UNDER CERTAIN CIRCUMSTANCES, THE PHYSICIAN MAY NEED TO INDICATE THAT A PROCEDURE OR SERVICE WAS DISTINCT OR INDEPENDENT FROM OTHER SERVICES PERFORMED ON THE SAME DAY. MODIFIER -59 IS USED TO IDENTIFY PROCEDURES/SERVICES THAT ARE NOT NORMALLY REPORTED TOGETHER, BUT ARE APPROPRIATE UNDER THE CIRCUMSTANCES. THIS MAY REPRESENT A DIFFERENT SESSION OR PATIENT ENCOUNTER, DIFFERENT PROCEDURE OR SURGERY, DIFFERNET SITE OR ORGAN SYSTEM, SEPARATE INCISION/EXCISION, SEPARATE LESION, OR SEPARATE INJURY (OR AREA OF INJURY IN EXTENSIVE INJURIES) NOT ORDINARILY ENCOUNTERED OR PERFORMED ON THE SAME DAY BY THE SAME PHYSICIAN. HOWEVER, WHAN ANOTHER ALREADY ESTABLISHED MODIFIER IS APPROPRIATE IT SHOULD BE USED RATHER THAN MODIFIER -59. ONLY IF NO MORE DESCRIPTIVE MODIFIER IS AVAILABLE, AND THE USE OF MODIFIER -59 BEST EXPLAINS THE CIRCUMSTANCES, SHOULD MODIFIER -59 BE USED. MODIFIER CODE 09959 MAY BE USED AS AN ALTERNATE TO MODIFIER -59."
57516,12,GX,14,1,2026-01-26 13:24:20.023000,"NOTICE OF LIABILITY ISSUED, VOLUNTARY UNDER PAYER POLICY"
57516,12,GY,14,1,2026-01-26 13:24:20.023000,"ITEM OR SERVICE STATUTORILY EXCLUDED, DOES NOT MEET THE DEFINITION OF ANY MEDICARE BENEFIT OR, FOR NON-MEDICARE INSURERS, IS NOT A CONTRACT BENEFIT"
57558,11,KX,11,2,2023-03-22 14:33:54,REQUIREMENTS SPECIFIED IN THE MEDICAL POLICY HAVE BEEN MET
57588,11,GX,14,1,2025-10-22 17:47:44,"NOTICE OF LIABILITY ISSUED, VOLUNTARY UNDER PAYER POLICY"
57588,11,GY,14,1,2025-10-22 17:47:44,"ITEM OR SERVICE STATUTORILY EXCLUDED, DOES NOT MEET THE DEFINITION OF ANY MEDICARE BENEFIT OR, FOR NON-MEDICARE INSURERS, IS NOT A CONTRACT BENEFIT"
57630,11,59,12,1,2024-07-24 17:29:22,"DISTINCT PROCEDURAL SERVICE: UNDER CERTAIN CIRCUMSTANCES, THE PHYSICIAN MAY NEED TO INDICATE THAT A PROCEDURE OR SERVICE WAS DISTINCT OR INDEPENDENT FROM OTHER SERVICES PERFORMED ON THE SAME DAY. MODIFIER -59 IS USED TO IDENTIFY PROCEDURES/SERVICES THAT ARE NOT NORMALLY REPORTED TOGETHER, BUT ARE APPROPRIATE UNDER THE CIRCUMSTANCES. THIS MAY REPRESENT A DIFFERENT SESSION OR PATIENT ENCOUNTER, DIFFERENT PROCEDURE OR SURGERY, DIFFERNET SITE OR ORGAN SYSTEM, SEPARATE INCISION/EXCISION, SEPARATE LESION, OR SEPARATE INJURY (OR AREA OF INJURY IN EXTENSIVE INJURIES) NOT ORDINARILY ENCOUNTERED OR PERFORMED ON THE SAME DAY BY THE SAME PHYSICIAN. HOWEVER, WHAN ANOTHER ALREADY ESTABLISHED MODIFIER IS APPROPRIATE IT SHOULD BE USED RATHER THAN MODIFIER -59. ONLY IF NO MORE DESCRIPTIVE MODIFIER IS AVAILABLE, AND THE USE OF MODIFIER -59 BEST EXPLAINS THE CIRCUMSTANCES, SHOULD MODIFIER -59 BE USED. MODIFIER CODE 09959 MAY BE USED AS AN ALTERNATE TO MODIFIER -59."
57630,11,XS,12,1,2024-07-24 17:29:22,"SEPARATE STRUCTURE, A SERVICE THAT IS DISTINCT BECAUSE IT WAS PERFORMED ON A SEPARATE ORGAN/STRUCTURE"
57666,36,F1,15,1,2026-01-23 14:12:38,"LEFT HAND, SECOND DIGIT"
57666,36,F2,15,1,2026-01-23 14:12:38,"LEFT HAND, THIRD DIGIT"
57666,36,F3,15,1,2026-01-23 14:12:38,"LEFT HAND, FOURTH DIGIT"
57666,36,F4,15,1,2026-01-23 14:12:38,"LEFT HAND, FIFTH DIGIT"
57666,36,F5,15,1,2026-01-23 14:12:38,"RIGHT HAND, THUMB"
57666,36,F6,15,1,2026-01-23 14:12:38,"RIGHT HAND, SECOND DIGIT"
57666,36,F7,15,1,2026-01-23 14:12:38,"RIGHT HAND, THIRD DIGIT"
57666,36,F8,15,1,2026-01-23 14:12:38,"RIGHT HAND, FOURTH DIGIT"
57666,36,F9,15,1,2026-01-23 14:12:38,"RIGHT HAND, FIFTH DIGIT"
57666,36,FA,15,1,2026-01-23 14:12:38,"LEFT HAND, THUMB"
57666,36,T1,15,1,2026-01-23 14:12:38,"LEFT FOOT, SECOND DIGIT"
57666,36,T2,15,1,2026-01-23 14:12:38,"LEFT FOOT, THIRD DIGIT"
57666,36,T3,15,1,2026-01-23 14:12:38,"LEFT FOOT, FOURTH DIGIT"
57666,36,T4,15,1,2026-01-23 14:12:38,"LEFT FOOT, FIFTH DIGIT"
57666,36,T5,15,1,2026-01-23 14:12:38,"RIGHT FOOT, GREAT TOE"
57666,36,T6,15,1,2026-01-23 14:12:38,"RIGHT FOOT, SECOND DIGIT"
57666,36,T7,15,1,2026-01-23 14:12:38,"RIGHT FOOT, THIRD DIGIT"
57666,36,T8,15,1,2026-01-23 14:12:38,"RIGHT FOOT, FOURTH DIGIT"
57666,36,T9,15,1,2026-01-23 14:12:38,"RIGHT FOOT, FIFTH DIGIT"
57666,36,TA,15,1,2026-01-23 14:12:38,"LEFT FOOT, GREAT TOE"
57715,55,JW,14,1,2025-12-05 14:36:30,DRUG AMOUNT DISCARDED/NOT ADMINISTERED TO ANY PATIENT
57715,55,JZ,14,1,2025-12-05 14:36:30,ZERO DRUG AMOUNT DISCARDED/NOT ADMINISTERED TO ANY PATIENT
57751,28,KX,16,1,2026-07-17 17:54:02,REQUIREMENTS SPECIFIED IN THE MEDICAL POLICY HAVE BEEN MET
57759,36,Q7,14,1,2026-07-14 22:43:03.193000,ONE CLASS A FINDING
57759,36,Q8,14,1,2026-07-14 22:43:03.193000,TWO CLASS B FINDINGS
57759,36,Q9,14,1,2026-07-14 22:43:03.193000,ONE CLASS B AND TWO CLASS C FINDINGS
57765,26,50,16,1,2026-06-18 14:20:03,"BILATERAL PROCEDURE: UNLESS OTHERWISE IDENTIFIED IN THE LISTINGS, BILATERAL PROCEDURES THAT ARE PERFORMED AT THE SAME OPERATIVE SESSION SHOULD BE IDENTIFIED BY ADDING THE MODIFIER -50 TO THE APPROPRIATE FIVE DIGIT CODE OR BY USE OF THE SEPARATE FIVE DIGIT MODIFIER CODE 09950"
57765,26,62,16,1,2026-06-18 14:20:03,"TWO SURGEONS:WHEN TWO SURGEONS WORK TOGETHER AS PRIMARY SURGEONS PERFORMING DISTINCT PART(S) OF A SINGLE REPORTABLE PROCEDURE, EACH SURGEON SHOULD REPORT HIS/HER DISTINCT OPERATIVE WORK BY ADDING THE MODIFIER -62 TO THE SINGLE DEFINITIVE PROCEDURE CODE. EACH SURGEON SHOULD REPORT THE CO-SURGERY ONCE USING THE SAME PROCEDURE CODE. IF ADDITIONAL PROCEDURE(S) (INCLUDING ADD-ON PROCEDURE(S)) ARE PERFORMED DURING THE SAME SURGICAL SESSION, SEPARATE CODE(S) MAY BE REPORTED WITHOUT THE MODIFIER -62 ADDED. MODIFIER CODE 09962 MAY BE USED AS AN ALTERNATIVE TO MODIFIER -62. NOTE: IF A CO-SURGEON ACTS AS AN ASSISTANT IN THE PERFORMANCE OF ADDITIONAL PROCEDURE(S) DURING THE SAME SURGICAL SESSION, THOSE SERVICES MAY BE REPORTED USING SEPARATE PROCEDURE CODE(S) WITH THE MODIFIER -80 OR MODIFIER -81 ADDED, AS APPROPRIATE."
57765,26,LT,16,1,2026-06-18 14:20:03,LEFT SIDE (USED TO IDENTIFY PROCEDURES PERFORMED ON THE LEFT SIDE OF THE BODY)
57765,26,RT,16,1,2026-06-18 14:20:03,RIGHT SIDE (USED TO IDENTIFY PROCEDURES PERFORMED ON THE RIGHT SIDE OF THE BODY)
57767,12,59,12,1,2024-03-01 14:34:11,"DISTINCT PROCEDURAL SERVICE: UNDER CERTAIN CIRCUMSTANCES, THE PHYSICIAN MAY NEED TO INDICATE THAT A PROCEDURE OR SERVICE WAS DISTINCT OR INDEPENDENT FROM OTHER SERVICES PERFORMED ON THE SAME DAY. MODIFIER -59 IS USED TO IDENTIFY PROCEDURES/SERVICES THAT ARE NOT NORMALLY REPORTED TOGETHER, BUT ARE APPROPRIATE UNDER THE CIRCUMSTANCES. THIS MAY REPRESENT A DIFFERENT SESSION OR PATIENT ENCOUNTER, DIFFERENT PROCEDURE OR SURGERY, DIFFERNET SITE OR ORGAN SYSTEM, SEPARATE INCISION/EXCISION, SEPARATE LESION, OR SEPARATE INJURY (OR AREA OF INJURY IN EXTENSIVE INJURIES) NOT ORDINARILY ENCOUNTERED OR PERFORMED ON THE SAME DAY BY THE SAME PHYSICIAN. HOWEVER, WHAN ANOTHER ALREADY ESTABLISHED MODIFIER IS APPROPRIATE IT SHOULD BE USED RATHER THAN MODIFIER -59. ONLY IF NO MORE DESCRIPTIVE MODIFIER IS AVAILABLE, AND THE USE OF MODIFIER -59 BEST EXPLAINS THE CIRCUMSTANCES, SHOULD MODIFIER -59 BE USED. MODIFIER CODE 09959 MAY BE USED AS AN ALTERNATE TO MODIFIER -59."
57767,12,XE,12,1,2024-03-01 14:34:11,"SEPARATE ENCOUNTER, A SERVICE THAT IS DISTINCT BECAUSE IT OCCURRED DURING A SEPARATE ENCOUNTER"
57767,12,XP,12,1,2024-03-01 14:34:11,"SEPARATE PRACTITIONER, A SERVICE THAT IS DISTINCT BECAUSE IT WAS PERFORMED BY A DIFFERENT PRACTITIONER"
57767,12,XS,12,1,2024-03-01 14:34:11,"SEPARATE STRUCTURE, A SERVICE THAT IS DISTINCT BECAUSE IT WAS PERFORMED ON A SEPARATE ORGAN/STRUCTURE"
57767,12,XU,12,1,2024-03-01 14:34:11,"UNUSUAL NON-OVERLAPPING SERVICE, THE USE OF A SERVICE THAT IS DISTINCT BECAUSE IT DOES NOT OVERLAP USUAL COMPONENTS OF THE MAIN SERVICE"
57787,47,50,15,1,2026-04-02 15:33:59,"BILATERAL PROCEDURE: UNLESS OTHERWISE IDENTIFIED IN THE LISTINGS, BILATERAL PROCEDURES THAT ARE PERFORMED AT THE SAME OPERATIVE SESSION SHOULD BE IDENTIFIED BY ADDING THE MODIFIER -50 TO THE APPROPRIATE FIVE DIGIT CODE OR BY USE OF THE SEPARATE FIVE DIGIT MODIFIER CODE 09950"
57787,47,KX,15,1,2026-04-02 15:33:59,REQUIREMENTS SPECIFIED IN THE MEDICAL POLICY HAVE BEEN MET
57787,47,LT,15,1,2026-04-02 15:33:59,LEFT SIDE (USED TO IDENTIFY PROCEDURES PERFORMED ON THE LEFT SIDE OF THE BODY)
57787,47,RT,15,1,2026-04-02 15:33:59,RIGHT SIDE (USED TO IDENTIFY PROCEDURES PERFORMED ON THE RIGHT SIDE OF THE BODY)
57826,37,50,15,1,2026-07-14 22:42:59.633000,"BILATERAL PROCEDURE: UNLESS OTHERWISE IDENTIFIED IN THE LISTINGS, BILATERAL PROCEDURES THAT ARE PERFORMED AT THE SAME OPERATIVE SESSION SHOULD BE IDENTIFIED BY ADDING THE MODIFIER -50 TO THE APPROPRIATE FIVE DIGIT CODE OR BY USE OF THE SEPARATE FIVE DIGIT MODIFIER CODE 09950"
57826,37,KX,15,1,2026-07-14 22:42:59.633000,REQUIREMENTS SPECIFIED IN THE MEDICAL POLICY HAVE BEEN MET
57826,37,LT,15,1,2026-07-14 22:42:59.633000,LEFT SIDE (USED TO IDENTIFY PROCEDURES PERFORMED ON THE LEFT SIDE OF THE BODY)
57826,37,RT,15,1,2026-07-14 22:42:59.633000,RIGHT SIDE (USED TO IDENTIFY PROCEDURES PERFORMED ON THE RIGHT SIDE OF THE BODY)
57848,19,50,14,1,2025-09-23 11:39:33.710000,"BILATERAL PROCEDURE: UNLESS OTHERWISE IDENTIFIED IN THE LISTINGS, BILATERAL PROCEDURES THAT ARE PERFORMED AT THE SAME OPERATIVE SESSION SHOULD BE IDENTIFIED BY ADDING THE MODIFIER -50 TO THE APPROPRIATE FIVE DIGIT CODE OR BY USE OF THE SEPARATE FIVE DIGIT MODIFIER CODE 09950"
57848,19,59,14,1,2025-09-23 11:39:33.710000,"DISTINCT PROCEDURAL SERVICE: UNDER CERTAIN CIRCUMSTANCES, THE PHYSICIAN MAY NEED TO INDICATE THAT A PROCEDURE OR SERVICE WAS DISTINCT OR INDEPENDENT FROM OTHER SERVICES PERFORMED ON THE SAME DAY. MODIFIER -59 IS USED TO IDENTIFY PROCEDURES/SERVICES THAT ARE NOT NORMALLY REPORTED TOGETHER, BUT ARE APPROPRIATE UNDER THE CIRCUMSTANCES. THIS MAY REPRESENT A DIFFERENT SESSION OR PATIENT ENCOUNTER, DIFFERENT PROCEDURE OR SURGERY, DIFFERNET SITE OR ORGAN SYSTEM, SEPARATE INCISION/EXCISION, SEPARATE LESION, OR SEPARATE INJURY (OR AREA OF INJURY IN EXTENSIVE INJURIES) NOT ORDINARILY ENCOUNTERED OR PERFORMED ON THE SAME DAY BY THE SAME PHYSICIAN. HOWEVER, WHAN ANOTHER ALREADY ESTABLISHED MODIFIER IS APPROPRIATE IT SHOULD BE USED RATHER THAN MODIFIER -59. ONLY IF NO MORE DESCRIPTIVE MODIFIER IS AVAILABLE, AND THE USE OF MODIFIER -59 BEST EXPLAINS THE CIRCUMSTANCES, SHOULD MODIFIER -59 BE USED. MODIFIER CODE 09959 MAY BE USED AS AN ALTERNATE TO MODIFIER -59."
57863,41,50,15,1,2026-06-04 16:49:39,"BILATERAL PROCEDURE: UNLESS OTHERWISE IDENTIFIED IN THE LISTINGS, BILATERAL PROCEDURES THAT ARE PERFORMED AT THE SAME OPERATIVE SESSION SHOULD BE IDENTIFIED BY ADDING THE MODIFIER -50 TO THE APPROPRIATE FIVE DIGIT CODE OR BY USE OF THE SEPARATE FIVE DIGIT MODIFIER CODE 09950"
57863,41,LT,15,1,2026-06-04 16:49:39,LEFT SIDE (USED TO IDENTIFY PROCEDURES PERFORMED ON THE LEFT SIDE OF THE BODY)
57863,41,RT,15,1,2026-06-04 16:49:39,RIGHT SIDE (USED TO IDENTIFY PROCEDURES PERFORMED ON THE RIGHT SIDE OF THE BODY)
57880,13,59,14,1,2025-12-11 13:59:03,"DISTINCT PROCEDURAL SERVICE: UNDER CERTAIN CIRCUMSTANCES, THE PHYSICIAN MAY NEED TO INDICATE THAT A PROCEDURE OR SERVICE WAS DISTINCT OR INDEPENDENT FROM OTHER SERVICES PERFORMED ON THE SAME DAY. MODIFIER -59 IS USED TO IDENTIFY PROCEDURES/SERVICES THAT ARE NOT NORMALLY REPORTED TOGETHER, BUT ARE APPROPRIATE UNDER THE CIRCUMSTANCES. THIS MAY REPRESENT A DIFFERENT SESSION OR PATIENT ENCOUNTER, DIFFERENT PROCEDURE OR SURGERY, DIFFERNET SITE OR ORGAN SYSTEM, SEPARATE INCISION/EXCISION, SEPARATE LESION, OR SEPARATE INJURY (OR AREA OF INJURY IN EXTENSIVE INJURIES) NOT ORDINARILY ENCOUNTERED OR PERFORMED ON THE SAME DAY BY THE SAME PHYSICIAN. HOWEVER, WHAN ANOTHER ALREADY ESTABLISHED MODIFIER IS APPROPRIATE IT SHOULD BE USED RATHER THAN MODIFIER -59. ONLY IF NO MORE DESCRIPTIVE MODIFIER IS AVAILABLE, AND THE USE OF MODIFIER -59 BEST EXPLAINS THE CIRCUMSTANCES, SHOULD MODIFIER -59 BE USED. MODIFIER CODE 09959 MAY BE USED AS AN ALTERNATE TO MODIFIER -59."
57944,25,52,15,1,2026-05-01 12:37:40,"REDUCED SERVICES: UNDER CERTAIN CIRCUMSTANCES A SERVICE OR PROCEDURE IS PARTIALLY REDUCED OR ELIMINATED AT THE PHYSICIAN'S DISCRETION. UNDER THESE CIRCUMSTANCES THE SERVICE PROVIDED CAN BE IDENTIFIED BY ITS USUAL PROCEDURE NUMBER AND THE ADDITION OF THE MODIFIER -52, SIGNIFYING THAT THE SERVICE IS REDUCED. THIS PROVIDES A MEANS OF REPORTING REDUCED SERVICES WITHOUT DISTURBING THE IDENTIFICATION OF THE BASIC SERVICE. MODIFIER CODE 09952 MAY BE USED AS AN ALTERNATIVE TO MODIFIER -52. NOTE: FOR HOSPITAL OUTPATIENT REPORTING OF A PREVIOUSLY SCHEDULED PROCEDURE/SERVICE THAT IS PARTIALLY REDUCED OR CANCELLED AS A RESULT OF EXTENUATING CIRCUMSTANCES OR THOSE THAT THREATEN THE WELL-BEING OF THE PATIENT PRIOR TO OR AFTER ADMINISTRATION OF ANESTHESIA, SEE MODIFIERS -73 AND -74 (SEE MODIFIERS APPROVED FOR ASC HOSPITAL OUTPATIENT USE)."
57948,38,52,15,1,2026-06-09 19:34:53,"REDUCED SERVICES: UNDER CERTAIN CIRCUMSTANCES A SERVICE OR PROCEDURE IS PARTIALLY REDUCED OR ELIMINATED AT THE PHYSICIAN'S DISCRETION. UNDER THESE CIRCUMSTANCES THE SERVICE PROVIDED CAN BE IDENTIFIED BY ITS USUAL PROCEDURE NUMBER AND THE ADDITION OF THE MODIFIER -52, SIGNIFYING THAT THE SERVICE IS REDUCED. THIS PROVIDES A MEANS OF REPORTING REDUCED SERVICES WITHOUT DISTURBING THE IDENTIFICATION OF THE BASIC SERVICE. MODIFIER CODE 09952 MAY BE USED AS AN ALTERNATIVE TO MODIFIER -52. NOTE: FOR HOSPITAL OUTPATIENT REPORTING OF A PREVIOUSLY SCHEDULED PROCEDURE/SERVICE THAT IS PARTIALLY REDUCED OR CANCELLED AS A RESULT OF EXTENUATING CIRCUMSTANCES OR THOSE THAT THREATEN THE WELL-BEING OF THE PATIENT PRIOR TO OR AFTER ADMINISTRATION OF ANESTHESIA, SEE MODIFIERS -73 AND -74 (SEE MODIFIERS APPROVED FOR ASC HOSPITAL OUTPATIENT USE)."
57954,73,Q7,14,1,2025-11-10 19:27:28,ONE CLASS A FINDING
57954,73,Q8,14,1,2025-11-10 19:27:28,TWO CLASS B FINDINGS
57954,73,Q9,14,1,2025-11-10 19:27:28,ONE CLASS B AND TWO CLASS C FINDINGS
58017,55,77,16,1,2026-07-24 12:44:30,REPEAT PROCEDURE BY ANOTHER PHYSICIAN: THE PHYSICIAN MAY NEED TO INDICATE THAT A BASIC PROCEDURE OR SERVICE PERFORMED BY ANOTHER PHYSICIAN HAD TO BE REPEATED. THIS SITUATION MAY BE REPORTED BY ADDING MODIFIER -77 TO THE REPEATED PROCEDURE/SERVICE OR THE SEPARATE FIVE DIGIT MODIFIER CODE 09977 MAY BE USED.
58075,24,52,15,1,2026-05-15 12:59:23,"REDUCED SERVICES: UNDER CERTAIN CIRCUMSTANCES A SERVICE OR PROCEDURE IS PARTIALLY REDUCED OR ELIMINATED AT THE PHYSICIAN'S DISCRETION. UNDER THESE CIRCUMSTANCES THE SERVICE PROVIDED CAN BE IDENTIFIED BY ITS USUAL PROCEDURE NUMBER AND THE ADDITION OF THE MODIFIER -52, SIGNIFYING THAT THE SERVICE IS REDUCED. THIS PROVIDES A MEANS OF REPORTING REDUCED SERVICES WITHOUT DISTURBING THE IDENTIFICATION OF THE BASIC SERVICE. MODIFIER CODE 09952 MAY BE USED AS AN ALTERNATIVE TO MODIFIER -52. NOTE: FOR HOSPITAL OUTPATIENT REPORTING OF A PREVIOUSLY SCHEDULED PROCEDURE/SERVICE THAT IS PARTIALLY REDUCED OR CANCELLED AS A RESULT OF EXTENUATING CIRCUMSTANCES OR THOSE THAT THREATEN THE WELL-BEING OF THE PATIENT PRIOR TO OR AFTER ADMINISTRATION OF ANESTHESIA, SEE MODIFIERS -73 AND -74 (SEE MODIFIERS APPROVED FOR ASC HOSPITAL OUTPATIENT USE)."
58075,24,GA,15,1,2026-05-15 12:59:23,"WAIVER OF LIABILITY STATEMENT ISSUED AS REQUIRED BY PAYER POLICY, INDIVIDUAL CASE"
58075,24,GX,15,1,2026-05-15 12:59:23,"NOTICE OF LIABILITY ISSUED, VOLUNTARY UNDER PAYER POLICY"
58075,24,GY,15,1,2026-05-15 12:59:23,"ITEM OR SERVICE STATUTORILY EXCLUDED, DOES NOT MEET THE DEFINITION OF ANY MEDICARE BENEFIT OR, FOR NON-MEDICARE INSURERS, IS NOT A CONTRACT BENEFIT"
58075,24,GZ,15,1,2026-05-15 12:59:23,ITEM OR SERVICE EXPECTED TO BE DENIED AS NOT REASONABLE AND NECESSARY
58120,17,59,12,1,2026-02-09 16:51:08.150000,"DISTINCT PROCEDURAL SERVICE: UNDER CERTAIN CIRCUMSTANCES, THE PHYSICIAN MAY NEED TO INDICATE THAT A PROCEDURE OR SERVICE WAS DISTINCT OR INDEPENDENT FROM OTHER SERVICES PERFORMED ON THE SAME DAY. MODIFIER -59 IS USED TO IDENTIFY PROCEDURES/SERVICES THAT ARE NOT NORMALLY REPORTED TOGETHER, BUT ARE APPROPRIATE UNDER THE CIRCUMSTANCES. THIS MAY REPRESENT A DIFFERENT SESSION OR PATIENT ENCOUNTER, DIFFERENT PROCEDURE OR SURGERY, DIFFERNET SITE OR ORGAN SYSTEM, SEPARATE INCISION/EXCISION, SEPARATE LESION, OR SEPARATE INJURY (OR AREA OF INJURY IN EXTENSIVE INJURIES) NOT ORDINARILY ENCOUNTERED OR PERFORMED ON THE SAME DAY BY THE SAME PHYSICIAN. HOWEVER, WHAN ANOTHER ALREADY ESTABLISHED MODIFIER IS APPROPRIATE IT SHOULD BE USED RATHER THAN MODIFIER -59. ONLY IF NO MORE DESCRIPTIVE MODIFIER IS AVAILABLE, AND THE USE OF MODIFIER -59 BEST EXPLAINS THE CIRCUMSTANCES, SHOULD MODIFIER -59 BE USED. MODIFIER CODE 09959 MAY BE USED AS AN ALTERNATE TO MODIFIER -59."
58218,17,KX,15,1,2025-12-26 23:52:21,REQUIREMENTS SPECIFIED IN THE MEDICAL POLICY HAVE BEEN MET
58350,24,50,15,1,2026-05-15 13:00:18,"BILATERAL PROCEDURE: UNLESS OTHERWISE IDENTIFIED IN THE LISTINGS, BILATERAL PROCEDURES THAT ARE PERFORMED AT THE SAME OPERATIVE SESSION SHOULD BE IDENTIFIED BY ADDING THE MODIFIER -50 TO THE APPROPRIATE FIVE DIGIT CODE OR BY USE OF THE SEPARATE FIVE DIGIT MODIFIER CODE 09950"
58350,24,KX,15,1,2026-05-15 13:00:18,REQUIREMENTS SPECIFIED IN THE MEDICAL POLICY HAVE BEEN MET
58350,24,LT,15,1,2026-05-15 13:00:18,LEFT SIDE (USED TO IDENTIFY PROCEDURES PERFORMED ON THE LEFT SIDE OF THE BODY)
58350,24,RT,15,1,2026-05-15 13:00:18,RIGHT SIDE (USED TO IDENTIFY PROCEDURES PERFORMED ON THE RIGHT SIDE OF THE BODY)
58364,39,50,16,1,2026-07-17 13:58:21,"BILATERAL PROCEDURE: UNLESS OTHERWISE IDENTIFIED IN THE LISTINGS, BILATERAL PROCEDURES THAT ARE PERFORMED AT THE SAME OPERATIVE SESSION SHOULD BE IDENTIFIED BY ADDING THE MODIFIER -50 TO THE APPROPRIATE FIVE DIGIT CODE OR BY USE OF THE SEPARATE FIVE DIGIT MODIFIER CODE 09950"
58364,39,KX,16,1,2026-07-17 13:58:21,REQUIREMENTS SPECIFIED IN THE MEDICAL POLICY HAVE BEEN MET
58364,39,LT,16,1,2026-07-17 13:58:21,LEFT SIDE (USED TO IDENTIFY PROCEDURES PERFORMED ON THE LEFT SIDE OF THE BODY)
58364,39,RT,16,1,2026-07-17 13:58:21,RIGHT SIDE (USED TO IDENTIFY PROCEDURES PERFORMED ON THE RIGHT SIDE OF THE BODY)
58403,27,50,15,1,2026-05-12 13:14:36,"BILATERAL PROCEDURE: UNLESS OTHERWISE IDENTIFIED IN THE LISTINGS, BILATERAL PROCEDURES THAT ARE PERFORMED AT THE SAME OPERATIVE SESSION SHOULD BE IDENTIFIED BY ADDING THE MODIFIER -50 TO THE APPROPRIATE FIVE DIGIT CODE OR BY USE OF THE SEPARATE FIVE DIGIT MODIFIER CODE 09950"
58403,27,KX,15,1,2026-05-12 13:14:36,REQUIREMENTS SPECIFIED IN THE MEDICAL POLICY HAVE BEEN MET
58403,27,LT,15,1,2026-05-12 13:14:36,LEFT SIDE (USED TO IDENTIFY PROCEDURES PERFORMED ON THE LEFT SIDE OF THE BODY)
58403,27,RT,15,1,2026-05-12 13:14:36,RIGHT SIDE (USED TO IDENTIFY PROCEDURES PERFORMED ON THE RIGHT SIDE OF THE BODY)
58423,48,JW,14,1,2025-12-05 14:35:37,DRUG AMOUNT DISCARDED/NOT ADMINISTERED TO ANY PATIENT
58423,48,JZ,14,1,2025-12-05 14:35:37,ZERO DRUG AMOUNT DISCARDED/NOT ADMINISTERED TO ANY PATIENT
58477,22,50,15,1,2026-05-21 14:03:05,"BILATERAL PROCEDURE: UNLESS OTHERWISE IDENTIFIED IN THE LISTINGS, BILATERAL PROCEDURES THAT ARE PERFORMED AT THE SAME OPERATIVE SESSION SHOULD BE IDENTIFIED BY ADDING THE MODIFIER -50 TO THE APPROPRIATE FIVE DIGIT CODE OR BY USE OF THE SEPARATE FIVE DIGIT MODIFIER CODE 09950"
58477,22,KX,15,1,2026-05-21 14:03:05,REQUIREMENTS SPECIFIED IN THE MEDICAL POLICY HAVE BEEN MET
58477,22,LT,15,1,2026-05-21 14:03:05,LEFT SIDE (USED TO IDENTIFY PROCEDURES PERFORMED ON THE LEFT SIDE OF THE BODY)
58477,22,RT,15,1,2026-05-21 14:03:05,RIGHT SIDE (USED TO IDENTIFY PROCEDURES PERFORMED ON THE RIGHT SIDE OF THE BODY)
58565,52,59,16,1,2026-08-04 19:42:56,"DISTINCT PROCEDURAL SERVICE: UNDER CERTAIN CIRCUMSTANCES, THE PHYSICIAN MAY NEED TO INDICATE THAT A PROCEDURE OR SERVICE WAS DISTINCT OR INDEPENDENT FROM OTHER SERVICES PERFORMED ON THE SAME DAY. MODIFIER -59 IS USED TO IDENTIFY PROCEDURES/SERVICES THAT ARE NOT NORMALLY REPORTED TOGETHER, BUT ARE APPROPRIATE UNDER THE CIRCUMSTANCES. THIS MAY REPRESENT A DIFFERENT SESSION OR PATIENT ENCOUNTER, DIFFERENT PROCEDURE OR SURGERY, DIFFERNET SITE OR ORGAN SYSTEM, SEPARATE INCISION/EXCISION, SEPARATE LESION, OR SEPARATE INJURY (OR AREA OF INJURY IN EXTENSIVE INJURIES) NOT ORDINARILY ENCOUNTERED OR PERFORMED ON THE SAME DAY BY THE SAME PHYSICIAN. HOWEVER, WHAN ANOTHER ALREADY ESTABLISHED MODIFIER IS APPROPRIATE IT SHOULD BE USED RATHER THAN MODIFIER -59. ONLY IF NO MORE DESCRIPTIVE MODIFIER IS AVAILABLE, AND THE USE OF MODIFIER -59 BEST EXPLAINS THE CIRCUMSTANCES, SHOULD MODIFIER -59 BE USED. MODIFIER CODE 09959 MAY BE USED AS AN ALTERNATE TO MODIFIER -59."
58565,52,F1,16,1,2026-08-04 19:42:56,"LEFT HAND, SECOND DIGIT"
58565,52,F2,16,1,2026-08-04 19:42:56,"LEFT HAND, THIRD DIGIT"
58565,52,F3,16,1,2026-08-04 19:42:56,"LEFT HAND, FOURTH DIGIT"
58565,52,F4,16,1,2026-08-04 19:42:56,"LEFT HAND, FIFTH DIGIT"
58565,52,F5,16,1,2026-08-04 19:42:56,"RIGHT HAND, THUMB"
58565,52,F6,16,1,2026-08-04 19:42:56,"RIGHT HAND, SECOND DIGIT"
58565,52,F7,16,1,2026-08-04 19:42:56,"RIGHT HAND, THIRD DIGIT"
58565,52,F8,16,1,2026-08-04 19:42:56,"RIGHT HAND, FOURTH DIGIT"
58565,52,F9,16,1,2026-08-04 19:42:56,"RIGHT HAND, FIFTH DIGIT"
58565,52,FA,16,1,2026-08-04 19:42:56,"LEFT HAND, THUMB"
58565,52,LT,16,1,2026-08-04 19:42:56,LEFT SIDE (USED TO IDENTIFY PROCEDURES PERFORMED ON THE LEFT SIDE OF THE BODY)
58565,52,RT,16,1,2026-08-04 19:42:56,RIGHT SIDE (USED TO IDENTIFY PROCEDURES PERFORMED ON THE RIGHT SIDE OF THE BODY)
58565,52,T1,16,1,2026-08-04 19:42:56,"LEFT FOOT, SECOND DIGIT"
58565,52,T2,16,1,2026-08-04 19:42:56,"LEFT FOOT, THIRD DIGIT"
58565,52,T3,16,1,2026-08-04 19:42:56,"LEFT FOOT, FOURTH DIGIT"
58565,52,T4,16,1,2026-08-04 19:42:56,"LEFT FOOT, FIFTH DIGIT"
58565,52,T5,16,1,2026-08-04 19:42:56,"RIGHT FOOT, GREAT TOE"
58565,52,T6,16,1,2026-08-04 19:42:56,"RIGHT FOOT, SECOND DIGIT"
58565,52,T7,16,1,2026-08-04 19:42:56,"RIGHT FOOT, THIRD DIGIT"
58565,52,T8,16,1,2026-08-04 19:42:56,"RIGHT FOOT, FOURTH DIGIT"
58565,52,T9,16,1,2026-08-04 19:42:56,"RIGHT FOOT, FIFTH DIGIT"
58565,52,TA,16,1,2026-08-04 19:42:56,"LEFT FOOT, GREAT TOE"
58565,52,XE,16,1,2026-08-04 19:42:56,"SEPARATE ENCOUNTER, A SERVICE THAT IS DISTINCT BECAUSE IT OCCURRED DURING A SEPARATE ENCOUNTER"
58565,52,XP,16,1,2026-08-04 19:42:56,"SEPARATE PRACTITIONER, A SERVICE THAT IS DISTINCT BECAUSE IT WAS PERFORMED BY A DIFFERENT PRACTITIONER"
58565,52,XS,16,1,2026-08-04 19:42:56,"SEPARATE STRUCTURE, A SERVICE THAT IS DISTINCT BECAUSE IT WAS PERFORMED ON A SEPARATE ORGAN/STRUCTURE"
58565,52,XU,16,1,2026-08-04 19:42:56,"UNUSUAL NON-OVERLAPPING SERVICE, THE USE OF A SERVICE THAT IS DISTINCT BECAUSE IT DOES NOT OVERLAP USUAL COMPONENTS OF THE MAIN SERVICE"
58695,11,50,13,1,2025-01-13 16:08:10,"BILATERAL PROCEDURE: UNLESS OTHERWISE IDENTIFIED IN THE LISTINGS, BILATERAL PROCEDURES THAT ARE PERFORMED AT THE SAME OPERATIVE SESSION SHOULD BE IDENTIFIED BY ADDING THE MODIFIER -50 TO THE APPROPRIATE FIVE DIGIT CODE OR BY USE OF THE SEPARATE FIVE DIGIT MODIFIER CODE 09950"
58695,11,KX,13,1,2025-01-13 16:08:10,REQUIREMENTS SPECIFIED IN THE MEDICAL POLICY HAVE BEEN MET
58695,11,LT,13,1,2025-01-13 16:08:10,LEFT SIDE (USED TO IDENTIFY PROCEDURES PERFORMED ON THE LEFT SIDE OF THE BODY)
58695,11,RT,13,1,2025-01-13 16:08:10,RIGHT SIDE (USED TO IDENTIFY PROCEDURES PERFORMED ON THE RIGHT SIDE OF THE BODY)
58710,92,59,16,1,2026-07-28 16:14:49,"DISTINCT PROCEDURAL SERVICE: UNDER CERTAIN CIRCUMSTANCES, THE PHYSICIAN MAY NEED TO INDICATE THAT A PROCEDURE OR SERVICE WAS DISTINCT OR INDEPENDENT FROM OTHER SERVICES PERFORMED ON THE SAME DAY. MODIFIER -59 IS USED TO IDENTIFY PROCEDURES/SERVICES THAT ARE NOT NORMALLY REPORTED TOGETHER, BUT ARE APPROPRIATE UNDER THE CIRCUMSTANCES. THIS MAY REPRESENT A DIFFERENT SESSION OR PATIENT ENCOUNTER, DIFFERENT PROCEDURE OR SURGERY, DIFFERNET SITE OR ORGAN SYSTEM, SEPARATE INCISION/EXCISION, SEPARATE LESION, OR SEPARATE INJURY (OR AREA OF INJURY IN EXTENSIVE INJURIES) NOT ORDINARILY ENCOUNTERED OR PERFORMED ON THE SAME DAY BY THE SAME PHYSICIAN. HOWEVER, WHAN ANOTHER ALREADY ESTABLISHED MODIFIER IS APPROPRIATE IT SHOULD BE USED RATHER THAN MODIFIER -59. ONLY IF NO MORE DESCRIPTIVE MODIFIER IS AVAILABLE, AND THE USE OF MODIFIER -59 BEST EXPLAINS THE CIRCUMSTANCES, SHOULD MODIFIER -59 BE USED. MODIFIER CODE 09959 MAY BE USED AS AN ALTERNATE TO MODIFIER -59."
58710,92,59,16,2,2026-07-28 16:14:49,"DISTINCT PROCEDURAL SERVICE: UNDER CERTAIN CIRCUMSTANCES, THE PHYSICIAN MAY NEED TO INDICATE THAT A PROCEDURE OR SERVICE WAS DISTINCT OR INDEPENDENT FROM OTHER SERVICES PERFORMED ON THE SAME DAY. MODIFIER -59 IS USED TO IDENTIFY PROCEDURES/SERVICES THAT ARE NOT NORMALLY REPORTED TOGETHER, BUT ARE APPROPRIATE UNDER THE CIRCUMSTANCES. THIS MAY REPRESENT A DIFFERENT SESSION OR PATIENT ENCOUNTER, DIFFERENT PROCEDURE OR SURGERY, DIFFERNET SITE OR ORGAN SYSTEM, SEPARATE INCISION/EXCISION, SEPARATE LESION, OR SEPARATE INJURY (OR AREA OF INJURY IN EXTENSIVE INJURIES) NOT ORDINARILY ENCOUNTERED OR PERFORMED ON THE SAME DAY BY THE SAME PHYSICIAN. HOWEVER, WHAN ANOTHER ALREADY ESTABLISHED MODIFIER IS APPROPRIATE IT SHOULD BE USED RATHER THAN MODIFIER -59. ONLY IF NO MORE DESCRIPTIVE MODIFIER IS AVAILABLE, AND THE USE OF MODIFIER -59 BEST EXPLAINS THE CIRCUMSTANCES, SHOULD MODIFIER -59 BE USED. MODIFIER CODE 09959 MAY BE USED AS AN ALTERNATE TO MODIFIER -59."
58710,92,59,16,3,2026-07-28 16:14:49,"DISTINCT PROCEDURAL SERVICE: UNDER CERTAIN CIRCUMSTANCES, THE PHYSICIAN MAY NEED TO INDICATE THAT A PROCEDURE OR SERVICE WAS DISTINCT OR INDEPENDENT FROM OTHER SERVICES PERFORMED ON THE SAME DAY. MODIFIER -59 IS USED TO IDENTIFY PROCEDURES/SERVICES THAT ARE NOT NORMALLY REPORTED TOGETHER, BUT ARE APPROPRIATE UNDER THE CIRCUMSTANCES. THIS MAY REPRESENT A DIFFERENT SESSION OR PATIENT ENCOUNTER, DIFFERENT PROCEDURE OR SURGERY, DIFFERNET SITE OR ORGAN SYSTEM, SEPARATE INCISION/EXCISION, SEPARATE LESION, OR SEPARATE INJURY (OR AREA OF INJURY IN EXTENSIVE INJURIES) NOT ORDINARILY ENCOUNTERED OR PERFORMED ON THE SAME DAY BY THE SAME PHYSICIAN. HOWEVER, WHAN ANOTHER ALREADY ESTABLISHED MODIFIER IS APPROPRIATE IT SHOULD BE USED RATHER THAN MODIFIER -59. ONLY IF NO MORE DESCRIPTIVE MODIFIER IS AVAILABLE, AND THE USE OF MODIFIER -59 BEST EXPLAINS THE CIRCUMSTANCES, SHOULD MODIFIER -59 BE USED. MODIFIER CODE 09959 MAY BE USED AS AN ALTERNATE TO MODIFIER -59."
58710,92,59,16,4,2026-07-28 16:14:49,"DISTINCT PROCEDURAL SERVICE: UNDER CERTAIN CIRCUMSTANCES, THE PHYSICIAN MAY NEED TO INDICATE THAT A PROCEDURE OR SERVICE WAS DISTINCT OR INDEPENDENT FROM OTHER SERVICES PERFORMED ON THE SAME DAY. MODIFIER -59 IS USED TO IDENTIFY PROCEDURES/SERVICES THAT ARE NOT NORMALLY REPORTED TOGETHER, BUT ARE APPROPRIATE UNDER THE CIRCUMSTANCES. THIS MAY REPRESENT A DIFFERENT SESSION OR PATIENT ENCOUNTER, DIFFERENT PROCEDURE OR SURGERY, DIFFERNET SITE OR ORGAN SYSTEM, SEPARATE INCISION/EXCISION, SEPARATE LESION, OR SEPARATE INJURY (OR AREA OF INJURY IN EXTENSIVE INJURIES) NOT ORDINARILY ENCOUNTERED OR PERFORMED ON THE SAME DAY BY THE SAME PHYSICIAN. HOWEVER, WHAN ANOTHER ALREADY ESTABLISHED MODIFIER IS APPROPRIATE IT SHOULD BE USED RATHER THAN MODIFIER -59. ONLY IF NO MORE DESCRIPTIVE MODIFIER IS AVAILABLE, AND THE USE OF MODIFIER -59 BEST EXPLAINS THE CIRCUMSTANCES, SHOULD MODIFIER -59 BE USED. MODIFIER CODE 09959 MAY BE USED AS AN ALTERNATE TO MODIFIER -59."
58710,92,59,16,5,2026-07-28 16:14:49,"DISTINCT PROCEDURAL SERVICE: UNDER CERTAIN CIRCUMSTANCES, THE PHYSICIAN MAY NEED TO INDICATE THAT A PROCEDURE OR SERVICE WAS DISTINCT OR INDEPENDENT FROM OTHER SERVICES PERFORMED ON THE SAME DAY. MODIFIER -59 IS USED TO IDENTIFY PROCEDURES/SERVICES THAT ARE NOT NORMALLY REPORTED TOGETHER, BUT ARE APPROPRIATE UNDER THE CIRCUMSTANCES. THIS MAY REPRESENT A DIFFERENT SESSION OR PATIENT ENCOUNTER, DIFFERENT PROCEDURE OR SURGERY, DIFFERNET SITE OR ORGAN SYSTEM, SEPARATE INCISION/EXCISION, SEPARATE LESION, OR SEPARATE INJURY (OR AREA OF INJURY IN EXTENSIVE INJURIES) NOT ORDINARILY ENCOUNTERED OR PERFORMED ON THE SAME DAY BY THE SAME PHYSICIAN. HOWEVER, WHAN ANOTHER ALREADY ESTABLISHED MODIFIER IS APPROPRIATE IT SHOULD BE USED RATHER THAN MODIFIER -59. ONLY IF NO MORE DESCRIPTIVE MODIFIER IS AVAILABLE, AND THE USE OF MODIFIER -59 BEST EXPLAINS THE CIRCUMSTANCES, SHOULD MODIFIER -59 BE USED. MODIFIER CODE 09959 MAY BE USED AS AN ALTERNATE TO MODIFIER -59."
58710,92,59,16,6,2026-07-28 16:14:49,"DISTINCT PROCEDURAL SERVICE: UNDER CERTAIN CIRCUMSTANCES, THE PHYSICIAN MAY NEED TO INDICATE THAT A PROCEDURE OR SERVICE WAS DISTINCT OR INDEPENDENT FROM OTHER SERVICES PERFORMED ON THE SAME DAY. MODIFIER -59 IS USED TO IDENTIFY PROCEDURES/SERVICES THAT ARE NOT NORMALLY REPORTED TOGETHER, BUT ARE APPROPRIATE UNDER THE CIRCUMSTANCES. THIS MAY REPRESENT A DIFFERENT SESSION OR PATIENT ENCOUNTER, DIFFERENT PROCEDURE OR SURGERY, DIFFERNET SITE OR ORGAN SYSTEM, SEPARATE INCISION/EXCISION, SEPARATE LESION, OR SEPARATE INJURY (OR AREA OF INJURY IN EXTENSIVE INJURIES) NOT ORDINARILY ENCOUNTERED OR PERFORMED ON THE SAME DAY BY THE SAME PHYSICIAN. HOWEVER, WHAN ANOTHER ALREADY ESTABLISHED MODIFIER IS APPROPRIATE IT SHOULD BE USED RATHER THAN MODIFIER -59. ONLY IF NO MORE DESCRIPTIVE MODIFIER IS AVAILABLE, AND THE USE OF MODIFIER -59 BEST EXPLAINS THE CIRCUMSTANCES, SHOULD MODIFIER -59 BE USED. MODIFIER CODE 09959 MAY BE USED AS AN ALTERNATE TO MODIFIER -59."
58710,92,59,16,7,2026-07-28 16:14:49,"DISTINCT PROCEDURAL SERVICE: UNDER CERTAIN CIRCUMSTANCES, THE PHYSICIAN MAY NEED TO INDICATE THAT A PROCEDURE OR SERVICE WAS DISTINCT OR INDEPENDENT FROM OTHER SERVICES PERFORMED ON THE SAME DAY. MODIFIER -59 IS USED TO IDENTIFY PROCEDURES/SERVICES THAT ARE NOT NORMALLY REPORTED TOGETHER, BUT ARE APPROPRIATE UNDER THE CIRCUMSTANCES. THIS MAY REPRESENT A DIFFERENT SESSION OR PATIENT ENCOUNTER, DIFFERENT PROCEDURE OR SURGERY, DIFFERNET SITE OR ORGAN SYSTEM, SEPARATE INCISION/EXCISION, SEPARATE LESION, OR SEPARATE INJURY (OR AREA OF INJURY IN EXTENSIVE INJURIES) NOT ORDINARILY ENCOUNTERED OR PERFORMED ON THE SAME DAY BY THE SAME PHYSICIAN. HOWEVER, WHAN ANOTHER ALREADY ESTABLISHED MODIFIER IS APPROPRIATE IT SHOULD BE USED RATHER THAN MODIFIER -59. ONLY IF NO MORE DESCRIPTIVE MODIFIER IS AVAILABLE, AND THE USE OF MODIFIER -59 BEST EXPLAINS THE CIRCUMSTANCES, SHOULD MODIFIER -59 BE USED. MODIFIER CODE 09959 MAY BE USED AS AN ALTERNATE TO MODIFIER -59."
58710,92,59,16,8,2026-07-28 16:14:49,"DISTINCT PROCEDURAL SERVICE: UNDER CERTAIN CIRCUMSTANCES, THE PHYSICIAN MAY NEED TO INDICATE THAT A PROCEDURE OR SERVICE WAS DISTINCT OR INDEPENDENT FROM OTHER SERVICES PERFORMED ON THE SAME DAY. MODIFIER -59 IS USED TO IDENTIFY PROCEDURES/SERVICES THAT ARE NOT NORMALLY REPORTED TOGETHER, BUT ARE APPROPRIATE UNDER THE CIRCUMSTANCES. THIS MAY REPRESENT A DIFFERENT SESSION OR PATIENT ENCOUNTER, DIFFERENT PROCEDURE OR SURGERY, DIFFERNET SITE OR ORGAN SYSTEM, SEPARATE INCISION/EXCISION, SEPARATE LESION, OR SEPARATE INJURY (OR AREA OF INJURY IN EXTENSIVE INJURIES) NOT ORDINARILY ENCOUNTERED OR PERFORMED ON THE SAME DAY BY THE SAME PHYSICIAN. HOWEVER, WHAN ANOTHER ALREADY ESTABLISHED MODIFIER IS APPROPRIATE IT SHOULD BE USED RATHER THAN MODIFIER -59. ONLY IF NO MORE DESCRIPTIVE MODIFIER IS AVAILABLE, AND THE USE OF MODIFIER -59 BEST EXPLAINS THE CIRCUMSTANCES, SHOULD MODIFIER -59 BE USED. MODIFIER CODE 09959 MAY BE USED AS AN ALTERNATE TO MODIFIER -59."
58710,92,59,16,9,2026-07-28 16:14:49,"DISTINCT PROCEDURAL SERVICE: UNDER CERTAIN CIRCUMSTANCES, THE PHYSICIAN MAY NEED TO INDICATE THAT A PROCEDURE OR SERVICE WAS DISTINCT OR INDEPENDENT FROM OTHER SERVICES PERFORMED ON THE SAME DAY. MODIFIER -59 IS USED TO IDENTIFY PROCEDURES/SERVICES THAT ARE NOT NORMALLY REPORTED TOGETHER, BUT ARE APPROPRIATE UNDER THE CIRCUMSTANCES. THIS MAY REPRESENT A DIFFERENT SESSION OR PATIENT ENCOUNTER, DIFFERENT PROCEDURE OR SURGERY, DIFFERNET SITE OR ORGAN SYSTEM, SEPARATE INCISION/EXCISION, SEPARATE LESION, OR SEPARATE INJURY (OR AREA OF INJURY IN EXTENSIVE INJURIES) NOT ORDINARILY ENCOUNTERED OR PERFORMED ON THE SAME DAY BY THE SAME PHYSICIAN. HOWEVER, WHAN ANOTHER ALREADY ESTABLISHED MODIFIER IS APPROPRIATE IT SHOULD BE USED RATHER THAN MODIFIER -59. ONLY IF NO MORE DESCRIPTIVE MODIFIER IS AVAILABLE, AND THE USE OF MODIFIER -59 BEST EXPLAINS THE CIRCUMSTANCES, SHOULD MODIFIER -59 BE USED. MODIFIER CODE 09959 MAY BE USED AS AN ALTERNATE TO MODIFIER -59."
58710,92,59,16,10,2026-07-28 16:14:49,"DISTINCT PROCEDURAL SERVICE: UNDER CERTAIN CIRCUMSTANCES, THE PHYSICIAN MAY NEED TO INDICATE THAT A PROCEDURE OR SERVICE WAS DISTINCT OR INDEPENDENT FROM OTHER SERVICES PERFORMED ON THE SAME DAY. MODIFIER -59 IS USED TO IDENTIFY PROCEDURES/SERVICES THAT ARE NOT NORMALLY REPORTED TOGETHER, BUT ARE APPROPRIATE UNDER THE CIRCUMSTANCES. THIS MAY REPRESENT A DIFFERENT SESSION OR PATIENT ENCOUNTER, DIFFERENT PROCEDURE OR SURGERY, DIFFERNET SITE OR ORGAN SYSTEM, SEPARATE INCISION/EXCISION, SEPARATE LESION, OR SEPARATE INJURY (OR AREA OF INJURY IN EXTENSIVE INJURIES) NOT ORDINARILY ENCOUNTERED OR PERFORMED ON THE SAME DAY BY THE SAME PHYSICIAN. HOWEVER, WHAN ANOTHER ALREADY ESTABLISHED MODIFIER IS APPROPRIATE IT SHOULD BE USED RATHER THAN MODIFIER -59. ONLY IF NO MORE DESCRIPTIVE MODIFIER IS AVAILABLE, AND THE USE OF MODIFIER -59 BEST EXPLAINS THE CIRCUMSTANCES, SHOULD MODIFIER -59 BE USED. MODIFIER CODE 09959 MAY BE USED AS AN ALTERNATE TO MODIFIER -59."
58710,92,59,16,11,2026-07-28 16:14:49,"DISTINCT PROCEDURAL SERVICE: UNDER CERTAIN CIRCUMSTANCES, THE PHYSICIAN MAY NEED TO INDICATE THAT A PROCEDURE OR SERVICE WAS DISTINCT OR INDEPENDENT FROM OTHER SERVICES PERFORMED ON THE SAME DAY. MODIFIER -59 IS USED TO IDENTIFY PROCEDURES/SERVICES THAT ARE NOT NORMALLY REPORTED TOGETHER, BUT ARE APPROPRIATE UNDER THE CIRCUMSTANCES. THIS MAY REPRESENT A DIFFERENT SESSION OR PATIENT ENCOUNTER, DIFFERENT PROCEDURE OR SURGERY, DIFFERNET SITE OR ORGAN SYSTEM, SEPARATE INCISION/EXCISION, SEPARATE LESION, OR SEPARATE INJURY (OR AREA OF INJURY IN EXTENSIVE INJURIES) NOT ORDINARILY ENCOUNTERED OR PERFORMED ON THE SAME DAY BY THE SAME PHYSICIAN. HOWEVER, WHAN ANOTHER ALREADY ESTABLISHED MODIFIER IS APPROPRIATE IT SHOULD BE USED RATHER THAN MODIFIER -59. ONLY IF NO MORE DESCRIPTIVE MODIFIER IS AVAILABLE, AND THE USE OF MODIFIER -59 BEST EXPLAINS THE CIRCUMSTANCES, SHOULD MODIFIER -59 BE USED. MODIFIER CODE 09959 MAY BE USED AS AN ALTERNATE TO MODIFIER -59."
58710,92,59,16,12,2026-07-28 16:14:49,"DISTINCT PROCEDURAL SERVICE: UNDER CERTAIN CIRCUMSTANCES, THE PHYSICIAN MAY NEED TO INDICATE THAT A PROCEDURE OR SERVICE WAS DISTINCT OR INDEPENDENT FROM OTHER SERVICES PERFORMED ON THE SAME DAY. MODIFIER -59 IS USED TO IDENTIFY PROCEDURES/SERVICES THAT ARE NOT NORMALLY REPORTED TOGETHER, BUT ARE APPROPRIATE UNDER THE CIRCUMSTANCES. THIS MAY REPRESENT A DIFFERENT SESSION OR PATIENT ENCOUNTER, DIFFERENT PROCEDURE OR SURGERY, DIFFERNET SITE OR ORGAN SYSTEM, SEPARATE INCISION/EXCISION, SEPARATE LESION, OR SEPARATE INJURY (OR AREA OF INJURY IN EXTENSIVE INJURIES) NOT ORDINARILY ENCOUNTERED OR PERFORMED ON THE SAME DAY BY THE SAME PHYSICIAN. HOWEVER, WHAN ANOTHER ALREADY ESTABLISHED MODIFIER IS APPROPRIATE IT SHOULD BE USED RATHER THAN MODIFIER -59. ONLY IF NO MORE DESCRIPTIVE MODIFIER IS AVAILABLE, AND THE USE OF MODIFIER -59 BEST EXPLAINS THE CIRCUMSTANCES, SHOULD MODIFIER -59 BE USED. MODIFIER CODE 09959 MAY BE USED AS AN ALTERNATE TO MODIFIER -59."
58720,90,59,16,1,2026-07-28 13:17:14,"DISTINCT PROCEDURAL SERVICE: UNDER CERTAIN CIRCUMSTANCES, THE PHYSICIAN MAY NEED TO INDICATE THAT A PROCEDURE OR SERVICE WAS DISTINCT OR INDEPENDENT FROM OTHER SERVICES PERFORMED ON THE SAME DAY. MODIFIER -59 IS USED TO IDENTIFY PROCEDURES/SERVICES THAT ARE NOT NORMALLY REPORTED TOGETHER, BUT ARE APPROPRIATE UNDER THE CIRCUMSTANCES. THIS MAY REPRESENT A DIFFERENT SESSION OR PATIENT ENCOUNTER, DIFFERENT PROCEDURE OR SURGERY, DIFFERNET SITE OR ORGAN SYSTEM, SEPARATE INCISION/EXCISION, SEPARATE LESION, OR SEPARATE INJURY (OR AREA OF INJURY IN EXTENSIVE INJURIES) NOT ORDINARILY ENCOUNTERED OR PERFORMED ON THE SAME DAY BY THE SAME PHYSICIAN. HOWEVER, WHAN ANOTHER ALREADY ESTABLISHED MODIFIER IS APPROPRIATE IT SHOULD BE USED RATHER THAN MODIFIER -59. ONLY IF NO MORE DESCRIPTIVE MODIFIER IS AVAILABLE, AND THE USE OF MODIFIER -59 BEST EXPLAINS THE CIRCUMSTANCES, SHOULD MODIFIER -59 BE USED. MODIFIER CODE 09959 MAY BE USED AS AN ALTERNATE TO MODIFIER -59."
58720,90,59,16,2,2026-07-28 13:17:14,"DISTINCT PROCEDURAL SERVICE: UNDER CERTAIN CIRCUMSTANCES, THE PHYSICIAN MAY NEED TO INDICATE THAT A PROCEDURE OR SERVICE WAS DISTINCT OR INDEPENDENT FROM OTHER SERVICES PERFORMED ON THE SAME DAY. MODIFIER -59 IS USED TO IDENTIFY PROCEDURES/SERVICES THAT ARE NOT NORMALLY REPORTED TOGETHER, BUT ARE APPROPRIATE UNDER THE CIRCUMSTANCES. THIS MAY REPRESENT A DIFFERENT SESSION OR PATIENT ENCOUNTER, DIFFERENT PROCEDURE OR SURGERY, DIFFERNET SITE OR ORGAN SYSTEM, SEPARATE INCISION/EXCISION, SEPARATE LESION, OR SEPARATE INJURY (OR AREA OF INJURY IN EXTENSIVE INJURIES) NOT ORDINARILY ENCOUNTERED OR PERFORMED ON THE SAME DAY BY THE SAME PHYSICIAN. HOWEVER, WHAN ANOTHER ALREADY ESTABLISHED MODIFIER IS APPROPRIATE IT SHOULD BE USED RATHER THAN MODIFIER -59. ONLY IF NO MORE DESCRIPTIVE MODIFIER IS AVAILABLE, AND THE USE OF MODIFIER -59 BEST EXPLAINS THE CIRCUMSTANCES, SHOULD MODIFIER -59 BE USED. MODIFIER CODE 09959 MAY BE USED AS AN ALTERNATE TO MODIFIER -59."
58720,90,59,16,3,2026-07-28 13:17:14,"DISTINCT PROCEDURAL SERVICE: UNDER CERTAIN CIRCUMSTANCES, THE PHYSICIAN MAY NEED TO INDICATE THAT A PROCEDURE OR SERVICE WAS DISTINCT OR INDEPENDENT FROM OTHER SERVICES PERFORMED ON THE SAME DAY. MODIFIER -59 IS USED TO IDENTIFY PROCEDURES/SERVICES THAT ARE NOT NORMALLY REPORTED TOGETHER, BUT ARE APPROPRIATE UNDER THE CIRCUMSTANCES. THIS MAY REPRESENT A DIFFERENT SESSION OR PATIENT ENCOUNTER, DIFFERENT PROCEDURE OR SURGERY, DIFFERNET SITE OR ORGAN SYSTEM, SEPARATE INCISION/EXCISION, SEPARATE LESION, OR SEPARATE INJURY (OR AREA OF INJURY IN EXTENSIVE INJURIES) NOT ORDINARILY ENCOUNTERED OR PERFORMED ON THE SAME DAY BY THE SAME PHYSICIAN. HOWEVER, WHAN ANOTHER ALREADY ESTABLISHED MODIFIER IS APPROPRIATE IT SHOULD BE USED RATHER THAN MODIFIER -59. ONLY IF NO MORE DESCRIPTIVE MODIFIER IS AVAILABLE, AND THE USE OF MODIFIER -59 BEST EXPLAINS THE CIRCUMSTANCES, SHOULD MODIFIER -59 BE USED. MODIFIER CODE 09959 MAY BE USED AS AN ALTERNATE TO MODIFIER -59."
58720,90,59,16,4,2026-07-28 13:17:14,"DISTINCT PROCEDURAL SERVICE: UNDER CERTAIN CIRCUMSTANCES, THE PHYSICIAN MAY NEED TO INDICATE THAT A PROCEDURE OR SERVICE WAS DISTINCT OR INDEPENDENT FROM OTHER SERVICES PERFORMED ON THE SAME DAY. MODIFIER -59 IS USED TO IDENTIFY PROCEDURES/SERVICES THAT ARE NOT NORMALLY REPORTED TOGETHER, BUT ARE APPROPRIATE UNDER THE CIRCUMSTANCES. THIS MAY REPRESENT A DIFFERENT SESSION OR PATIENT ENCOUNTER, DIFFERENT PROCEDURE OR SURGERY, DIFFERNET SITE OR ORGAN SYSTEM, SEPARATE INCISION/EXCISION, SEPARATE LESION, OR SEPARATE INJURY (OR AREA OF INJURY IN EXTENSIVE INJURIES) NOT ORDINARILY ENCOUNTERED OR PERFORMED ON THE SAME DAY BY THE SAME PHYSICIAN. HOWEVER, WHAN ANOTHER ALREADY ESTABLISHED MODIFIER IS APPROPRIATE IT SHOULD BE USED RATHER THAN MODIFIER -59. ONLY IF NO MORE DESCRIPTIVE MODIFIER IS AVAILABLE, AND THE USE OF MODIFIER -59 BEST EXPLAINS THE CIRCUMSTANCES, SHOULD MODIFIER -59 BE USED. MODIFIER CODE 09959 MAY BE USED AS AN ALTERNATE TO MODIFIER -59."
58720,90,59,16,5,2026-07-28 13:17:14,"DISTINCT PROCEDURAL SERVICE: UNDER CERTAIN CIRCUMSTANCES, THE PHYSICIAN MAY NEED TO INDICATE THAT A PROCEDURE OR SERVICE WAS DISTINCT OR INDEPENDENT FROM OTHER SERVICES PERFORMED ON THE SAME DAY. MODIFIER -59 IS USED TO IDENTIFY PROCEDURES/SERVICES THAT ARE NOT NORMALLY REPORTED TOGETHER, BUT ARE APPROPRIATE UNDER THE CIRCUMSTANCES. THIS MAY REPRESENT A DIFFERENT SESSION OR PATIENT ENCOUNTER, DIFFERENT PROCEDURE OR SURGERY, DIFFERNET SITE OR ORGAN SYSTEM, SEPARATE INCISION/EXCISION, SEPARATE LESION, OR SEPARATE INJURY (OR AREA OF INJURY IN EXTENSIVE INJURIES) NOT ORDINARILY ENCOUNTERED OR PERFORMED ON THE SAME DAY BY THE SAME PHYSICIAN. HOWEVER, WHAN ANOTHER ALREADY ESTABLISHED MODIFIER IS APPROPRIATE IT SHOULD BE USED RATHER THAN MODIFIER -59. ONLY IF NO MORE DESCRIPTIVE MODIFIER IS AVAILABLE, AND THE USE OF MODIFIER -59 BEST EXPLAINS THE CIRCUMSTANCES, SHOULD MODIFIER -59 BE USED. MODIFIER CODE 09959 MAY BE USED AS AN ALTERNATE TO MODIFIER -59."
58720,90,59,16,6,2026-07-28 13:17:14,"DISTINCT PROCEDURAL SERVICE: UNDER CERTAIN CIRCUMSTANCES, THE PHYSICIAN MAY NEED TO INDICATE THAT A PROCEDURE OR SERVICE WAS DISTINCT OR INDEPENDENT FROM OTHER SERVICES PERFORMED ON THE SAME DAY. MODIFIER -59 IS USED TO IDENTIFY PROCEDURES/SERVICES THAT ARE NOT NORMALLY REPORTED TOGETHER, BUT ARE APPROPRIATE UNDER THE CIRCUMSTANCES. THIS MAY REPRESENT A DIFFERENT SESSION OR PATIENT ENCOUNTER, DIFFERENT PROCEDURE OR SURGERY, DIFFERNET SITE OR ORGAN SYSTEM, SEPARATE INCISION/EXCISION, SEPARATE LESION, OR SEPARATE INJURY (OR AREA OF INJURY IN EXTENSIVE INJURIES) NOT ORDINARILY ENCOUNTERED OR PERFORMED ON THE SAME DAY BY THE SAME PHYSICIAN. HOWEVER, WHAN ANOTHER ALREADY ESTABLISHED MODIFIER IS APPROPRIATE IT SHOULD BE USED RATHER THAN MODIFIER -59. ONLY IF NO MORE DESCRIPTIVE MODIFIER IS AVAILABLE, AND THE USE OF MODIFIER -59 BEST EXPLAINS THE CIRCUMSTANCES, SHOULD MODIFIER -59 BE USED. MODIFIER CODE 09959 MAY BE USED AS AN ALTERNATE TO MODIFIER -59."
58720,90,59,16,7,2026-07-28 13:17:14,"DISTINCT PROCEDURAL SERVICE: UNDER CERTAIN CIRCUMSTANCES, THE PHYSICIAN MAY NEED TO INDICATE THAT A PROCEDURE OR SERVICE WAS DISTINCT OR INDEPENDENT FROM OTHER SERVICES PERFORMED ON THE SAME DAY. MODIFIER -59 IS USED TO IDENTIFY PROCEDURES/SERVICES THAT ARE NOT NORMALLY REPORTED TOGETHER, BUT ARE APPROPRIATE UNDER THE CIRCUMSTANCES. THIS MAY REPRESENT A DIFFERENT SESSION OR PATIENT ENCOUNTER, DIFFERENT PROCEDURE OR SURGERY, DIFFERNET SITE OR ORGAN SYSTEM, SEPARATE INCISION/EXCISION, SEPARATE LESION, OR SEPARATE INJURY (OR AREA OF INJURY IN EXTENSIVE INJURIES) NOT ORDINARILY ENCOUNTERED OR PERFORMED ON THE SAME DAY BY THE SAME PHYSICIAN. HOWEVER, WHAN ANOTHER ALREADY ESTABLISHED MODIFIER IS APPROPRIATE IT SHOULD BE USED RATHER THAN MODIFIER -59. ONLY IF NO MORE DESCRIPTIVE MODIFIER IS AVAILABLE, AND THE USE OF MODIFIER -59 BEST EXPLAINS THE CIRCUMSTANCES, SHOULD MODIFIER -59 BE USED. MODIFIER CODE 09959 MAY BE USED AS AN ALTERNATE TO MODIFIER -59."
58720,90,59,16,8,2026-07-28 13:17:14,"DISTINCT PROCEDURAL SERVICE: UNDER CERTAIN CIRCUMSTANCES, THE PHYSICIAN MAY NEED TO INDICATE THAT A PROCEDURE OR SERVICE WAS DISTINCT OR INDEPENDENT FROM OTHER SERVICES PERFORMED ON THE SAME DAY. MODIFIER -59 IS USED TO IDENTIFY PROCEDURES/SERVICES THAT ARE NOT NORMALLY REPORTED TOGETHER, BUT ARE APPROPRIATE UNDER THE CIRCUMSTANCES. THIS MAY REPRESENT A DIFFERENT SESSION OR PATIENT ENCOUNTER, DIFFERENT PROCEDURE OR SURGERY, DIFFERNET SITE OR ORGAN SYSTEM, SEPARATE INCISION/EXCISION, SEPARATE LESION, OR SEPARATE INJURY (OR AREA OF INJURY IN EXTENSIVE INJURIES) NOT ORDINARILY ENCOUNTERED OR PERFORMED ON THE SAME DAY BY THE SAME PHYSICIAN. HOWEVER, WHAN ANOTHER ALREADY ESTABLISHED MODIFIER IS APPROPRIATE IT SHOULD BE USED RATHER THAN MODIFIER -59. ONLY IF NO MORE DESCRIPTIVE MODIFIER IS AVAILABLE, AND THE USE OF MODIFIER -59 BEST EXPLAINS THE CIRCUMSTANCES, SHOULD MODIFIER -59 BE USED. MODIFIER CODE 09959 MAY BE USED AS AN ALTERNATE TO MODIFIER -59."
58720,90,59,16,9,2026-07-28 13:17:14,"DISTINCT PROCEDURAL SERVICE: UNDER CERTAIN CIRCUMSTANCES, THE PHYSICIAN MAY NEED TO INDICATE THAT A PROCEDURE OR SERVICE WAS DISTINCT OR INDEPENDENT FROM OTHER SERVICES PERFORMED ON THE SAME DAY. MODIFIER -59 IS USED TO IDENTIFY PROCEDURES/SERVICES THAT ARE NOT NORMALLY REPORTED TOGETHER, BUT ARE APPROPRIATE UNDER THE CIRCUMSTANCES. THIS MAY REPRESENT A DIFFERENT SESSION OR PATIENT ENCOUNTER, DIFFERENT PROCEDURE OR SURGERY, DIFFERNET SITE OR ORGAN SYSTEM, SEPARATE INCISION/EXCISION, SEPARATE LESION, OR SEPARATE INJURY (OR AREA OF INJURY IN EXTENSIVE INJURIES) NOT ORDINARILY ENCOUNTERED OR PERFORMED ON THE SAME DAY BY THE SAME PHYSICIAN. HOWEVER, WHAN ANOTHER ALREADY ESTABLISHED MODIFIER IS APPROPRIATE IT SHOULD BE USED RATHER THAN MODIFIER -59. ONLY IF NO MORE DESCRIPTIVE MODIFIER IS AVAILABLE, AND THE USE OF MODIFIER -59 BEST EXPLAINS THE CIRCUMSTANCES, SHOULD MODIFIER -59 BE USED. MODIFIER CODE 09959 MAY BE USED AS AN ALTERNATE TO MODIFIER -59."
58720,90,59,16,10,2026-07-28 13:17:14,"DISTINCT PROCEDURAL SERVICE: UNDER CERTAIN CIRCUMSTANCES, THE PHYSICIAN MAY NEED TO INDICATE THAT A PROCEDURE OR SERVICE WAS DISTINCT OR INDEPENDENT FROM OTHER SERVICES PERFORMED ON THE SAME DAY. MODIFIER -59 IS USED TO IDENTIFY PROCEDURES/SERVICES THAT ARE NOT NORMALLY REPORTED TOGETHER, BUT ARE APPROPRIATE UNDER THE CIRCUMSTANCES. THIS MAY REPRESENT A DIFFERENT SESSION OR PATIENT ENCOUNTER, DIFFERENT PROCEDURE OR SURGERY, DIFFERNET SITE OR ORGAN SYSTEM, SEPARATE INCISION/EXCISION, SEPARATE LESION, OR SEPARATE INJURY (OR AREA OF INJURY IN EXTENSIVE INJURIES) NOT ORDINARILY ENCOUNTERED OR PERFORMED ON THE SAME DAY BY THE SAME PHYSICIAN. HOWEVER, WHAN ANOTHER ALREADY ESTABLISHED MODIFIER IS APPROPRIATE IT SHOULD BE USED RATHER THAN MODIFIER -59. ONLY IF NO MORE DESCRIPTIVE MODIFIER IS AVAILABLE, AND THE USE OF MODIFIER -59 BEST EXPLAINS THE CIRCUMSTANCES, SHOULD MODIFIER -59 BE USED. MODIFIER CODE 09959 MAY BE USED AS AN ALTERNATE TO MODIFIER -59."
58720,90,59,16,11,2026-07-28 13:17:14,"DISTINCT PROCEDURAL SERVICE: UNDER CERTAIN CIRCUMSTANCES, THE PHYSICIAN MAY NEED TO INDICATE THAT A PROCEDURE OR SERVICE WAS DISTINCT OR INDEPENDENT FROM OTHER SERVICES PERFORMED ON THE SAME DAY. MODIFIER -59 IS USED TO IDENTIFY PROCEDURES/SERVICES THAT ARE NOT NORMALLY REPORTED TOGETHER, BUT ARE APPROPRIATE UNDER THE CIRCUMSTANCES. THIS MAY REPRESENT A DIFFERENT SESSION OR PATIENT ENCOUNTER, DIFFERENT PROCEDURE OR SURGERY, DIFFERNET SITE OR ORGAN SYSTEM, SEPARATE INCISION/EXCISION, SEPARATE LESION, OR SEPARATE INJURY (OR AREA OF INJURY IN EXTENSIVE INJURIES) NOT ORDINARILY ENCOUNTERED OR PERFORMED ON THE SAME DAY BY THE SAME PHYSICIAN. HOWEVER, WHAN ANOTHER ALREADY ESTABLISHED MODIFIER IS APPROPRIATE IT SHOULD BE USED RATHER THAN MODIFIER -59. ONLY IF NO MORE DESCRIPTIVE MODIFIER IS AVAILABLE, AND THE USE OF MODIFIER -59 BEST EXPLAINS THE CIRCUMSTANCES, SHOULD MODIFIER -59 BE USED. MODIFIER CODE 09959 MAY BE USED AS AN ALTERNATE TO MODIFIER -59."
58720,90,59,16,12,2026-07-28 13:17:14,"DISTINCT PROCEDURAL SERVICE: UNDER CERTAIN CIRCUMSTANCES, THE PHYSICIAN MAY NEED TO INDICATE THAT A PROCEDURE OR SERVICE WAS DISTINCT OR INDEPENDENT FROM OTHER SERVICES PERFORMED ON THE SAME DAY. MODIFIER -59 IS USED TO IDENTIFY PROCEDURES/SERVICES THAT ARE NOT NORMALLY REPORTED TOGETHER, BUT ARE APPROPRIATE UNDER THE CIRCUMSTANCES. THIS MAY REPRESENT A DIFFERENT SESSION OR PATIENT ENCOUNTER, DIFFERENT PROCEDURE OR SURGERY, DIFFERNET SITE OR ORGAN SYSTEM, SEPARATE INCISION/EXCISION, SEPARATE LESION, OR SEPARATE INJURY (OR AREA OF INJURY IN EXTENSIVE INJURIES) NOT ORDINARILY ENCOUNTERED OR PERFORMED ON THE SAME DAY BY THE SAME PHYSICIAN. HOWEVER, WHAN ANOTHER ALREADY ESTABLISHED MODIFIER IS APPROPRIATE IT SHOULD BE USED RATHER THAN MODIFIER -59. ONLY IF NO MORE DESCRIPTIVE MODIFIER IS AVAILABLE, AND THE USE OF MODIFIER -59 BEST EXPLAINS THE CIRCUMSTANCES, SHOULD MODIFIER -59 BE USED. MODIFIER CODE 09959 MAY BE USED AS AN ALTERNATE TO MODIFIER -59."
58745,21,50,14,1,2026-07-14 22:42:59.550000,"BILATERAL PROCEDURE: UNLESS OTHERWISE IDENTIFIED IN THE LISTINGS, BILATERAL PROCEDURES THAT ARE PERFORMED AT THE SAME OPERATIVE SESSION SHOULD BE IDENTIFIED BY ADDING THE MODIFIER -50 TO THE APPROPRIATE FIVE DIGIT CODE OR BY USE OF THE SEPARATE FIVE DIGIT MODIFIER CODE 09950"
58745,21,KX,14,1,2026-07-14 22:42:59.550000,REQUIREMENTS SPECIFIED IN THE MEDICAL POLICY HAVE BEEN MET
58745,21,LT,14,1,2026-07-14 22:42:59.550000,LEFT SIDE (USED TO IDENTIFY PROCEDURES PERFORMED ON THE LEFT SIDE OF THE BODY)
58745,21,RT,14,1,2026-07-14 22:42:59.550000,RIGHT SIDE (USED TO IDENTIFY PROCEDURES PERFORMED ON THE RIGHT SIDE OF THE BODY)
58747,65,59,16,1,2026-07-02 16:11:42,"DISTINCT PROCEDURAL SERVICE: UNDER CERTAIN CIRCUMSTANCES, THE PHYSICIAN MAY NEED TO INDICATE THAT A PROCEDURE OR SERVICE WAS DISTINCT OR INDEPENDENT FROM OTHER SERVICES PERFORMED ON THE SAME DAY. MODIFIER -59 IS USED TO IDENTIFY PROCEDURES/SERVICES THAT ARE NOT NORMALLY REPORTED TOGETHER, BUT ARE APPROPRIATE UNDER THE CIRCUMSTANCES. THIS MAY REPRESENT A DIFFERENT SESSION OR PATIENT ENCOUNTER, DIFFERENT PROCEDURE OR SURGERY, DIFFERNET SITE OR ORGAN SYSTEM, SEPARATE INCISION/EXCISION, SEPARATE LESION, OR SEPARATE INJURY (OR AREA OF INJURY IN EXTENSIVE INJURIES) NOT ORDINARILY ENCOUNTERED OR PERFORMED ON THE SAME DAY BY THE SAME PHYSICIAN. HOWEVER, WHAN ANOTHER ALREADY ESTABLISHED MODIFIER IS APPROPRIATE IT SHOULD BE USED RATHER THAN MODIFIER -59. ONLY IF NO MORE DESCRIPTIVE MODIFIER IS AVAILABLE, AND THE USE OF MODIFIER -59 BEST EXPLAINS THE CIRCUMSTANCES, SHOULD MODIFIER -59 BE USED. MODIFIER CODE 09959 MAY BE USED AS AN ALTERNATE TO MODIFIER -59."
58747,65,59,16,2,2026-07-02 16:11:42,"DISTINCT PROCEDURAL SERVICE: UNDER CERTAIN CIRCUMSTANCES, THE PHYSICIAN MAY NEED TO INDICATE THAT A PROCEDURE OR SERVICE WAS DISTINCT OR INDEPENDENT FROM OTHER SERVICES PERFORMED ON THE SAME DAY. MODIFIER -59 IS USED TO IDENTIFY PROCEDURES/SERVICES THAT ARE NOT NORMALLY REPORTED TOGETHER, BUT ARE APPROPRIATE UNDER THE CIRCUMSTANCES. THIS MAY REPRESENT A DIFFERENT SESSION OR PATIENT ENCOUNTER, DIFFERENT PROCEDURE OR SURGERY, DIFFERNET SITE OR ORGAN SYSTEM, SEPARATE INCISION/EXCISION, SEPARATE LESION, OR SEPARATE INJURY (OR AREA OF INJURY IN EXTENSIVE INJURIES) NOT ORDINARILY ENCOUNTERED OR PERFORMED ON THE SAME DAY BY THE SAME PHYSICIAN. HOWEVER, WHAN ANOTHER ALREADY ESTABLISHED MODIFIER IS APPROPRIATE IT SHOULD BE USED RATHER THAN MODIFIER -59. ONLY IF NO MORE DESCRIPTIVE MODIFIER IS AVAILABLE, AND THE USE OF MODIFIER -59 BEST EXPLAINS THE CIRCUMSTANCES, SHOULD MODIFIER -59 BE USED. MODIFIER CODE 09959 MAY BE USED AS AN ALTERNATE TO MODIFIER -59."
58747,65,59,16,3,2026-07-02 16:11:42,"DISTINCT PROCEDURAL SERVICE: UNDER CERTAIN CIRCUMSTANCES, THE PHYSICIAN MAY NEED TO INDICATE THAT A PROCEDURE OR SERVICE WAS DISTINCT OR INDEPENDENT FROM OTHER SERVICES PERFORMED ON THE SAME DAY. MODIFIER -59 IS USED TO IDENTIFY PROCEDURES/SERVICES THAT ARE NOT NORMALLY REPORTED TOGETHER, BUT ARE APPROPRIATE UNDER THE CIRCUMSTANCES. THIS MAY REPRESENT A DIFFERENT SESSION OR PATIENT ENCOUNTER, DIFFERENT PROCEDURE OR SURGERY, DIFFERNET SITE OR ORGAN SYSTEM, SEPARATE INCISION/EXCISION, SEPARATE LESION, OR SEPARATE INJURY (OR AREA OF INJURY IN EXTENSIVE INJURIES) NOT ORDINARILY ENCOUNTERED OR PERFORMED ON THE SAME DAY BY THE SAME PHYSICIAN. HOWEVER, WHAN ANOTHER ALREADY ESTABLISHED MODIFIER IS APPROPRIATE IT SHOULD BE USED RATHER THAN MODIFIER -59. ONLY IF NO MORE DESCRIPTIVE MODIFIER IS AVAILABLE, AND THE USE OF MODIFIER -59 BEST EXPLAINS THE CIRCUMSTANCES, SHOULD MODIFIER -59 BE USED. MODIFIER CODE 09959 MAY BE USED AS AN ALTERNATE TO MODIFIER -59."
58747,65,59,16,4,2026-07-02 16:11:42,"DISTINCT PROCEDURAL SERVICE: UNDER CERTAIN CIRCUMSTANCES, THE PHYSICIAN MAY NEED TO INDICATE THAT A PROCEDURE OR SERVICE WAS DISTINCT OR INDEPENDENT FROM OTHER SERVICES PERFORMED ON THE SAME DAY. MODIFIER -59 IS USED TO IDENTIFY PROCEDURES/SERVICES THAT ARE NOT NORMALLY REPORTED TOGETHER, BUT ARE APPROPRIATE UNDER THE CIRCUMSTANCES. THIS MAY REPRESENT A DIFFERENT SESSION OR PATIENT ENCOUNTER, DIFFERENT PROCEDURE OR SURGERY, DIFFERNET SITE OR ORGAN SYSTEM, SEPARATE INCISION/EXCISION, SEPARATE LESION, OR SEPARATE INJURY (OR AREA OF INJURY IN EXTENSIVE INJURIES) NOT ORDINARILY ENCOUNTERED OR PERFORMED ON THE SAME DAY BY THE SAME PHYSICIAN. HOWEVER, WHAN ANOTHER ALREADY ESTABLISHED MODIFIER IS APPROPRIATE IT SHOULD BE USED RATHER THAN MODIFIER -59. ONLY IF NO MORE DESCRIPTIVE MODIFIER IS AVAILABLE, AND THE USE OF MODIFIER -59 BEST EXPLAINS THE CIRCUMSTANCES, SHOULD MODIFIER -59 BE USED. MODIFIER CODE 09959 MAY BE USED AS AN ALTERNATE TO MODIFIER -59."
58747,65,59,16,5,2026-07-02 16:11:42,"DISTINCT PROCEDURAL SERVICE: UNDER CERTAIN CIRCUMSTANCES, THE PHYSICIAN MAY NEED TO INDICATE THAT A PROCEDURE OR SERVICE WAS DISTINCT OR INDEPENDENT FROM OTHER SERVICES PERFORMED ON THE SAME DAY. MODIFIER -59 IS USED TO IDENTIFY PROCEDURES/SERVICES THAT ARE NOT NORMALLY REPORTED TOGETHER, BUT ARE APPROPRIATE UNDER THE CIRCUMSTANCES. THIS MAY REPRESENT A DIFFERENT SESSION OR PATIENT ENCOUNTER, DIFFERENT PROCEDURE OR SURGERY, DIFFERNET SITE OR ORGAN SYSTEM, SEPARATE INCISION/EXCISION, SEPARATE LESION, OR SEPARATE INJURY (OR AREA OF INJURY IN EXTENSIVE INJURIES) NOT ORDINARILY ENCOUNTERED OR PERFORMED ON THE SAME DAY BY THE SAME PHYSICIAN. HOWEVER, WHAN ANOTHER ALREADY ESTABLISHED MODIFIER IS APPROPRIATE IT SHOULD BE USED RATHER THAN MODIFIER -59. ONLY IF NO MORE DESCRIPTIVE MODIFIER IS AVAILABLE, AND THE USE OF MODIFIER -59 BEST EXPLAINS THE CIRCUMSTANCES, SHOULD MODIFIER -59 BE USED. MODIFIER CODE 09959 MAY BE USED AS AN ALTERNATE TO MODIFIER -59."
58747,65,59,16,6,2026-07-02 16:11:42,"DISTINCT PROCEDURAL SERVICE: UNDER CERTAIN CIRCUMSTANCES, THE PHYSICIAN MAY NEED TO INDICATE THAT A PROCEDURE OR SERVICE WAS DISTINCT OR INDEPENDENT FROM OTHER SERVICES PERFORMED ON THE SAME DAY. MODIFIER -59 IS USED TO IDENTIFY PROCEDURES/SERVICES THAT ARE NOT NORMALLY REPORTED TOGETHER, BUT ARE APPROPRIATE UNDER THE CIRCUMSTANCES. THIS MAY REPRESENT A DIFFERENT SESSION OR PATIENT ENCOUNTER, DIFFERENT PROCEDURE OR SURGERY, DIFFERNET SITE OR ORGAN SYSTEM, SEPARATE INCISION/EXCISION, SEPARATE LESION, OR SEPARATE INJURY (OR AREA OF INJURY IN EXTENSIVE INJURIES) NOT ORDINARILY ENCOUNTERED OR PERFORMED ON THE SAME DAY BY THE SAME PHYSICIAN. HOWEVER, WHAN ANOTHER ALREADY ESTABLISHED MODIFIER IS APPROPRIATE IT SHOULD BE USED RATHER THAN MODIFIER -59. ONLY IF NO MORE DESCRIPTIVE MODIFIER IS AVAILABLE, AND THE USE OF MODIFIER -59 BEST EXPLAINS THE CIRCUMSTANCES, SHOULD MODIFIER -59 BE USED. MODIFIER CODE 09959 MAY BE USED AS AN ALTERNATE TO MODIFIER -59."
58747,65,59,16,7,2026-07-02 16:11:42,"DISTINCT PROCEDURAL SERVICE: UNDER CERTAIN CIRCUMSTANCES, THE PHYSICIAN MAY NEED TO INDICATE THAT A PROCEDURE OR SERVICE WAS DISTINCT OR INDEPENDENT FROM OTHER SERVICES PERFORMED ON THE SAME DAY. MODIFIER -59 IS USED TO IDENTIFY PROCEDURES/SERVICES THAT ARE NOT NORMALLY REPORTED TOGETHER, BUT ARE APPROPRIATE UNDER THE CIRCUMSTANCES. THIS MAY REPRESENT A DIFFERENT SESSION OR PATIENT ENCOUNTER, DIFFERENT PROCEDURE OR SURGERY, DIFFERNET SITE OR ORGAN SYSTEM, SEPARATE INCISION/EXCISION, SEPARATE LESION, OR SEPARATE INJURY (OR AREA OF INJURY IN EXTENSIVE INJURIES) NOT ORDINARILY ENCOUNTERED OR PERFORMED ON THE SAME DAY BY THE SAME PHYSICIAN. HOWEVER, WHAN ANOTHER ALREADY ESTABLISHED MODIFIER IS APPROPRIATE IT SHOULD BE USED RATHER THAN MODIFIER -59. ONLY IF NO MORE DESCRIPTIVE MODIFIER IS AVAILABLE, AND THE USE OF MODIFIER -59 BEST EXPLAINS THE CIRCUMSTANCES, SHOULD MODIFIER -59 BE USED. MODIFIER CODE 09959 MAY BE USED AS AN ALTERNATE TO MODIFIER -59."
58747,65,59,16,8,2026-07-02 16:11:42,"DISTINCT PROCEDURAL SERVICE: UNDER CERTAIN CIRCUMSTANCES, THE PHYSICIAN MAY NEED TO INDICATE THAT A PROCEDURE OR SERVICE WAS DISTINCT OR INDEPENDENT FROM OTHER SERVICES PERFORMED ON THE SAME DAY. MODIFIER -59 IS USED TO IDENTIFY PROCEDURES/SERVICES THAT ARE NOT NORMALLY REPORTED TOGETHER, BUT ARE APPROPRIATE UNDER THE CIRCUMSTANCES. THIS MAY REPRESENT A DIFFERENT SESSION OR PATIENT ENCOUNTER, DIFFERENT PROCEDURE OR SURGERY, DIFFERNET SITE OR ORGAN SYSTEM, SEPARATE INCISION/EXCISION, SEPARATE LESION, OR SEPARATE INJURY (OR AREA OF INJURY IN EXTENSIVE INJURIES) NOT ORDINARILY ENCOUNTERED OR PERFORMED ON THE SAME DAY BY THE SAME PHYSICIAN. HOWEVER, WHAN ANOTHER ALREADY ESTABLISHED MODIFIER IS APPROPRIATE IT SHOULD BE USED RATHER THAN MODIFIER -59. ONLY IF NO MORE DESCRIPTIVE MODIFIER IS AVAILABLE, AND THE USE OF MODIFIER -59 BEST EXPLAINS THE CIRCUMSTANCES, SHOULD MODIFIER -59 BE USED. MODIFIER CODE 09959 MAY BE USED AS AN ALTERNATE TO MODIFIER -59."
58747,65,59,16,9,2026-07-02 16:11:42,"DISTINCT PROCEDURAL SERVICE: UNDER CERTAIN CIRCUMSTANCES, THE PHYSICIAN MAY NEED TO INDICATE THAT A PROCEDURE OR SERVICE WAS DISTINCT OR INDEPENDENT FROM OTHER SERVICES PERFORMED ON THE SAME DAY. MODIFIER -59 IS USED TO IDENTIFY PROCEDURES/SERVICES THAT ARE NOT NORMALLY REPORTED TOGETHER, BUT ARE APPROPRIATE UNDER THE CIRCUMSTANCES. THIS MAY REPRESENT A DIFFERENT SESSION OR PATIENT ENCOUNTER, DIFFERENT PROCEDURE OR SURGERY, DIFFERNET SITE OR ORGAN SYSTEM, SEPARATE INCISION/EXCISION, SEPARATE LESION, OR SEPARATE INJURY (OR AREA OF INJURY IN EXTENSIVE INJURIES) NOT ORDINARILY ENCOUNTERED OR PERFORMED ON THE SAME DAY BY THE SAME PHYSICIAN. HOWEVER, WHAN ANOTHER ALREADY ESTABLISHED MODIFIER IS APPROPRIATE IT SHOULD BE USED RATHER THAN MODIFIER -59. ONLY IF NO MORE DESCRIPTIVE MODIFIER IS AVAILABLE, AND THE USE OF MODIFIER -59 BEST EXPLAINS THE CIRCUMSTANCES, SHOULD MODIFIER -59 BE USED. MODIFIER CODE 09959 MAY BE USED AS AN ALTERNATE TO MODIFIER -59."
58747,65,59,16,10,2026-07-02 16:11:42,"DISTINCT PROCEDURAL SERVICE: UNDER CERTAIN CIRCUMSTANCES, THE PHYSICIAN MAY NEED TO INDICATE THAT A PROCEDURE OR SERVICE WAS DISTINCT OR INDEPENDENT FROM OTHER SERVICES PERFORMED ON THE SAME DAY. MODIFIER -59 IS USED TO IDENTIFY PROCEDURES/SERVICES THAT ARE NOT NORMALLY REPORTED TOGETHER, BUT ARE APPROPRIATE UNDER THE CIRCUMSTANCES. THIS MAY REPRESENT A DIFFERENT SESSION OR PATIENT ENCOUNTER, DIFFERENT PROCEDURE OR SURGERY, DIFFERNET SITE OR ORGAN SYSTEM, SEPARATE INCISION/EXCISION, SEPARATE LESION, OR SEPARATE INJURY (OR AREA OF INJURY IN EXTENSIVE INJURIES) NOT ORDINARILY ENCOUNTERED OR PERFORMED ON THE SAME DAY BY THE SAME PHYSICIAN. HOWEVER, WHAN ANOTHER ALREADY ESTABLISHED MODIFIER IS APPROPRIATE IT SHOULD BE USED RATHER THAN MODIFIER -59. ONLY IF NO MORE DESCRIPTIVE MODIFIER IS AVAILABLE, AND THE USE OF MODIFIER -59 BEST EXPLAINS THE CIRCUMSTANCES, SHOULD MODIFIER -59 BE USED. MODIFIER CODE 09959 MAY BE USED AS AN ALTERNATE TO MODIFIER -59."
58747,65,59,16,11,2026-07-02 16:11:42,"DISTINCT PROCEDURAL SERVICE: UNDER CERTAIN CIRCUMSTANCES, THE PHYSICIAN MAY NEED TO INDICATE THAT A PROCEDURE OR SERVICE WAS DISTINCT OR INDEPENDENT FROM OTHER SERVICES PERFORMED ON THE SAME DAY. MODIFIER -59 IS USED TO IDENTIFY PROCEDURES/SERVICES THAT ARE NOT NORMALLY REPORTED TOGETHER, BUT ARE APPROPRIATE UNDER THE CIRCUMSTANCES. THIS MAY REPRESENT A DIFFERENT SESSION OR PATIENT ENCOUNTER, DIFFERENT PROCEDURE OR SURGERY, DIFFERNET SITE OR ORGAN SYSTEM, SEPARATE INCISION/EXCISION, SEPARATE LESION, OR SEPARATE INJURY (OR AREA OF INJURY IN EXTENSIVE INJURIES) NOT ORDINARILY ENCOUNTERED OR PERFORMED ON THE SAME DAY BY THE SAME PHYSICIAN. HOWEVER, WHAN ANOTHER ALREADY ESTABLISHED MODIFIER IS APPROPRIATE IT SHOULD BE USED RATHER THAN MODIFIER -59. ONLY IF NO MORE DESCRIPTIVE MODIFIER IS AVAILABLE, AND THE USE OF MODIFIER -59 BEST EXPLAINS THE CIRCUMSTANCES, SHOULD MODIFIER -59 BE USED. MODIFIER CODE 09959 MAY BE USED AS AN ALTERNATE TO MODIFIER -59."
58747,65,59,16,12,2026-07-02 16:11:42,"DISTINCT PROCEDURAL SERVICE: UNDER CERTAIN CIRCUMSTANCES, THE PHYSICIAN MAY NEED TO INDICATE THAT A PROCEDURE OR SERVICE WAS DISTINCT OR INDEPENDENT FROM OTHER SERVICES PERFORMED ON THE SAME DAY. MODIFIER -59 IS USED TO IDENTIFY PROCEDURES/SERVICES THAT ARE NOT NORMALLY REPORTED TOGETHER, BUT ARE APPROPRIATE UNDER THE CIRCUMSTANCES. THIS MAY REPRESENT A DIFFERENT SESSION OR PATIENT ENCOUNTER, DIFFERENT PROCEDURE OR SURGERY, DIFFERNET SITE OR ORGAN SYSTEM, SEPARATE INCISION/EXCISION, SEPARATE LESION, OR SEPARATE INJURY (OR AREA OF INJURY IN EXTENSIVE INJURIES) NOT ORDINARILY ENCOUNTERED OR PERFORMED ON THE SAME DAY BY THE SAME PHYSICIAN. HOWEVER, WHAN ANOTHER ALREADY ESTABLISHED MODIFIER IS APPROPRIATE IT SHOULD BE USED RATHER THAN MODIFIER -59. ONLY IF NO MORE DESCRIPTIVE MODIFIER IS AVAILABLE, AND THE USE OF MODIFIER -59 BEST EXPLAINS THE CIRCUMSTANCES, SHOULD MODIFIER -59 BE USED. MODIFIER CODE 09959 MAY BE USED AS AN ALTERNATE TO MODIFIER -59."
58761,70,59,16,1,2026-07-31 11:33:27,"DISTINCT PROCEDURAL SERVICE: UNDER CERTAIN CIRCUMSTANCES, THE PHYSICIAN MAY NEED TO INDICATE THAT A PROCEDURE OR SERVICE WAS DISTINCT OR INDEPENDENT FROM OTHER SERVICES PERFORMED ON THE SAME DAY. MODIFIER -59 IS USED TO IDENTIFY PROCEDURES/SERVICES THAT ARE NOT NORMALLY REPORTED TOGETHER, BUT ARE APPROPRIATE UNDER THE CIRCUMSTANCES. THIS MAY REPRESENT A DIFFERENT SESSION OR PATIENT ENCOUNTER, DIFFERENT PROCEDURE OR SURGERY, DIFFERNET SITE OR ORGAN SYSTEM, SEPARATE INCISION/EXCISION, SEPARATE LESION, OR SEPARATE INJURY (OR AREA OF INJURY IN EXTENSIVE INJURIES) NOT ORDINARILY ENCOUNTERED OR PERFORMED ON THE SAME DAY BY THE SAME PHYSICIAN. HOWEVER, WHAN ANOTHER ALREADY ESTABLISHED MODIFIER IS APPROPRIATE IT SHOULD BE USED RATHER THAN MODIFIER -59. ONLY IF NO MORE DESCRIPTIVE MODIFIER IS AVAILABLE, AND THE USE OF MODIFIER -59 BEST EXPLAINS THE CIRCUMSTANCES, SHOULD MODIFIER -59 BE USED. MODIFIER CODE 09959 MAY BE USED AS AN ALTERNATE TO MODIFIER -59."
58761,70,59,16,2,2026-07-31 11:33:27,"DISTINCT PROCEDURAL SERVICE: UNDER CERTAIN CIRCUMSTANCES, THE PHYSICIAN MAY NEED TO INDICATE THAT A PROCEDURE OR SERVICE WAS DISTINCT OR INDEPENDENT FROM OTHER SERVICES PERFORMED ON THE SAME DAY. MODIFIER -59 IS USED TO IDENTIFY PROCEDURES/SERVICES THAT ARE NOT NORMALLY REPORTED TOGETHER, BUT ARE APPROPRIATE UNDER THE CIRCUMSTANCES. THIS MAY REPRESENT A DIFFERENT SESSION OR PATIENT ENCOUNTER, DIFFERENT PROCEDURE OR SURGERY, DIFFERNET SITE OR ORGAN SYSTEM, SEPARATE INCISION/EXCISION, SEPARATE LESION, OR SEPARATE INJURY (OR AREA OF INJURY IN EXTENSIVE INJURIES) NOT ORDINARILY ENCOUNTERED OR PERFORMED ON THE SAME DAY BY THE SAME PHYSICIAN. HOWEVER, WHAN ANOTHER ALREADY ESTABLISHED MODIFIER IS APPROPRIATE IT SHOULD BE USED RATHER THAN MODIFIER -59. ONLY IF NO MORE DESCRIPTIVE MODIFIER IS AVAILABLE, AND THE USE OF MODIFIER -59 BEST EXPLAINS THE CIRCUMSTANCES, SHOULD MODIFIER -59 BE USED. MODIFIER CODE 09959 MAY BE USED AS AN ALTERNATE TO MODIFIER -59."
58761,70,59,16,3,2026-07-31 11:33:27,"DISTINCT PROCEDURAL SERVICE: UNDER CERTAIN CIRCUMSTANCES, THE PHYSICIAN MAY NEED TO INDICATE THAT A PROCEDURE OR SERVICE WAS DISTINCT OR INDEPENDENT FROM OTHER SERVICES PERFORMED ON THE SAME DAY. MODIFIER -59 IS USED TO IDENTIFY PROCEDURES/SERVICES THAT ARE NOT NORMALLY REPORTED TOGETHER, BUT ARE APPROPRIATE UNDER THE CIRCUMSTANCES. THIS MAY REPRESENT A DIFFERENT SESSION OR PATIENT ENCOUNTER, DIFFERENT PROCEDURE OR SURGERY, DIFFERNET SITE OR ORGAN SYSTEM, SEPARATE INCISION/EXCISION, SEPARATE LESION, OR SEPARATE INJURY (OR AREA OF INJURY IN EXTENSIVE INJURIES) NOT ORDINARILY ENCOUNTERED OR PERFORMED ON THE SAME DAY BY THE SAME PHYSICIAN. HOWEVER, WHAN ANOTHER ALREADY ESTABLISHED MODIFIER IS APPROPRIATE IT SHOULD BE USED RATHER THAN MODIFIER -59. ONLY IF NO MORE DESCRIPTIVE MODIFIER IS AVAILABLE, AND THE USE OF MODIFIER -59 BEST EXPLAINS THE CIRCUMSTANCES, SHOULD MODIFIER -59 BE USED. MODIFIER CODE 09959 MAY BE USED AS AN ALTERNATE TO MODIFIER -59."
58761,70,59,16,4,2026-07-31 11:33:27,"DISTINCT PROCEDURAL SERVICE: UNDER CERTAIN CIRCUMSTANCES, THE PHYSICIAN MAY NEED TO INDICATE THAT A PROCEDURE OR SERVICE WAS DISTINCT OR INDEPENDENT FROM OTHER SERVICES PERFORMED ON THE SAME DAY. MODIFIER -59 IS USED TO IDENTIFY PROCEDURES/SERVICES THAT ARE NOT NORMALLY REPORTED TOGETHER, BUT ARE APPROPRIATE UNDER THE CIRCUMSTANCES. THIS MAY REPRESENT A DIFFERENT SESSION OR PATIENT ENCOUNTER, DIFFERENT PROCEDURE OR SURGERY, DIFFERNET SITE OR ORGAN SYSTEM, SEPARATE INCISION/EXCISION, SEPARATE LESION, OR SEPARATE INJURY (OR AREA OF INJURY IN EXTENSIVE INJURIES) NOT ORDINARILY ENCOUNTERED OR PERFORMED ON THE SAME DAY BY THE SAME PHYSICIAN. HOWEVER, WHAN ANOTHER ALREADY ESTABLISHED MODIFIER IS APPROPRIATE IT SHOULD BE USED RATHER THAN MODIFIER -59. ONLY IF NO MORE DESCRIPTIVE MODIFIER IS AVAILABLE, AND THE USE OF MODIFIER -59 BEST EXPLAINS THE CIRCUMSTANCES, SHOULD MODIFIER -59 BE USED. MODIFIER CODE 09959 MAY BE USED AS AN ALTERNATE TO MODIFIER -59."
58761,70,59,16,5,2026-07-31 11:33:27,"DISTINCT PROCEDURAL SERVICE: UNDER CERTAIN CIRCUMSTANCES, THE PHYSICIAN MAY NEED TO INDICATE THAT A PROCEDURE OR SERVICE WAS DISTINCT OR INDEPENDENT FROM OTHER SERVICES PERFORMED ON THE SAME DAY. MODIFIER -59 IS USED TO IDENTIFY PROCEDURES/SERVICES THAT ARE NOT NORMALLY REPORTED TOGETHER, BUT ARE APPROPRIATE UNDER THE CIRCUMSTANCES. THIS MAY REPRESENT A DIFFERENT SESSION OR PATIENT ENCOUNTER, DIFFERENT PROCEDURE OR SURGERY, DIFFERNET SITE OR ORGAN SYSTEM, SEPARATE INCISION/EXCISION, SEPARATE LESION, OR SEPARATE INJURY (OR AREA OF INJURY IN EXTENSIVE INJURIES) NOT ORDINARILY ENCOUNTERED OR PERFORMED ON THE SAME DAY BY THE SAME PHYSICIAN. HOWEVER, WHAN ANOTHER ALREADY ESTABLISHED MODIFIER IS APPROPRIATE IT SHOULD BE USED RATHER THAN MODIFIER -59. ONLY IF NO MORE DESCRIPTIVE MODIFIER IS AVAILABLE, AND THE USE OF MODIFIER -59 BEST EXPLAINS THE CIRCUMSTANCES, SHOULD MODIFIER -59 BE USED. MODIFIER CODE 09959 MAY BE USED AS AN ALTERNATE TO MODIFIER -59."
58761,70,59,16,6,2026-07-31 11:33:27,"DISTINCT PROCEDURAL SERVICE: UNDER CERTAIN CIRCUMSTANCES, THE PHYSICIAN MAY NEED TO INDICATE THAT A PROCEDURE OR SERVICE WAS DISTINCT OR INDEPENDENT FROM OTHER SERVICES PERFORMED ON THE SAME DAY. MODIFIER -59 IS USED TO IDENTIFY PROCEDURES/SERVICES THAT ARE NOT NORMALLY REPORTED TOGETHER, BUT ARE APPROPRIATE UNDER THE CIRCUMSTANCES. THIS MAY REPRESENT A DIFFERENT SESSION OR PATIENT ENCOUNTER, DIFFERENT PROCEDURE OR SURGERY, DIFFERNET SITE OR ORGAN SYSTEM, SEPARATE INCISION/EXCISION, SEPARATE LESION, OR SEPARATE INJURY (OR AREA OF INJURY IN EXTENSIVE INJURIES) NOT ORDINARILY ENCOUNTERED OR PERFORMED ON THE SAME DAY BY THE SAME PHYSICIAN. HOWEVER, WHAN ANOTHER ALREADY ESTABLISHED MODIFIER IS APPROPRIATE IT SHOULD BE USED RATHER THAN MODIFIER -59. ONLY IF NO MORE DESCRIPTIVE MODIFIER IS AVAILABLE, AND THE USE OF MODIFIER -59 BEST EXPLAINS THE CIRCUMSTANCES, SHOULD MODIFIER -59 BE USED. MODIFIER CODE 09959 MAY BE USED AS AN ALTERNATE TO MODIFIER -59."
58761,70,59,16,7,2026-07-31 11:33:27,"DISTINCT PROCEDURAL SERVICE: UNDER CERTAIN CIRCUMSTANCES, THE PHYSICIAN MAY NEED TO INDICATE THAT A PROCEDURE OR SERVICE WAS DISTINCT OR INDEPENDENT FROM OTHER SERVICES PERFORMED ON THE SAME DAY. MODIFIER -59 IS USED TO IDENTIFY PROCEDURES/SERVICES THAT ARE NOT NORMALLY REPORTED TOGETHER, BUT ARE APPROPRIATE UNDER THE CIRCUMSTANCES. THIS MAY REPRESENT A DIFFERENT SESSION OR PATIENT ENCOUNTER, DIFFERENT PROCEDURE OR SURGERY, DIFFERNET SITE OR ORGAN SYSTEM, SEPARATE INCISION/EXCISION, SEPARATE LESION, OR SEPARATE INJURY (OR AREA OF INJURY IN EXTENSIVE INJURIES) NOT ORDINARILY ENCOUNTERED OR PERFORMED ON THE SAME DAY BY THE SAME PHYSICIAN. HOWEVER, WHAN ANOTHER ALREADY ESTABLISHED MODIFIER IS APPROPRIATE IT SHOULD BE USED RATHER THAN MODIFIER -59. ONLY IF NO MORE DESCRIPTIVE MODIFIER IS AVAILABLE, AND THE USE OF MODIFIER -59 BEST EXPLAINS THE CIRCUMSTANCES, SHOULD MODIFIER -59 BE USED. MODIFIER CODE 09959 MAY BE USED AS AN ALTERNATE TO MODIFIER -59."
58761,70,59,16,8,2026-07-31 11:33:27,"DISTINCT PROCEDURAL SERVICE: UNDER CERTAIN CIRCUMSTANCES, THE PHYSICIAN MAY NEED TO INDICATE THAT A PROCEDURE OR SERVICE WAS DISTINCT OR INDEPENDENT FROM OTHER SERVICES PERFORMED ON THE SAME DAY. MODIFIER -59 IS USED TO IDENTIFY PROCEDURES/SERVICES THAT ARE NOT NORMALLY REPORTED TOGETHER, BUT ARE APPROPRIATE UNDER THE CIRCUMSTANCES. THIS MAY REPRESENT A DIFFERENT SESSION OR PATIENT ENCOUNTER, DIFFERENT PROCEDURE OR SURGERY, DIFFERNET SITE OR ORGAN SYSTEM, SEPARATE INCISION/EXCISION, SEPARATE LESION, OR SEPARATE INJURY (OR AREA OF INJURY IN EXTENSIVE INJURIES) NOT ORDINARILY ENCOUNTERED OR PERFORMED ON THE SAME DAY BY THE SAME PHYSICIAN. HOWEVER, WHAN ANOTHER ALREADY ESTABLISHED MODIFIER IS APPROPRIATE IT SHOULD BE USED RATHER THAN MODIFIER -59. ONLY IF NO MORE DESCRIPTIVE MODIFIER IS AVAILABLE, AND THE USE OF MODIFIER -59 BEST EXPLAINS THE CIRCUMSTANCES, SHOULD MODIFIER -59 BE USED. MODIFIER CODE 09959 MAY BE USED AS AN ALTERNATE TO MODIFIER -59."
58761,70,59,16,9,2026-07-31 11:33:27,"DISTINCT PROCEDURAL SERVICE: UNDER CERTAIN CIRCUMSTANCES, THE PHYSICIAN MAY NEED TO INDICATE THAT A PROCEDURE OR SERVICE WAS DISTINCT OR INDEPENDENT FROM OTHER SERVICES PERFORMED ON THE SAME DAY. MODIFIER -59 IS USED TO IDENTIFY PROCEDURES/SERVICES THAT ARE NOT NORMALLY REPORTED TOGETHER, BUT ARE APPROPRIATE UNDER THE CIRCUMSTANCES. THIS MAY REPRESENT A DIFFERENT SESSION OR PATIENT ENCOUNTER, DIFFERENT PROCEDURE OR SURGERY, DIFFERNET SITE OR ORGAN SYSTEM, SEPARATE INCISION/EXCISION, SEPARATE LESION, OR SEPARATE INJURY (OR AREA OF INJURY IN EXTENSIVE INJURIES) NOT ORDINARILY ENCOUNTERED OR PERFORMED ON THE SAME DAY BY THE SAME PHYSICIAN. HOWEVER, WHAN ANOTHER ALREADY ESTABLISHED MODIFIER IS APPROPRIATE IT SHOULD BE USED RATHER THAN MODIFIER -59. ONLY IF NO MORE DESCRIPTIVE MODIFIER IS AVAILABLE, AND THE USE OF MODIFIER -59 BEST EXPLAINS THE CIRCUMSTANCES, SHOULD MODIFIER -59 BE USED. MODIFIER CODE 09959 MAY BE USED AS AN ALTERNATE TO MODIFIER -59."
58761,70,59,16,10,2026-07-31 11:33:27,"DISTINCT PROCEDURAL SERVICE: UNDER CERTAIN CIRCUMSTANCES, THE PHYSICIAN MAY NEED TO INDICATE THAT A PROCEDURE OR SERVICE WAS DISTINCT OR INDEPENDENT FROM OTHER SERVICES PERFORMED ON THE SAME DAY. MODIFIER -59 IS USED TO IDENTIFY PROCEDURES/SERVICES THAT ARE NOT NORMALLY REPORTED TOGETHER, BUT ARE APPROPRIATE UNDER THE CIRCUMSTANCES. THIS MAY REPRESENT A DIFFERENT SESSION OR PATIENT ENCOUNTER, DIFFERENT PROCEDURE OR SURGERY, DIFFERNET SITE OR ORGAN SYSTEM, SEPARATE INCISION/EXCISION, SEPARATE LESION, OR SEPARATE INJURY (OR AREA OF INJURY IN EXTENSIVE INJURIES) NOT ORDINARILY ENCOUNTERED OR PERFORMED ON THE SAME DAY BY THE SAME PHYSICIAN. HOWEVER, WHAN ANOTHER ALREADY ESTABLISHED MODIFIER IS APPROPRIATE IT SHOULD BE USED RATHER THAN MODIFIER -59. ONLY IF NO MORE DESCRIPTIVE MODIFIER IS AVAILABLE, AND THE USE OF MODIFIER -59 BEST EXPLAINS THE CIRCUMSTANCES, SHOULD MODIFIER -59 BE USED. MODIFIER CODE 09959 MAY BE USED AS AN ALTERNATE TO MODIFIER -59."
58761,70,59,16,11,2026-07-31 11:33:27,"DISTINCT PROCEDURAL SERVICE: UNDER CERTAIN CIRCUMSTANCES, THE PHYSICIAN MAY NEED TO INDICATE THAT A PROCEDURE OR SERVICE WAS DISTINCT OR INDEPENDENT FROM OTHER SERVICES PERFORMED ON THE SAME DAY. MODIFIER -59 IS USED TO IDENTIFY PROCEDURES/SERVICES THAT ARE NOT NORMALLY REPORTED TOGETHER, BUT ARE APPROPRIATE UNDER THE CIRCUMSTANCES. THIS MAY REPRESENT A DIFFERENT SESSION OR PATIENT ENCOUNTER, DIFFERENT PROCEDURE OR SURGERY, DIFFERNET SITE OR ORGAN SYSTEM, SEPARATE INCISION/EXCISION, SEPARATE LESION, OR SEPARATE INJURY (OR AREA OF INJURY IN EXTENSIVE INJURIES) NOT ORDINARILY ENCOUNTERED OR PERFORMED ON THE SAME DAY BY THE SAME PHYSICIAN. HOWEVER, WHAN ANOTHER ALREADY ESTABLISHED MODIFIER IS APPROPRIATE IT SHOULD BE USED RATHER THAN MODIFIER -59. ONLY IF NO MORE DESCRIPTIVE MODIFIER IS AVAILABLE, AND THE USE OF MODIFIER -59 BEST EXPLAINS THE CIRCUMSTANCES, SHOULD MODIFIER -59 BE USED. MODIFIER CODE 09959 MAY BE USED AS AN ALTERNATE TO MODIFIER -59."
58761,70,59,16,12,2026-07-31 11:33:27,"DISTINCT PROCEDURAL SERVICE: UNDER CERTAIN CIRCUMSTANCES, THE PHYSICIAN MAY NEED TO INDICATE THAT A PROCEDURE OR SERVICE WAS DISTINCT OR INDEPENDENT FROM OTHER SERVICES PERFORMED ON THE SAME DAY. MODIFIER -59 IS USED TO IDENTIFY PROCEDURES/SERVICES THAT ARE NOT NORMALLY REPORTED TOGETHER, BUT ARE APPROPRIATE UNDER THE CIRCUMSTANCES. THIS MAY REPRESENT A DIFFERENT SESSION OR PATIENT ENCOUNTER, DIFFERENT PROCEDURE OR SURGERY, DIFFERNET SITE OR ORGAN SYSTEM, SEPARATE INCISION/EXCISION, SEPARATE LESION, OR SEPARATE INJURY (OR AREA OF INJURY IN EXTENSIVE INJURIES) NOT ORDINARILY ENCOUNTERED OR PERFORMED ON THE SAME DAY BY THE SAME PHYSICIAN. HOWEVER, WHAN ANOTHER ALREADY ESTABLISHED MODIFIER IS APPROPRIATE IT SHOULD BE USED RATHER THAN MODIFIER -59. ONLY IF NO MORE DESCRIPTIVE MODIFIER IS AVAILABLE, AND THE USE OF MODIFIER -59 BEST EXPLAINS THE CIRCUMSTANCES, SHOULD MODIFIER -59 BE USED. MODIFIER CODE 09959 MAY BE USED AS AN ALTERNATE TO MODIFIER -59."
58777,11,50,12,1,2023-11-20 16:38:02,"BILATERAL PROCEDURE: UNLESS OTHERWISE IDENTIFIED IN THE LISTINGS, BILATERAL PROCEDURES THAT ARE PERFORMED AT THE SAME OPERATIVE SESSION SHOULD BE IDENTIFIED BY ADDING THE MODIFIER -50 TO THE APPROPRIATE FIVE DIGIT CODE OR BY USE OF THE SEPARATE FIVE DIGIT MODIFIER CODE 09950"
58777,11,KX,12,1,2023-11-20 16:38:02,REQUIREMENTS SPECIFIED IN THE MEDICAL POLICY HAVE BEEN MET
58777,11,LT,12,1,2023-11-20 16:38:02,LEFT SIDE (USED TO IDENTIFY PROCEDURES PERFORMED ON THE LEFT SIDE OF THE BODY)
58777,11,RT,12,1,2023-11-20 16:38:02,RIGHT SIDE (USED TO IDENTIFY PROCEDURES PERFORMED ON THE RIGHT SIDE OF THE BODY)
58801,85,59,16,1,2026-07-10 13:49:04,"DISTINCT PROCEDURAL SERVICE: UNDER CERTAIN CIRCUMSTANCES, THE PHYSICIAN MAY NEED TO INDICATE THAT A PROCEDURE OR SERVICE WAS DISTINCT OR INDEPENDENT FROM OTHER SERVICES PERFORMED ON THE SAME DAY. MODIFIER -59 IS USED TO IDENTIFY PROCEDURES/SERVICES THAT ARE NOT NORMALLY REPORTED TOGETHER, BUT ARE APPROPRIATE UNDER THE CIRCUMSTANCES. THIS MAY REPRESENT A DIFFERENT SESSION OR PATIENT ENCOUNTER, DIFFERENT PROCEDURE OR SURGERY, DIFFERNET SITE OR ORGAN SYSTEM, SEPARATE INCISION/EXCISION, SEPARATE LESION, OR SEPARATE INJURY (OR AREA OF INJURY IN EXTENSIVE INJURIES) NOT ORDINARILY ENCOUNTERED OR PERFORMED ON THE SAME DAY BY THE SAME PHYSICIAN. HOWEVER, WHAN ANOTHER ALREADY ESTABLISHED MODIFIER IS APPROPRIATE IT SHOULD BE USED RATHER THAN MODIFIER -59. ONLY IF NO MORE DESCRIPTIVE MODIFIER IS AVAILABLE, AND THE USE OF MODIFIER -59 BEST EXPLAINS THE CIRCUMSTANCES, SHOULD MODIFIER -59 BE USED. MODIFIER CODE 09959 MAY BE USED AS AN ALTERNATE TO MODIFIER -59."
58812,81,59,16,1,2026-07-10 13:49:41,"DISTINCT PROCEDURAL SERVICE: UNDER CERTAIN CIRCUMSTANCES, THE PHYSICIAN MAY NEED TO INDICATE THAT A PROCEDURE OR SERVICE WAS DISTINCT OR INDEPENDENT FROM OTHER SERVICES PERFORMED ON THE SAME DAY. MODIFIER -59 IS USED TO IDENTIFY PROCEDURES/SERVICES THAT ARE NOT NORMALLY REPORTED TOGETHER, BUT ARE APPROPRIATE UNDER THE CIRCUMSTANCES. THIS MAY REPRESENT A DIFFERENT SESSION OR PATIENT ENCOUNTER, DIFFERENT PROCEDURE OR SURGERY, DIFFERNET SITE OR ORGAN SYSTEM, SEPARATE INCISION/EXCISION, SEPARATE LESION, OR SEPARATE INJURY (OR AREA OF INJURY IN EXTENSIVE INJURIES) NOT ORDINARILY ENCOUNTERED OR PERFORMED ON THE SAME DAY BY THE SAME PHYSICIAN. HOWEVER, WHAN ANOTHER ALREADY ESTABLISHED MODIFIER IS APPROPRIATE IT SHOULD BE USED RATHER THAN MODIFIER -59. ONLY IF NO MORE DESCRIPTIVE MODIFIER IS AVAILABLE, AND THE USE OF MODIFIER -59 BEST EXPLAINS THE CIRCUMSTANCES, SHOULD MODIFIER -59 BE USED. MODIFIER CODE 09959 MAY BE USED AS AN ALTERNATE TO MODIFIER -59."
58817,6,59,12,1,2023-11-07 16:43:54,"DISTINCT PROCEDURAL SERVICE: UNDER CERTAIN CIRCUMSTANCES, THE PHYSICIAN MAY NEED TO INDICATE THAT A PROCEDURE OR SERVICE WAS DISTINCT OR INDEPENDENT FROM OTHER SERVICES PERFORMED ON THE SAME DAY. MODIFIER -59 IS USED TO IDENTIFY PROCEDURES/SERVICES THAT ARE NOT NORMALLY REPORTED TOGETHER, BUT ARE APPROPRIATE UNDER THE CIRCUMSTANCES. THIS MAY REPRESENT A DIFFERENT SESSION OR PATIENT ENCOUNTER, DIFFERENT PROCEDURE OR SURGERY, DIFFERNET SITE OR ORGAN SYSTEM, SEPARATE INCISION/EXCISION, SEPARATE LESION, OR SEPARATE INJURY (OR AREA OF INJURY IN EXTENSIVE INJURIES) NOT ORDINARILY ENCOUNTERED OR PERFORMED ON THE SAME DAY BY THE SAME PHYSICIAN. HOWEVER, WHAN ANOTHER ALREADY ESTABLISHED MODIFIER IS APPROPRIATE IT SHOULD BE USED RATHER THAN MODIFIER -59. ONLY IF NO MORE DESCRIPTIVE MODIFIER IS AVAILABLE, AND THE USE OF MODIFIER -59 BEST EXPLAINS THE CIRCUMSTANCES, SHOULD MODIFIER -59 BE USED. MODIFIER CODE 09959 MAY BE USED AS AN ALTERNATE TO MODIFIER -59."
58817,6,QW,12,1,2023-11-07 16:43:54,CLIA WAIVED TEST
58821,7,GA,7,1,2022-03-09 15:36:34,"WAIVER OF LIABILITY STATEMENT ISSUED AS REQUIRED BY PAYER POLICY, INDIVIDUAL CASE"
58821,7,GZ,7,1,2022-03-09 15:36:34,ITEM OR SERVICE EXPECTED TO BE DENIED AS NOT REASONABLE AND NECESSARY
58821,7,KX,7,1,2022-03-09 15:36:34,REQUIREMENTS SPECIFIED IN THE MEDICAL POLICY HAVE BEEN MET
58821,7,SC,7,1,2022-03-09 15:36:34,MEDICALLY NECESSARY SERVICE OR SUPPLY
58917,101,59,16,1,2026-07-10 13:50:33,"DISTINCT PROCEDURAL SERVICE: UNDER CERTAIN CIRCUMSTANCES, THE PHYSICIAN MAY NEED TO INDICATE THAT A PROCEDURE OR SERVICE WAS DISTINCT OR INDEPENDENT FROM OTHER SERVICES PERFORMED ON THE SAME DAY. MODIFIER -59 IS USED TO IDENTIFY PROCEDURES/SERVICES THAT ARE NOT NORMALLY REPORTED TOGETHER, BUT ARE APPROPRIATE UNDER THE CIRCUMSTANCES. THIS MAY REPRESENT A DIFFERENT SESSION OR PATIENT ENCOUNTER, DIFFERENT PROCEDURE OR SURGERY, DIFFERNET SITE OR ORGAN SYSTEM, SEPARATE INCISION/EXCISION, SEPARATE LESION, OR SEPARATE INJURY (OR AREA OF INJURY IN EXTENSIVE INJURIES) NOT ORDINARILY ENCOUNTERED OR PERFORMED ON THE SAME DAY BY THE SAME PHYSICIAN. HOWEVER, WHAN ANOTHER ALREADY ESTABLISHED MODIFIER IS APPROPRIATE IT SHOULD BE USED RATHER THAN MODIFIER -59. ONLY IF NO MORE DESCRIPTIVE MODIFIER IS AVAILABLE, AND THE USE OF MODIFIER -59 BEST EXPLAINS THE CIRCUMSTANCES, SHOULD MODIFIER -59 BE USED. MODIFIER CODE 09959 MAY BE USED AS AN ALTERNATE TO MODIFIER -59."
58918,90,59,16,1,2026-07-10 13:51:17,"DISTINCT PROCEDURAL SERVICE: UNDER CERTAIN CIRCUMSTANCES, THE PHYSICIAN MAY NEED TO INDICATE THAT A PROCEDURE OR SERVICE WAS DISTINCT OR INDEPENDENT FROM OTHER SERVICES PERFORMED ON THE SAME DAY. MODIFIER -59 IS USED TO IDENTIFY PROCEDURES/SERVICES THAT ARE NOT NORMALLY REPORTED TOGETHER, BUT ARE APPROPRIATE UNDER THE CIRCUMSTANCES. THIS MAY REPRESENT A DIFFERENT SESSION OR PATIENT ENCOUNTER, DIFFERENT PROCEDURE OR SURGERY, DIFFERNET SITE OR ORGAN SYSTEM, SEPARATE INCISION/EXCISION, SEPARATE LESION, OR SEPARATE INJURY (OR AREA OF INJURY IN EXTENSIVE INJURIES) NOT ORDINARILY ENCOUNTERED OR PERFORMED ON THE SAME DAY BY THE SAME PHYSICIAN. HOWEVER, WHAN ANOTHER ALREADY ESTABLISHED MODIFIER IS APPROPRIATE IT SHOULD BE USED RATHER THAN MODIFIER -59. ONLY IF NO MORE DESCRIPTIVE MODIFIER IS AVAILABLE, AND THE USE OF MODIFIER -59 BEST EXPLAINS THE CIRCUMSTANCES, SHOULD MODIFIER -59 BE USED. MODIFIER CODE 09959 MAY BE USED AS AN ALTERNATE TO MODIFIER -59."
58982,19,EA,14,1,2025-04-10 12:56:51,ERYTHROPOIETIC STIMULATING AGENT (ESA) ADMINISTERED TO TREAT ANEMIA DUE TO ANTI-CANCER CHEMOTHERAPY
58982,19,EB,14,1,2025-04-10 12:56:51,ERYTHROPOIETIC STIMULATING AGENT (ESA) ADMINISTERED TO TREAT ANEMIA DUE TO ANTI-CANCER RADIOTHERAPY
58982,19,EC,14,1,2025-04-10 12:56:51,ERYTHROPOIETIC STIMULATING AGENT (ESA) ADMINISTERED TO TREAT ANEMIA NOT DUE TO ANTI-CANCER RADIOTHERAPY OR ANTI-CANCER CHEMOTHERAPY
58982,19,GA,14,1,2025-04-10 12:56:51,"WAIVER OF LIABILITY STATEMENT ISSUED AS REQUIRED BY PAYER POLICY, INDIVIDUAL CASE"
58982,19,GX,14,1,2025-04-10 12:56:51,"NOTICE OF LIABILITY ISSUED, VOLUNTARY UNDER PAYER POLICY"
58982,19,GY,14,1,2025-04-10 12:56:51,"ITEM OR SERVICE STATUTORILY EXCLUDED, DOES NOT MEET THE DEFINITION OF ANY MEDICARE BENEFIT OR, FOR NON-MEDICARE INSURERS, IS NOT A CONTRACT BENEFIT"
58982,19,GZ,14,1,2025-04-10 12:56:51,ITEM OR SERVICE EXPECTED TO BE DENIED AS NOT REASONABLE AND NECESSARY
58982,19,JA,14,1,2025-04-10 12:56:51,ADMINISTERED INTRAVENOUSLY
58982,19,JB,14,1,2025-04-10 12:56:51,ADMINISTERED SUBCUTANEOUSLY
58982,19,JE,14,1,2025-04-10 12:56:51,ADMINISTERED VIA DIALYSATE
59028,12,F1,15,1,2026-01-27 16:14:31,"LEFT HAND, SECOND DIGIT"
59028,12,F2,15,1,2026-01-27 16:14:31,"LEFT HAND, THIRD DIGIT"
59028,12,F3,15,1,2026-01-27 16:14:31,"LEFT HAND, FOURTH DIGIT"
59028,12,F4,15,1,2026-01-27 16:14:31,"LEFT HAND, FIFTH DIGIT"
59028,12,F5,15,1,2026-01-27 16:14:31,"RIGHT HAND, THUMB"
59028,12,F6,15,1,2026-01-27 16:14:31,"RIGHT HAND, SECOND DIGIT"
59028,12,F7,15,1,2026-01-27 16:14:31,"RIGHT HAND, THIRD DIGIT"
59028,12,F8,15,1,2026-01-27 16:14:31,"RIGHT HAND, FOURTH DIGIT"
59028,12,F9,15,1,2026-01-27 16:14:31,"RIGHT HAND, FIFTH DIGIT"
59028,12,FA,15,1,2026-01-27 16:14:31,"LEFT HAND, THUMB"
59028,12,T1,15,1,2026-01-27 16:14:31,"LEFT FOOT, SECOND DIGIT"
59028,12,T2,15,1,2026-01-27 16:14:31,"LEFT FOOT, THIRD DIGIT"
59028,12,T3,15,1,2026-01-27 16:14:31,"LEFT FOOT, FOURTH DIGIT"
59028,12,T4,15,1,2026-01-27 16:14:31,"LEFT FOOT, FIFTH DIGIT"
59028,12,T5,15,1,2026-01-27 16:14:31,"RIGHT FOOT, GREAT TOE"
59028,12,T6,15,1,2026-01-27 16:14:31,"RIGHT FOOT, SECOND DIGIT"
59028,12,T7,15,1,2026-01-27 16:14:31,"RIGHT FOOT, THIRD DIGIT"
59028,12,T8,15,1,2026-01-27 16:14:31,"RIGHT FOOT, FOURTH DIGIT"
59028,12,T9,15,1,2026-01-27 16:14:31,"RIGHT FOOT, FIFTH DIGIT"
59028,12,TA,15,1,2026-01-27 16:14:31,"LEFT FOOT, GREAT TOE"
59030,13,25,15,1,2026-01-27 16:46:36,"SIGNIFICANT, SEPARATELY IDENTIFIABLE EVALUATION AND MANAGEMENT SERVICE BY THE SAME PHYSICIAN ON THE SAME DAY OF THE PROCEDURE OR OTHER SERVICE: THE PHYSICIAN MAY NEED TO INDICATE THAT ON THE DAY A PROCEDURE OR SERVICE IDENTIFIED BY A CPTCODE WAS PERFORMED, THE PATIENT'S CONDITION REQUIRED A SIGNIFICANT, SEPARATELY IDENTIFIABLE E/M SERVICE ABOVE AND BEYOND THE OTHER SERVICE PROVIDED OR BEYOND THE USUAL PREOPERATIVE AND POSTOPERATIVE CARE ASSOCIATED WITH THE PROCEDURE THAT WAS PERFORMED. THE E/M SERVICE MAY BE PROMPTED BY THE SYMPTOM OR CONDITION FOR WHICH THE PROCEDURE AND/OR SERVICE WAS PROVIDED. AS SUCH, DIFFERENT DIAGNOSES ARE NOT REQUIRED FOR REPORTING OF THE E/M SERVICES ON THE SAME DATE. THIS CIRCUMSTANCE MAY BE REPORTED BY ADDING THE MODIFIER -25 TO THE APPROPRIATE LEVEL OF E/M SERVICE, OR THE SEPARATE FIVE DIGIT MODIFIER 09925 MAY BE USED. NOTE: THIS MODIFIER IS NOT USED TO REPORT AN E/M SERVICE THAT RESULTED IN A DECISION TO PERFORM SURGERY. SEE MODIFIER -57."
59030,13,50,15,1,2026-01-27 16:46:36,"BILATERAL PROCEDURE: UNLESS OTHERWISE IDENTIFIED IN THE LISTINGS, BILATERAL PROCEDURES THAT ARE PERFORMED AT THE SAME OPERATIVE SESSION SHOULD BE IDENTIFIED BY ADDING THE MODIFIER -50 TO THE APPROPRIATE FIVE DIGIT CODE OR BY USE OF THE SEPARATE FIVE DIGIT MODIFIER CODE 09950"
59030,13,EJ,15,1,2026-01-27 16:46:36,"SUBSEQUENT CLAIMS FOR A DEFINED COURSE OF THERAPY, E.G., EPO, SODIUM HYALURONATE, INFLIXIMAB"
59030,13,JW,15,1,2026-01-27 16:46:36,DRUG AMOUNT DISCARDED/NOT ADMINISTERED TO ANY PATIENT
59030,13,JZ,15,1,2026-01-27 16:46:36,ZERO DRUG AMOUNT DISCARDED/NOT ADMINISTERED TO ANY PATIENT
59030,13,LT,15,1,2026-01-27 16:46:36,LEFT SIDE (USED TO IDENTIFY PROCEDURES PERFORMED ON THE LEFT SIDE OF THE BODY)
59030,13,RT,15,1,2026-01-27 16:46:36,RIGHT SIDE (USED TO IDENTIFY PROCEDURES PERFORMED ON THE RIGHT SIDE OF THE BODY)
59036,23,25,15,1,2026-02-04 14:04:18,"SIGNIFICANT, SEPARATELY IDENTIFIABLE EVALUATION AND MANAGEMENT SERVICE BY THE SAME PHYSICIAN ON THE SAME DAY OF THE PROCEDURE OR OTHER SERVICE: THE PHYSICIAN MAY NEED TO INDICATE THAT ON THE DAY A PROCEDURE OR SERVICE IDENTIFIED BY A CPTCODE WAS PERFORMED, THE PATIENT'S CONDITION REQUIRED A SIGNIFICANT, SEPARATELY IDENTIFIABLE E/M SERVICE ABOVE AND BEYOND THE OTHER SERVICE PROVIDED OR BEYOND THE USUAL PREOPERATIVE AND POSTOPERATIVE CARE ASSOCIATED WITH THE PROCEDURE THAT WAS PERFORMED. THE E/M SERVICE MAY BE PROMPTED BY THE SYMPTOM OR CONDITION FOR WHICH THE PROCEDURE AND/OR SERVICE WAS PROVIDED. AS SUCH, DIFFERENT DIAGNOSES ARE NOT REQUIRED FOR REPORTING OF THE E/M SERVICES ON THE SAME DATE. THIS CIRCUMSTANCE MAY BE REPORTED BY ADDING THE MODIFIER -25 TO THE APPROPRIATE LEVEL OF E/M SERVICE, OR THE SEPARATE FIVE DIGIT MODIFIER 09925 MAY BE USED. NOTE: THIS MODIFIER IS NOT USED TO REPORT AN E/M SERVICE THAT RESULTED IN A DECISION TO PERFORM SURGERY. SEE MODIFIER -57."
59160,13,JW,14,1,2025-08-14 18:05:46,DRUG AMOUNT DISCARDED/NOT ADMINISTERED TO ANY PATIENT
59160,13,JZ,14,1,2025-08-14 18:05:46,ZERO DRUG AMOUNT DISCARDED/NOT ADMINISTERED TO ANY PATIENT
59668,29,GA,15,1,2026-04-24 14:05:55,"WAIVER OF LIABILITY STATEMENT ISSUED AS REQUIRED BY PAYER POLICY, INDIVIDUAL CASE"
59668,29,GX,15,1,2026-04-24 14:05:55,"NOTICE OF LIABILITY ISSUED, VOLUNTARY UNDER PAYER POLICY"
59668,29,GY,15,1,2026-04-24 14:05:55,"ITEM OR SERVICE STATUTORILY EXCLUDED, DOES NOT MEET THE DEFINITION OF ANY MEDICARE BENEFIT OR, FOR NON-MEDICARE INSURERS, IS NOT A CONTRACT BENEFIT"
59668,29,GZ,15,1,2026-04-24 14:05:55,ITEM OR SERVICE EXPECTED TO BE DENIED AS NOT REASONABLE AND NECESSARY
59674,18,GA,15,1,2026-04-24 14:06:43,"WAIVER OF LIABILITY STATEMENT ISSUED AS REQUIRED BY PAYER POLICY, INDIVIDUAL CASE"
59674,18,GX,15,1,2026-04-24 14:06:43,"NOTICE OF LIABILITY ISSUED, VOLUNTARY UNDER PAYER POLICY"
59674,18,GY,15,1,2026-04-24 14:06:43,"ITEM OR SERVICE STATUTORILY EXCLUDED, DOES NOT MEET THE DEFINITION OF ANY MEDICARE BENEFIT OR, FOR NON-MEDICARE INSURERS, IS NOT A CONTRACT BENEFIT"
59674,18,GZ,15,1,2026-04-24 14:06:43,ITEM OR SERVICE EXPECTED TO BE DENIED AS NOT REASONABLE AND NECESSARY
59721,6,GA,15,1,2026-01-16 14:27:39,"WAIVER OF LIABILITY STATEMENT ISSUED AS REQUIRED BY PAYER POLICY, INDIVIDUAL CASE"
59721,6,GX,15,1,2026-01-16 14:27:39,"NOTICE OF LIABILITY ISSUED, VOLUNTARY UNDER PAYER POLICY"
59721,6,GY,15,1,2026-01-16 14:27:39,"ITEM OR SERVICE STATUTORILY EXCLUDED, DOES NOT MEET THE DEFINITION OF ANY MEDICARE BENEFIT OR, FOR NON-MEDICARE INSURERS, IS NOT A CONTRACT BENEFIT"
59721,6,GZ,15,1,2026-01-16 14:27:39,ITEM OR SERVICE EXPECTED TO BE DENIED AS NOT REASONABLE AND NECESSARY
59807,8,50,16,1,2026-07-27 12:14:39,"BILATERAL PROCEDURE: UNLESS OTHERWISE IDENTIFIED IN THE LISTINGS, BILATERAL PROCEDURES THAT ARE PERFORMED AT THE SAME OPERATIVE SESSION SHOULD BE IDENTIFIED BY ADDING THE MODIFIER -50 TO THE APPROPRIATE FIVE DIGIT CODE OR BY USE OF THE SEPARATE FIVE DIGIT MODIFIER CODE 09950"
59807,8,LT,16,1,2026-07-27 12:14:39,LEFT SIDE (USED TO IDENTIFY PROCEDURES PERFORMED ON THE LEFT SIDE OF THE BODY)
59807,8,RT,16,1,2026-07-27 12:14:39,RIGHT SIDE (USED TO IDENTIFY PROCEDURES PERFORMED ON THE RIGHT SIDE OF THE BODY)
59892,2,Q0,12,1,2024-08-16 18:25:16,INVESTIGATIONAL CLINICAL SERVICE PROVIDED IN A CLINICAL RESEARCH STUDY THAT IS IN AN APPROVED CLINICAL RESEARCH STUDY
59892,2,Q1,12,1,2024-08-16 18:25:16,ROUTINE CLINICAL SERVICE PROVIDED IN A CLINICAL RESEARCH STUDY THAT IS IN AN APPROVED CLINICAL RESEARCH STUDY
59915,27,59,15,1,2026-07-15 21:12:16.790000,"DISTINCT PROCEDURAL SERVICE: UNDER CERTAIN CIRCUMSTANCES, THE PHYSICIAN MAY NEED TO INDICATE THAT A PROCEDURE OR SERVICE WAS DISTINCT OR INDEPENDENT FROM OTHER SERVICES PERFORMED ON THE SAME DAY. MODIFIER -59 IS USED TO IDENTIFY PROCEDURES/SERVICES THAT ARE NOT NORMALLY REPORTED TOGETHER, BUT ARE APPROPRIATE UNDER THE CIRCUMSTANCES. THIS MAY REPRESENT A DIFFERENT SESSION OR PATIENT ENCOUNTER, DIFFERENT PROCEDURE OR SURGERY, DIFFERNET SITE OR ORGAN SYSTEM, SEPARATE INCISION/EXCISION, SEPARATE LESION, OR SEPARATE INJURY (OR AREA OF INJURY IN EXTENSIVE INJURIES) NOT ORDINARILY ENCOUNTERED OR PERFORMED ON THE SAME DAY BY THE SAME PHYSICIAN. HOWEVER, WHAN ANOTHER ALREADY ESTABLISHED MODIFIER IS APPROPRIATE IT SHOULD BE USED RATHER THAN MODIFIER -59. ONLY IF NO MORE DESCRIPTIVE MODIFIER IS AVAILABLE, AND THE USE OF MODIFIER -59 BEST EXPLAINS THE CIRCUMSTANCES, SHOULD MODIFIER -59 BE USED. MODIFIER CODE 09959 MAY BE USED AS AN ALTERNATE TO MODIFIER -59."
59933,9,JW,12,1,2024-10-04 15:29:35,DRUG AMOUNT DISCARDED/NOT ADMINISTERED TO ANY PATIENT
59933,9,JZ,12,1,2024-10-04 15:29:35,ZERO DRUG AMOUNT DISCARDED/NOT ADMINISTERED TO ANY PATIENT
59940,5,JW,12,1,2024-10-04 15:30:23,DRUG AMOUNT DISCARDED/NOT ADMINISTERED TO ANY PATIENT
59940,5,JZ,12,1,2024-10-04 15:30:23,ZERO DRUG AMOUNT DISCARDED/NOT ADMINISTERED TO ANY PATIENT
60176,18,GY,15,1,2026-07-14 22:43:03.667000,"ITEM OR SERVICE STATUTORILY EXCLUDED, DOES NOT MEET THE DEFINITION OF ANY MEDICARE BENEFIT OR, FOR NON-MEDICARE INSURERS, IS NOT A CONTRACT BENEFIT"
60176,18,GZ,15,1,2026-07-14 22:43:03.667000,ITEM OR SERVICE EXPECTED TO BE DENIED AS NOT REASONABLE AND NECESSARY
60176,18,KX,15,1,2026-07-14 22:43:03.667000,REQUIREMENTS SPECIFIED IN THE MEDICAL POLICY HAVE BEEN MET
60177,5,GY,14,1,2025-05-09 11:26:42,"ITEM OR SERVICE STATUTORILY EXCLUDED, DOES NOT MEET THE DEFINITION OF ANY MEDICARE BENEFIT OR, FOR NON-MEDICARE INSURERS, IS NOT A CONTRACT BENEFIT"
60177,5,GZ,14,1,2025-05-09 11:26:42,ITEM OR SERVICE EXPECTED TO BE DENIED AS NOT REASONABLE AND NECESSARY
60180,4,GY,14,1,2025-05-08 12:36:56,"ITEM OR SERVICE STATUTORILY EXCLUDED, DOES NOT MEET THE DEFINITION OF ANY MEDICARE BENEFIT OR, FOR NON-MEDICARE INSURERS, IS NOT A CONTRACT BENEFIT"
60180,4,GZ,14,1,2025-05-08 12:36:56,ITEM OR SERVICE EXPECTED TO BE DENIED AS NOT REASONABLE AND NECESSARY
60181,12,GY,15,1,2026-04-06 19:39:37,"ITEM OR SERVICE STATUTORILY EXCLUDED, DOES NOT MEET THE DEFINITION OF ANY MEDICARE BENEFIT OR, FOR NON-MEDICARE INSURERS, IS NOT A CONTRACT BENEFIT"
60181,12,GZ,15,1,2026-04-06 19:39:37,ITEM OR SERVICE EXPECTED TO BE DENIED AS NOT REASONABLE AND NECESSARY
60181,12,KX,15,1,2026-04-06 19:39:37,REQUIREMENTS SPECIFIED IN THE MEDICAL POLICY HAVE BEEN MET
60184,3,GY,14,1,2025-05-08 17:54:13,"ITEM OR SERVICE STATUTORILY EXCLUDED, DOES NOT MEET THE DEFINITION OF ANY MEDICARE BENEFIT OR, FOR NON-MEDICARE INSURERS, IS NOT A CONTRACT BENEFIT"
60184,3,GZ,14,1,2025-05-08 17:54:13,ITEM OR SERVICE EXPECTED TO BE DENIED AS NOT REASONABLE AND NECESSARY
60185,11,GY,15,1,2026-04-29 18:55:07,"ITEM OR SERVICE STATUTORILY EXCLUDED, DOES NOT MEET THE DEFINITION OF ANY MEDICARE BENEFIT OR, FOR NON-MEDICARE INSURERS, IS NOT A CONTRACT BENEFIT"
60185,11,GZ,15,1,2026-04-29 18:55:07,ITEM OR SERVICE EXPECTED TO BE DENIED AS NOT REASONABLE AND NECESSARY
60185,11,KX,15,1,2026-04-29 18:55:07,REQUIREMENTS SPECIFIED IN THE MEDICAL POLICY HAVE BEEN MET
60210,3,GY,14,1,2025-05-08 20:58:52,"ITEM OR SERVICE STATUTORILY EXCLUDED, DOES NOT MEET THE DEFINITION OF ANY MEDICARE BENEFIT OR, FOR NON-MEDICARE INSURERS, IS NOT A CONTRACT BENEFIT"
60210,3,GZ,14,1,2025-05-08 20:58:52,ITEM OR SERVICE EXPECTED TO BE DENIED AS NOT REASONABLE AND NECESSARY
60211,10,GY,15,1,2026-04-06 16:14:57,"ITEM OR SERVICE STATUTORILY EXCLUDED, DOES NOT MEET THE DEFINITION OF ANY MEDICARE BENEFIT OR, FOR NON-MEDICARE INSURERS, IS NOT A CONTRACT BENEFIT"
60211,10,GZ,15,1,2026-04-06 16:14:57,ITEM OR SERVICE EXPECTED TO BE DENIED AS NOT REASONABLE AND NECESSARY
60211,10,KX,15,1,2026-04-06 16:14:57,REQUIREMENTS SPECIFIED IN THE MEDICAL POLICY HAVE BEEN MET
60212,2,GY,14,1,2025-05-07 16:57:58,"ITEM OR SERVICE STATUTORILY EXCLUDED, DOES NOT MEET THE DEFINITION OF ANY MEDICARE BENEFIT OR, FOR NON-MEDICARE INSURERS, IS NOT A CONTRACT BENEFIT"
60212,2,GZ,14,1,2025-05-07 16:57:58,ITEM OR SERVICE EXPECTED TO BE DENIED AS NOT REASONABLE AND NECESSARY
60213,13,GY,15,1,2026-04-10 11:53:59,"ITEM OR SERVICE STATUTORILY EXCLUDED, DOES NOT MEET THE DEFINITION OF ANY MEDICARE BENEFIT OR, FOR NON-MEDICARE INSURERS, IS NOT A CONTRACT BENEFIT"
60213,13,GZ,15,1,2026-04-10 11:53:59,ITEM OR SERVICE EXPECTED TO BE DENIED AS NOT REASONABLE AND NECESSARY
60213,13,KX,15,1,2026-04-10 11:53:59,REQUIREMENTS SPECIFIED IN THE MEDICAL POLICY HAVE BEEN MET
60222,4,KX,15,1,2026-05-14 12:45:24,REQUIREMENTS SPECIFIED IN THE MEDICAL POLICY HAVE BEEN MET
60297,3,50,14,1,2025-09-19 13:12:09,"BILATERAL PROCEDURE: UNLESS OTHERWISE IDENTIFIED IN THE LISTINGS, BILATERAL PROCEDURES THAT ARE PERFORMED AT THE SAME OPERATIVE SESSION SHOULD BE IDENTIFIED BY ADDING THE MODIFIER -50 TO THE APPROPRIATE FIVE DIGIT CODE OR BY USE OF THE SEPARATE FIVE DIGIT MODIFIER CODE 09950"
60297,3,59,14,1,2025-09-19 13:12:09,"DISTINCT PROCEDURAL SERVICE: UNDER CERTAIN CIRCUMSTANCES, THE PHYSICIAN MAY NEED TO INDICATE THAT A PROCEDURE OR SERVICE WAS DISTINCT OR INDEPENDENT FROM OTHER SERVICES PERFORMED ON THE SAME DAY. MODIFIER -59 IS USED TO IDENTIFY PROCEDURES/SERVICES THAT ARE NOT NORMALLY REPORTED TOGETHER, BUT ARE APPROPRIATE UNDER THE CIRCUMSTANCES. THIS MAY REPRESENT A DIFFERENT SESSION OR PATIENT ENCOUNTER, DIFFERENT PROCEDURE OR SURGERY, DIFFERNET SITE OR ORGAN SYSTEM, SEPARATE INCISION/EXCISION, SEPARATE LESION, OR SEPARATE INJURY (OR AREA OF INJURY IN EXTENSIVE INJURIES) NOT ORDINARILY ENCOUNTERED OR PERFORMED ON THE SAME DAY BY THE SAME PHYSICIAN. HOWEVER, WHAN ANOTHER ALREADY ESTABLISHED MODIFIER IS APPROPRIATE IT SHOULD BE USED RATHER THAN MODIFIER -59. ONLY IF NO MORE DESCRIPTIVE MODIFIER IS AVAILABLE, AND THE USE OF MODIFIER -59 BEST EXPLAINS THE CIRCUMSTANCES, SHOULD MODIFIER -59 BE USED. MODIFIER CODE 09959 MAY BE USED AS AN ALTERNATE TO MODIFIER -59."
60297,3,GA,14,1,2025-09-19 13:12:09,"WAIVER OF LIABILITY STATEMENT ISSUED AS REQUIRED BY PAYER POLICY, INDIVIDUAL CASE"
60297,3,GX,14,1,2025-09-19 13:12:09,"NOTICE OF LIABILITY ISSUED, VOLUNTARY UNDER PAYER POLICY"
60297,3,GY,14,1,2025-09-19 13:12:09,"ITEM OR SERVICE STATUTORILY EXCLUDED, DOES NOT MEET THE DEFINITION OF ANY MEDICARE BENEFIT OR, FOR NON-MEDICARE INSURERS, IS NOT A CONTRACT BENEFIT"
60297,3,GZ,14,1,2025-09-19 13:12:09,ITEM OR SERVICE EXPECTED TO BE DENIED AS NOT REASONABLE AND NECESSARY
60297,3,LT,14,1,2025-09-19 13:12:09,LEFT SIDE (USED TO IDENTIFY PROCEDURES PERFORMED ON THE LEFT SIDE OF THE BODY)
60297,3,RT,14,1,2025-09-19 13:12:09,RIGHT SIDE (USED TO IDENTIFY PROCEDURES PERFORMED ON THE RIGHT SIDE OF THE BODY)
60297,3,XU,14,1,2025-09-19 13:12:09,"UNUSUAL NON-OVERLAPPING SERVICE, THE USE OF A SERVICE THAT IS DISTINCT BECAUSE IT DOES NOT OVERLAP USUAL COMPONENTS OF THE MAIN SERVICE"
60315,4,KX,15,1,2026-03-27 16:53:30,REQUIREMENTS SPECIFIED IN THE MEDICAL POLICY HAVE BEEN MET
60315,4,LT,15,1,2026-03-27 16:53:30,LEFT SIDE (USED TO IDENTIFY PROCEDURES PERFORMED ON THE LEFT SIDE OF THE BODY)
60315,4,RT,15,1,2026-03-27 16:53:30,RIGHT SIDE (USED TO IDENTIFY PROCEDURES PERFORMED ON THE RIGHT SIDE OF THE BODY)
60318,5,KX,15,1,2026-03-27 16:54:22,REQUIREMENTS SPECIFIED IN THE MEDICAL POLICY HAVE BEEN MET
60318,5,LT,15,1,2026-03-27 16:54:22,LEFT SIDE (USED TO IDENTIFY PROCEDURES PERFORMED ON THE LEFT SIDE OF THE BODY)
60318,5,RT,15,1,2026-03-27 16:54:22,RIGHT SIDE (USED TO IDENTIFY PROCEDURES PERFORMED ON THE RIGHT SIDE OF THE BODY)
60333,12,KX,15,1,2026-02-13 17:53:58,REQUIREMENTS SPECIFIED IN THE MEDICAL POLICY HAVE BEEN MET
60340,11,KX,15,1,2026-02-13 17:54:53,REQUIREMENTS SPECIFIED IN THE MEDICAL POLICY HAVE BEEN MET
60380,5,EA,15,1,2026-01-08 19:38:16,ERYTHROPOIETIC STIMULATING AGENT (ESA) ADMINISTERED TO TREAT ANEMIA DUE TO ANTI-CANCER CHEMOTHERAPY
60380,5,EB,15,1,2026-01-08 19:38:16,ERYTHROPOIETIC STIMULATING AGENT (ESA) ADMINISTERED TO TREAT ANEMIA DUE TO ANTI-CANCER RADIOTHERAPY
60380,5,EC,15,1,2026-01-08 19:38:16,ERYTHROPOIETIC STIMULATING AGENT (ESA) ADMINISTERED TO TREAT ANEMIA NOT DUE TO ANTI-CANCER RADIOTHERAPY OR ANTI-CANCER CHEMOTHERAPY
60380,5,GA,15,1,2026-01-08 19:38:16,"WAIVER OF LIABILITY STATEMENT ISSUED AS REQUIRED BY PAYER POLICY, INDIVIDUAL CASE"
60380,5,GX,15,1,2026-01-08 19:38:16,"NOTICE OF LIABILITY ISSUED, VOLUNTARY UNDER PAYER POLICY"
60380,5,GY,15,1,2026-01-08 19:38:16,"ITEM OR SERVICE STATUTORILY EXCLUDED, DOES NOT MEET THE DEFINITION OF ANY MEDICARE BENEFIT OR, FOR NON-MEDICARE INSURERS, IS NOT A CONTRACT BENEFIT"
60380,5,GZ,15,1,2026-01-08 19:38:16,ITEM OR SERVICE EXPECTED TO BE DENIED AS NOT REASONABLE AND NECESSARY
60380,5,JA,15,1,2026-01-08 19:38:16,ADMINISTERED INTRAVENOUSLY
60380,5,JB,15,1,2026-01-08 19:38:16,ADMINISTERED SUBCUTANEOUSLY
60380,5,JE,15,1,2026-01-08 19:38:16,ADMINISTERED VIA DIALYSATE
60381,3,EA,15,1,2026-07-16 16:40:37.790000,ERYTHROPOIETIC STIMULATING AGENT (ESA) ADMINISTERED TO TREAT ANEMIA DUE TO ANTI-CANCER CHEMOTHERAPY
60381,3,EB,15,1,2026-07-16 16:40:37.790000,ERYTHROPOIETIC STIMULATING AGENT (ESA) ADMINISTERED TO TREAT ANEMIA DUE TO ANTI-CANCER RADIOTHERAPY
60381,3,EC,15,1,2026-07-16 16:40:37.790000,ERYTHROPOIETIC STIMULATING AGENT (ESA) ADMINISTERED TO TREAT ANEMIA NOT DUE TO ANTI-CANCER RADIOTHERAPY OR ANTI-CANCER CHEMOTHERAPY
60381,3,ED,15,1,2026-07-16 16:40:37.790000,HEMATOCRIT LEVEL HAS EXCEEDED 39% (OR HEMOGLOBIN LEVEL HAS EXCEEDED 13.0 G/DL) FOR 3 OR MORE CONSECUTIVE BILLING CYCLES IMMEDIATELY PRIOR TO AND INCLUDING THE CURRENT CYCLE
60381,3,EE,15,1,2026-07-16 16:40:37.790000,HEMATOCRIT LEVEL HAS NOT EXCEEDED 39% (OR HEMOGLOBIN LEVEL HAS NOT EXCEEDED 13.0 G/DL) FOR 3 OR MORE CONSECUTIVE BILLING CYCLES IMMEDIATELY PRIOR TO AND INCLUDING THE CURRENT CYCLE
60381,3,GA,15,1,2026-07-16 16:40:37.790000,"WAIVER OF LIABILITY STATEMENT ISSUED AS REQUIRED BY PAYER POLICY, INDIVIDUAL CASE"
60381,3,GX,15,1,2026-07-16 16:40:37.790000,"NOTICE OF LIABILITY ISSUED, VOLUNTARY UNDER PAYER POLICY"
60381,3,GY,15,1,2026-07-16 16:40:37.790000,"ITEM OR SERVICE STATUTORILY EXCLUDED, DOES NOT MEET THE DEFINITION OF ANY MEDICARE BENEFIT OR, FOR NON-MEDICARE INSURERS, IS NOT A CONTRACT BENEFIT"
60381,3,GZ,15,1,2026-07-16 16:40:37.790000,ITEM OR SERVICE EXPECTED TO BE DENIED AS NOT REASONABLE AND NECESSARY
60381,3,JA,15,1,2026-07-16 16:40:37.790000,ADMINISTERED INTRAVENOUSLY
60381,3,JB,15,1,2026-07-16 16:40:37.790000,ADMINISTERED SUBCUTANEOUSLY
60381,3,JE,15,1,2026-07-16 16:40:37.790000,ADMINISTERED VIA DIALYSATE
60393,2,KX,15,1,2026-01-22 19:04:57,REQUIREMENTS SPECIFIED IN THE MEDICAL POLICY HAVE BEEN MET
60409,2,91,15,1,2026-03-27 12:42:33,"REPEAT CLINICAL DIAGNOSTIC LABORATORY TEST: IN THE COURSE OF TREATMENT OF THE PATIENT, IT MAY BE NECESSARY TO REPEAT THE SAME LABORATORY TEST ON THE SAME DAY TO OBTAIN SUBSEQUENT (MULTIPLE) TEST RESULTS. UNDER THESE CIRCUMSTANCES, THE LABORATORY TEST PERFORMED CAN BE IDENTIFIED BY ITS USUAL PROCEDURE NUMBER AND THE ADDITION OF THE MODIFIER '-91'. NOTE: THIS MODIFIER MAY NOT BE USED WHEN TESTS ARE RERUN TO CONFIRM INITIAL RESULTS; DUE TO TESTING PROBLEMS WITH SPECIMENS OR EQUIPMENT; OR FOR ANY OTHER REASON WHEN A NORMAL, ONE-TIME, REPORTABLE RESULT IS ALL THAT IS REQUIRED. THIS MODIFIER MAY NOT BE USED WHEN OTHER CODE(S) DESCRIBE A SERIES OF TEST RESULTS (E.G., GLUCOSE TOLERANCE TESTS, EVOCATIVE/SUPPRESSION TESTING). THIS MODIFIER MAY ONLY BE USED FOR LABORATORY TEST(S) PERFORMED MORE THAN ONCE ON THE SAME DAY ON THE SAME PATIENT."
60435,3,EA,15,1,2026-05-12 00:12:23,ERYTHROPOIETIC STIMULATING AGENT (ESA) ADMINISTERED TO TREAT ANEMIA DUE TO ANTI-CANCER CHEMOTHERAPY
60435,3,EB,15,1,2026-05-12 00:12:23,ERYTHROPOIETIC STIMULATING AGENT (ESA) ADMINISTERED TO TREAT ANEMIA DUE TO ANTI-CANCER RADIOTHERAPY
60435,3,EC,15,1,2026-05-12 00:12:23,ERYTHROPOIETIC STIMULATING AGENT (ESA) ADMINISTERED TO TREAT ANEMIA NOT DUE TO ANTI-CANCER RADIOTHERAPY OR ANTI-CANCER CHEMOTHERAPY
60435,3,ED,15,1,2026-05-12 00:12:23,HEMATOCRIT LEVEL HAS EXCEEDED 39% (OR HEMOGLOBIN LEVEL HAS EXCEEDED 13.0 G/DL) FOR 3 OR MORE CONSECUTIVE BILLING CYCLES IMMEDIATELY PRIOR TO AND INCLUDING THE CURRENT CYCLE
60435,3,EE,15,1,2026-05-12 00:12:23,HEMATOCRIT LEVEL HAS NOT EXCEEDED 39% (OR HEMOGLOBIN LEVEL HAS NOT EXCEEDED 13.0 G/DL) FOR 3 OR MORE CONSECUTIVE BILLING CYCLES IMMEDIATELY PRIOR TO AND INCLUDING THE CURRENT CYCLE
