article_id,article_version,hcpc_code_group,paragraph,last_updated
52369,17,1,,2026-07-14 22:42:58.410000
52370,135,1,"<p>Effective 01/01/2026, HCPCS code Q5160 should be used to report bevacizumab-nwgd (jobevneTM), 10mg</p>
<p>Effective 04/01/2023, HCPCS code Q5129 should be used to report bevacizumab-adcd (Vegzelma&#174;). Effective 09/27/2022 through 03/31/2023 HCPCS code J3590 should be reported.<span style=""line-height: 107%;""><br /></span></p>
<p style=""line-height: normal;"">Effective 01/01/2023, HCPCS code Q5126 should be reported for bevacizumab-maly, biosimilar, (ALYMSYS1&#174;), 10 mg. Effective 10/01/2022 through 12/31/2022, HCPCS code C9142 Injection, bevacizumab-maly, biosimilar, (ALYMSYS&#174;), 10 mg has been added for services billed to the Part A MAC. HCPCS code J3590 should be reported for the Part B MAC.</p>
<p style=""line-height: normal;"">HCPCS code C9142, C9257, Q5107, Q5118 or Q5126 should be reported for treatment of approved ophthalmologic indications billed to the Part A MAC.<br /><br />HCPCS code C9142, J9035, Q5107, Q5118 or Q5126 (bill one unit per eye) should be reported for the treatment of approved ophthalmologic indications billed to the Part B MAC.</p>",2026-07-31 17:44:06.317000
52370,135,2,<p><u>Intravitreal injection code </u></p>,2026-07-31 17:44:06.347000
52379,10,1,,2026-07-14 22:42:59.290000
52399,75,1,,2026-07-16 16:30:41.893000
52420,64,1,"<p>Effective for dates of service on or after 04/01/2021, HCPCS code J7321 should be used to report Visco-3&trade;.</p>
<p>Report&nbsp;HCPCS code C9465 for&nbsp;Durolane&reg; when billed to the Part A MAC and HCPCS code J3490&nbsp;when billed to the Part B MAC for dates of service prior to 01/01/2019.</p>
<p>For dates of service on or after 10/01/2019 HCPCS code J7331 should be used to report Synojoynt&trade;.</p>
<p>For dates of service on or after 10/01/2019 HCPCS code J7332 should be used to report Triluron&trade;.</p>
<p>&nbsp;</p>
<p>&nbsp;</p>
<p>&nbsp;</p>",2026-07-14 22:43:00.043000
52420,64,2,<p><u>Injection procedure codes</u></p>,2026-07-14 22:43:00.043000
52421,23,1,,2026-07-14 22:43:00.153000
52423,84,1,"<p>&nbsp;</p>
<p>&nbsp;</p>
<p>&nbsp;</p>
<p>&nbsp;</p>",2026-07-14 22:43:00.377000
52430,12,1,,2025-11-26 22:23:51.150000
52432,14,1,,2023-11-07 17:38:39.787000
52434,51,1,"<p>CPT codes 96170, 96171 are not covered services.</p>",2026-07-14 22:43:04.873000
52435,14,1,,2025-11-26 22:25:16.797000
52437,17,1,,2025-11-26 22:26:52.073000
52438,22,1,,2025-09-18 20:45:40.897000
52447,30,1,,2026-07-14 22:43:04.947000
52448,24,1,,2026-07-14 22:43:01.550000
52450,83,1,"<p>Effective for dates of service from 7/1/2023 through 12/31/2024, HCPCS code J9259 should be used to report Injection, paclitaxel protein-bound particles (American regent).<span style=""line-height: 107%;""><br /><br /></span></p>
<p><span style=""line-height: 107%;""><br /><br /></span></p>",2026-07-14 22:43:02.067000
52451,89,1,"<p>Effective for dates of service 04/01/2024, HCPCS code J0177 should be used to report aflibercept HD for Part A and B services. For services performed 8/18/2023 through 1/1/2024, aflibercept HD should be reported using HCPCS codes J3490, J3590, C9161 or C9399 for Part A and Part B services.</p>
<p style=""line-height: normal;"">Effective for dates of service 10/01/2022, HCPCS code J2777 should be used to report Faricimab-svoa (Vabysmo&#8482;) for Part A and Part B services. Effective for dates of service 07/01/2022 through 09/30/2022, HCPCS code C9097 should be used to report Faricimab-svoa (Vabysmo&#8482;) for Part A services. For dates of service 01/28/2022 through 06/30/2022, HCPCS code J3590 should be used to report Faricimab-svoa (Vabysmo&#8482;) for Part A services.</p>
<p style=""line-height: normal;""><span style=""line-height: 107%;"">Effective for dates of service 1/28/2022 </span>through 09/30/2022, <span style=""line-height: 107%;"">HCPCS code J3590 should be used to report Faricimab-svoa (Vabysmo&#8482;) for Part B services.<br /></span></p>
<p>Effective 04/01/2023, HCPCS code Q5128 should be used to report Ranibizumab-eqrn (CIMERLI&#8482;). Effective for dates of service on or after 08/02/2022 through 03/31/2023, HCPCS codes J3490, J3590 or C9399 should be used to report Ranibizumab-eqrn (CIMERLI&#8482;) for Part A and Part B services.&#160;</p>
<p style=""line-height: normal;"">Effective for dates of service 4/1/2022 HCPCS code Q5124 should be used to report ranibizumab-nuna, biosimilar, (Byooviz). For dates of service 9/17/2021 through 3/31/2022 HCPCS code J3590 should be used to report ranibizumab-nuna, biosimilar, (Byooviz).<span style=""line-height: 107%;"">&#160;</span></p>
<p>Effective 10/30/2024 PAVBLU (aflibercept-ayyh) should be reported using HCPCS codes J3490, J3590 for Part B services, or C9399 for Part A services through 3/31/2025. Effective 4/1/2025, PAVBLU (aflibercept-ayyh) should be reported using HCPCS code Q5147.</p>
<p>Effective 4/1/2025,&#160;AHZANTIVE&#174; (aflibercept-mrbb) should be reported using HCPCS code Q5150.</p>
<p>Effective 4/1/2025,&#160;ENZEEVU&#8482; (aflibercept-abzv) should be reported using HCPCS code Q5149.</p>
<p>Effective 7/1/2025, OPUVIZ&#8482;aflibercept-yszy should be reported using HCPCS code Q5153.</p>
<p>Effective 10/1/2025 YESAFILI&#8482;aflibercept-jbvf should be reported using HCPCS code Q5155.</p>
<p>Effective 07/01/2026 Ranibizumab-leyk should be reported using HCPCS code Q5168.</p>
<p>Effective 07/01/2026 Aflibercept-boav should be reported using HCPCS code Q5170.</p>",2026-07-24 15:36:31.593000
52451,89,2,<p><u>Intravitreal injection code</u></p>,2026-07-24 15:36:31.637000
52451,89,3,<p>Via SUSVIMO drug implant only</p>,2026-07-24 15:36:31.643000
52453,49,1,"<p>Effective for dates of service on or after 01/01/2023, leuprolide acetate for depot suspension (Lutrate) should be reported with HCPCS code J1954.<br /><br />Effective for dates of service on or after 01/01/2022, leuprolide mesylate (Camcevi&reg;), should be reported with HCPCS code J1952.</p>
<p>Effective for dates of service 5/26/2021 through 12/31/2021, leuprolide mesylate (Camcevi&reg;), should be reported with HCPCS code J3590.</p>
<p>CPT Code J9218 is not covered under Medicare because it is self-administered.</p>",2026-07-14 22:43:00.513000
52457,65,1,,2026-04-03 00:25:33.043000
52458,40,1,,2026-04-15 12:41:36.387000
52459,23,1,,2022-04-07 21:36:30.163000
52460,16,1,,2022-04-07 21:37:19.480000
52461,21,1,,2022-04-07 21:38:51.473000
52462,32,1,,2025-09-11 13:46:37.753000
52463,32,1,,2025-09-11 13:48:26.473000
52464,65,1,,2026-04-15 12:46:44.353000
52465,72,1,,2026-04-01 18:31:19.690000
52466,87,1,,2026-06-10 15:25:01.947000
52467,54,1,,2024-05-08 15:56:44.013000
52468,22,1,,2022-04-07 21:44:53.017000
52469,28,1,,2024-10-09 18:19:00.987000
52470,19,1,,2026-07-27 18:03:29.237000
52474,40,1,,2025-09-12 13:35:43.240000
52476,27,1,,2022-04-07 14:02:29.980000
52477,16,1,,2022-04-07 14:09:34.460000
52478,26,1,,2025-10-03 15:02:26.177000
52479,73,1,,2025-12-31 13:50:29.867000
52480,90,1,,2025-12-31 14:02:24.090000
52481,30,1,,2025-03-27 12:56:19.103000
52487,33,1,,2025-04-03 16:17:00.633000
52489,24,1,,2022-04-07 14:19:18.920000
52490,27,1,,2022-04-07 14:19:58.820000
52492,22,1,,2026-05-05 16:08:57.190000
52494,63,1,"<p><span style=""line-height: 115%;"">&nbsp;</span></p>",2025-09-11 14:03:15.467000
52495,18,1,,2022-04-07 16:51:16.627000
52496,64,1,,2026-06-11 15:17:17.257000
52497,35,1,,2024-06-05 19:22:53.533000
52498,64,1,,2026-04-03 00:26:19.660000
52499,23,1,,2022-05-18 17:35:40.333000
52500,46,1,,2026-04-03 00:26:44.590000
52501,47,1,,2024-11-26 12:52:36.080000
52502,20,1,,2022-04-07 16:49:20.087000
52503,26,1,,2025-10-23 17:00:08.390000
52504,61,1,,2026-04-03 00:27:07.020000
52505,80,1,,2026-05-21 16:54:43.070000
52507,156,1,,2026-01-27 18:51:05.057000
52508,39,1,,2022-04-07 12:33:09.437000
52509,73,1,,2026-06-19 14:05:58.220000
52510,61,1,,2025-09-12 13:51:39.003000
52511,28,1,,2022-04-07 12:40:02.103000
52512,46,1,,2024-05-09 18:55:43.097000
52513,50,1,,2026-07-02 18:30:37.273000
52514,61,1,<p>N/A</p>,2024-05-09 18:59:28.417000
52516,26,1,,2023-09-20 13:41:37.443000
52517,50,1,,2025-10-03 14:40:04.770000
52518,36,1,,2023-05-11 16:30:31.903000
52519,39,1,,2024-05-09 18:57:25.583000
52520,31,1,,2022-11-11 14:43:17.447000
52521,55,1,,2026-04-02 16:24:23.997000
52535,14,1,,2026-07-27 18:01:49.973000
52537,11,1,,2023-12-29 17:39:23.173000
52711,22,1,,2022-04-07 21:46:31.147000
52712,25,1,,2022-04-07 21:47:16.250000
52713,18,1,,2022-04-07 14:00:02.457000
52825,12,1,,2026-07-14 22:43:05.240000
52830,9,1,Not applicable,2026-07-28 17:58:37.117000
52837,21,1,<p>The CPT codes in Group 1 are generally considered reconstructive in nature.</p>,2026-07-14 22:43:04.647000
52837,21,2,"<p>The CPT codes in Group 2 may potentially be considered as cosmetic and thus not covered by Medicare. Documentation to support functional impairment, visual or otherwise, must be present. (Please see the ""Indications and Limitations"" and ""Documentation Requirements"" sections.)</p>",2026-07-14 22:43:04.647000
52840,3,1,"Procedure codes may be subject to National Correct Coding Initiative (NCCI) edits or OPPS packaging edits. Refer to NCCI and OPPS requirements prior to billing Medicare.<br><br>For services requiring a referring/ordering physician, the name and NPI of the referring/ordering physician must be reported on the claim.<br><br><b>Part B Services</b><br>Providers should enter clinical trial and non-clinical trial services on separate lines when both types of services are submitted on the same claim form.<br><br>Items and services provided free of charge by research sponsors should not be billed to Medicare. If these items are required for payment of another payable service, providers should submit the items as non-covered (use modifiers FB and GX or GY). For OPPS claims, a token charge must be entered on the line for a no-cost item.<br><br>Routine costs of a clinical trial should be submitted to the Part B MAC as follows:<ul type=disc> <li> Report modifier ""Q1"" with each service. ICD-10-CM code Z00.6 (examination of participant in clinical trial) should be reported as the secondary diagnosis.<li>It is mandatory to report a clinical trial number on claims for items and services provided in clinical trials that are qualified for coverage. However, for physicians, providers, and suppliers who do not have the capacity at this time to report the clinical trials identifier number associated with trial-related claims, CMS is providing an option to submit a generic number in place of the actual National Clinical Trials (NCT) number. Beginning January 1, 2014, and continuing no later than through December 31, 2014, those above-mentioned physicians, providers, and suppliers may instead report an 8-digit, generic number 99999999, following the instructions in transmittal #R2805CP.<br><br>",2026-07-14 22:43:04.730000
52841,4,1,,2026-07-14 22:43:04.910000
52842,18,1,,2026-07-14 22:43:04.980000
52845,8,1,,2026-07-14 21:41:56.480000
52849,36,1,<p><strong>CPT code 77048 and 77049 should not be used by OPPS providers.</strong><br /><br />HCPCS codes C8903 through C8908 are to be billed to the Part A MAC and not the Part B MAC.<br /><br /></p>,2026-07-14 22:42:58.687000
52850,56,1,<p><b>The following CPT/HCPCS codes describe cardiac catheterization.</b></p>,2026-07-14 22:42:58.803000
52850,56,2,<p><b>The following CPT/HCPCS codes describe SELECTIVE extra-cardiac angiography.</b></p>,2026-07-14 22:42:58.803000
52850,56,3,<p><strong>The following CPT/HCPCS code describes NON-SELECTIVE extra-cardiac angiography.</strong></p>,2026-07-14 22:42:58.803000
52855,31,1,,2026-07-14 22:42:59.380000
52863,59,1,"<p><strong>INJECTION OF TENDON SHEATHS, LIGAMENTS, GANGLION CYSTS, CARPAL AND TARSAL TUNNELS </strong></p>",2026-07-14 22:43:02.130000
52863,59,2,"<p><p style=""line-height: normal;""><strong>Dry Needling</strong></p>
<p style=""line-height: normal;"">For dates of service on or after 01/01/2020, dry needling should be reported using CPT codes 20560 or 20561. Effective January 21, 2020, Medicare will cover all types of acupuncture including dry needling for chronic low back pain within specific guidelines in accordance with NCD 30.3.3.</p></p>",2026-07-14 22:43:02.130000
52866,35,1,<p>N/A</p>,2026-07-14 22:43:03.557000
52868,46,1,,2026-07-14 22:43:03.933000
52870,38,1,"<p>CPT code 37799 should be used to report ""Trivex Procedure"".</p>
<p>&nbsp;</p>",2026-07-14 22:43:04.177000
52917,4,1,,2023-11-22 16:25:23.587000
52918,5,1,,2023-11-22 18:30:28.603000
52986,242,1,"<p><strong>Note:</strong> Providers are reminded to refer to the long descriptors of the CPT codes in their CPT book.</p>
<p><strong>Note</strong>: Please see the indications and limitations section of the LCD for details regarding CPT/HCPCS codes: 81292, 81293, 81294, 81321, 81322, 81323, 81437, 81479, 81520, 81525, 81540, and 81546.</p>
<p>Please see NCD 90.2, Next Generation Sequencing (NGS) for Patients with Advanced Cancer.</p>",2025-04-25 17:28:16.790000
52992,30,1,<p><strong><br />Note:</strong> Providers are reminded to refer to the long descriptors of the CPT codes in their CPT book.</p>,2025-04-11 13:01:08.820000
52992,30,2,,2025-04-11 13:01:08.953000
52993,54,1,<p><strong>Note:</strong> Providers are reminded to refer to the long descriptors of the CPT codes in their CPT book.</p>,2024-10-18 13:42:54.580000
52996,31,1,<p><strong>Note:</strong> Providers are reminded to refer to the long descriptors of the CPT codes in their CPT book.</p>,2025-09-26 13:52:26.733000
52998,50,1,<p><strong>Note: </strong>Providers are reminded to refer to the long descriptors of the CPT codes in their CPT book.</p>,2026-01-23 14:04:06.273000
53001,45,1,<p>Providers are reminded to refer to the long descriptors of the CPT codes in their CPT book.</p>,2026-01-23 14:04:57.280000
53006,14,1,,2019-12-12 15:59:00.543000
53008,56,1,<p>The following CPT/HCPCS codes are used for reporting intravitreal use of Bevacizumab (Avastin):</p>,2025-10-27 12:06:22.083000
53018,14,1,,2026-07-14 22:43:03.710000
53019,15,1,,2026-07-14 22:43:05.167000
53020,3,1,,2026-07-14 22:43:05.200000
53024,22,1,,2025-09-16 14:35:05.060000
53026,65,1,"<p><strong>Nationally Covered CPT Procedure Codes</strong><br /><br />For services on or after February 21, 2006, the following CPT procedure codes are covered for bariatric surgery:</p>",2025-12-22 16:12:02.160000
53026,65,2,<p><strong>Noridian Local Coverage for Laparoscopic Sleeve Gastrectomy</strong></p>,2025-12-22 16:12:02.180000
53043,16,1,,2026-06-19 12:08:45.950000
53047,17,1,"<p><span style=""line-height: 115%;"">The CPT<sup>&reg;</sup> codes are considered medically necessary when the indications of coverage in the Cataract Surgery L34413 Local Coverage Determination (LCD) are met for surgical cataract treatment. A reasonable and necessary standard must be met for the utilized anterior segment drainage device.</span></p>",2021-12-29 16:33:30.113000
53052,48,1,"<p><strong><span style=""line-height: 115%;"">Note:</span></strong><span style=""line-height: 115%;""> CPT/HCPCS code G0153 must be used by Home Health agencies billing a 32x bill type. G0153 code is used to report 15-minute increments. All other CPT/HCPCS codes listed in this </span><span style=""line-height: 115%;"">article are for informational and descriptive use only.</span></p>",2025-08-19 18:16:46.157000
53053,14,1,,2022-05-12 13:18:15.087000
53055,13,1,,2019-04-04 21:20:46.710000
53056,15,1,,2024-11-27 17:20:58.890000
53057,67,1,,2026-02-04 14:14:58.877000
53058,65,1,<p>The following codes should be used by Physical Therapists</p>,2026-02-04 14:12:57.160000
53058,65,2,<p>Other CPT/HCPCS codes found in this policy are for informational and descriptive use only</p>,2026-02-04 14:12:57.237000
53060,48,1,,2025-08-14 12:47:17.163000
53064,87,1,,2026-02-04 14:07:04.790000
53065,76,1,,2026-02-04 14:09:20.810000
53084,28,1,,2025-09-23 11:39:33.467000
53095,28,1,,2024-09-05 14:24:28.900000
53101,46,1,,2024-08-29 13:10:23.803000
53104,32,1,,2022-01-18 13:18:14.163000
53105,22,1,,2019-10-16 21:55:24.107000
53106,16,1,,2017-12-14 21:28:42.490000
53134,84,1,<p>Note: Providers are reminded to refer to the long descriptors of the CPT codes in their CPT book.</p>,2023-11-22 12:43:03.527000
53134,84,2,"<p><strong><span style=""line-height: 107%;"">The following CPT/HCPCS codes are Non-Covered.</span></strong></p>",2023-11-22 12:43:03.543000
53296,23,1,,2026-02-23 13:14:49.917000
53304,16,1,,2025-09-23 11:39:32.887000
53322,16,1,,2025-09-16 14:35:04.557000
53352,13,1,,2025-09-23 11:39:33.023000
53356,14,1,"<p><b> The following procedures, when used for sterilization to prevent reproduction, will be auto-denied due to the absence of a Medicare benefit category.<br><br><br></p>",2025-09-23 11:39:34.163000
53359,40,1,<p>Covered CPT/HCPCS Codes:</p>,2026-06-17 15:00:08.727000
53359,40,2,<p><strong>Ancillary Coding</strong></p>,2026-06-17 15:00:08.813000
53387,35,1,,2026-06-26 12:42:12.280000
53399,13,1,<p>Examples for use of CPT<sup>&reg;</sup> modifier 59:</p>,2019-11-07 15:59:39.827000
53423,16,1,,2019-09-30 14:29:56.313000
53435,11,1,,2023-01-11 18:34:32.433000
53441,10,1,,2019-09-26 17:30:03.880000
53444,14,1,,2023-01-10 20:56:52.930000
53446,6,1,,2018-01-31 21:12:55.907000
53472,18,1,,2019-12-03 21:10:27.220000
53480,14,1,,2019-10-15 14:36:38.463000
53482,13,1,,2019-10-24 00:19:10.990000
53484,18,1,,2026-05-04 13:10:02.670000
53488,11,1,,2019-10-02 12:44:20.687000
53495,11,1,,2024-11-12 14:59:57.377000
53497,15,1,,2023-01-11 13:47:04.450000
53497,15,2,,2023-01-11 13:47:04.457000
53531,22,1,,2024-09-09 13:22:00.780000
53531,22,2,"<p><p style=""line-height: 98%;""><span style=""line-height: 98%;"">The following should be reported for ABL1 Kinase Domain Mutation Analysis for the detection of acquired imatinib tyrosine kinase inhibitor resistance.</span></p></p>",2024-09-09 13:22:00.797000
53538,15,1,,2019-10-15 15:07:32.113000
53558,29,1,,2022-01-18 12:58:03.883000
53605,21,1,,2021-07-08 12:10:04.590000
53702,19,1,,2019-11-11 14:30:33.437000
53708,16,1,<p><strong>Following is a list of appropriate HCPCS Codes</strong><br /><br /><strong>Note</strong> L7510 should only be used to report the replacement of minor parts necessary for the functionality of the device that are not identified by another procedure code. Accessories or supplies should be reported under code L9900. Incorrect coding will result in denials.</p>,2019-10-30 14:47:41.223000
53773,20,1,,2024-01-12 15:56:27.940000
53775,34,1,,2025-01-07 15:40:50.350000
53778,14,1,,2019-09-25 21:21:37.700000
53781,17,1,,2024-01-11 16:38:49.450000
53784,15,1,,2020-08-12 19:50:20.290000
53793,38,1,"<p>Transwoman procedures (male to female)<br /><br />*NOTE: For Part A services only, the provider should bill the appropriate procedure code(s) for inpatient services.<br /><br />The following CPT<sup>&reg;</sup> codes will be considered when applicable criteria have been met:</p>",2026-01-27 16:35:59.960000
53793,38,2,"<p>Transman procedures (female to male)<br /><br />*NOTE: For Part A services only, the provider should bill the appropriate procedure code(s) for inpatient services.<br /><br />The following CPT<sup><span style=""font-size: small;"">&reg;</span></sup> codes will be considered when applicable criteria have been met:</p>",2026-01-27 16:35:59.997000
53793,38,3,"<p>All unlisted procedure codes will suspend for medical review.<br /><br />The following CPT<sup><span style=""font-size: small;"">&reg;</span></sup> codes are considered cosmetic. When billed with any Covered ICD-10 Codes listed below, the service will not be covered (list may not be all-inclusive):</p>",2026-01-27 16:36:00.073000
53883,26,1,<p><strong>Note:</strong> Providers are reminded to refer to the long descriptors of the CPT codes in their CPT book.</p>,2024-03-01 14:33:37.040000
53893,11,1,,2025-09-23 11:39:34.010000
53916,12,1,,2025-09-23 11:39:33.840000
53931,6,1,,2024-11-07 19:04:06.690000
53972,10,1,,2025-09-23 11:39:33.540000
53986,18,1,<p>The CPT/HCPCS code(s) may be subject to Correct Coding Initiative (CCI) edits. This advice in this article does not take precedence over CCI edits. Please refer to the CCI for correct coding guidelines and specific applicable code combinations prior to billing the A/B MAC.</p>,2024-12-04 18:18:01.130000
53988,20,1,,2024-12-04 17:54:47.940000
54018,33,1,,2023-07-21 17:08:27.440000
54021,26,1,,2024-05-24 15:25:57.813000
54061,23,1,,2025-12-22 15:12:01.497000
54095,68,1,"<p><br />Providers are reminded to refer to the long descriptors of the CPT codes in their CPT book.<br /><br /><strong>Electromyography of Anal or Urethral Sphincter</strong></p>
<p>&nbsp;</p>",2025-09-26 17:04:49.410000
54095,68,2,<p><strong><br />Needle Electromyography for Guidance in Conjunction with Chemodenervation<br /><br /></strong></p>,2025-09-26 17:04:49.480000
54095,68,3,<p><strong><br />Needle Electromyography and Nerve Conduction Studies<br /><br /></strong></p>,2025-09-26 17:04:49.490000
54095,68,4,<p><strong><br />Neuromuscular Junction Testing<br /><br /></strong></p>,2025-09-26 17:04:49.553000
54095,68,5,<p><strong><br />Needle Electromyography of the Larynx<br /><br /></strong></p>,2025-09-26 17:04:49.563000
54095,68,6,<p><strong><br />Single Fiber Electromyography<br /><br /></strong></p>,2025-09-26 17:04:49.573000
54095,68,7,"<p>To bill the following non-covered services/tests, report CPT code 95999 appended with the GY modifier. When submitting claims, providers must provide a description of the service/test in the narrative/remarks field (Item 19) on the CMS-1500 claim form or the electronic equivalent: <strong>1)</strong> Non-invasive EDX testing using portable hand-held devices or automated point of care nerve conduction monitoring systems, which are incapable of real-time waveform display and analysis <strong>2) </strong>Psychophysical measurements (electrical, vibratory or thermal perceptions), even though they may involve delivery of a stimulus, are considered part of the physical examination and may not be reported as a separate service <strong>3) </strong>Physiologic recording of movement disorder symptoms, including bradykinesia, dyskinesia, and tremor using wearable devices with accelerometers or gyroscopes 4<strong>) </strong>Needle electromyography (NEMG) for Surface electromyography (SEMG) or Macroelectromyography (macro-EMG).<br /><br /><strong>The following CPT codes are Non-Covered:<br /><br /></strong></p>",2025-09-26 17:04:49.583000
54111,50,1,"<p><strong>Note:</strong> Providers are reminded to refer to the long descriptors of the CPT codes in their CPT book.<br /><br />The following CPT/HCPCS codes associated with the services outlined in this policy will not have diagnosis code limitations applied at this time: 96125, 97110, 97530, 97533, 97535, 97129, and 97130.</p>",2025-09-26 17:14:51.340000
54111,50,2,<p><b>Non-Covered Services</b></p>,2025-09-26 17:14:51.393000
54117,88,1,"<p><strong>Note</strong>: Providers are reminded to refer to the long descriptors of the CPT codes in their CPT book.</p>
<p>The following CPT/HCPCS codes outlined in this Billing and Coding Article will not have diagnosis code limitations applied at this time.</p>",2026-01-23 13:39:50.903000
54188,33,1,<p>For DOS prior to 01/01/2016 CPT code 81479 should be used.</p>,2024-08-28 20:13:45.927000
54191,27,1,,2023-11-08 18:44:29.910000
54192,22,1,,2024-05-29 21:01:58.687000
54194,23,1,,2023-11-14 18:27:56.877000
54195,22,1,,2023-11-15 12:11:05.550000
54196,20,1,,2023-11-15 12:12:26.460000
54257,14,1,,2023-11-08 16:53:27.473000
54269,14,1,,2023-11-14 18:04:43.203000
54270,16,1,,2023-11-14 18:06:31.810000
54270,16,2,"<p><span style=""line-height: 115%;"">CPT<sup><span style=""font-size: small;"">&reg;</span></sup> codes that are also referenced in other articles</span>.</p>",2023-11-14 18:06:31.823000
54283,15,1,,2023-11-15 12:26:18.460000
54295,27,1,<p>N/A</p>,2023-11-10 16:31:04.913000
54300,16,1,,2023-11-07 15:46:52.050000
54327,7,1,,2023-11-07 15:11:38.727000
54338,55,1,"<p><span style=""line-height: 115%;"">CPT<sup>&reg;</sup> codes that are also referenced in other articles</span>.</p>",2025-08-29 17:41:29.980000
54386,38,1,<p>N/A</p>,2026-02-09 16:51:04.810000
54418,28,1,<p>N/A</p>,2026-02-09 16:51:05.263000
54422,21,1,<p>N/A</p>,2026-02-09 16:51:05.450000
54445,27,1,<p>N/A</p>,2026-02-09 16:51:06.813000
54472,30,1,,2023-02-20 19:12:21.910000
54480,16,1,,2026-02-09 16:51:07.307000
54484,13,1,,2026-02-09 16:51:07.437000
54498,24,1,<p>N/A</p>,2026-02-09 16:51:05.693000
54516,48,1,,2026-04-08 14:06:14.307000
54543,21,1,,2025-10-27 12:06:25.077000
54548,36,1,"<p>HCPCS code J1300 should be used to report eculizumab, effective 01/01/2025 through 03/31/2025.</p>
<p>HCPCS code J1300 has been deleted and replaced by HCPCS codes J1299, effective 4/1/2025.</p>
<p>HCPCS code Q5139 should be used to report eculizumab-aeeb, effective 01/01/2025 through 03/31/2025.</p>
<p>HCPCS code Q5139 has been deleted and replaced by HCPCS codes Q5152, and should be used to report eculizumab-aeeb, effective 4/1/2025.</p>
<p>HCPCS code Q5151 has been added and should be used to report eculixumab-aagh, effective 4/1/2025.</p>
<p>Effective for dates of service on or after 05/01/2021, the administration of eculizumab should be billed using the intravenous infusion administration codes (Refer to article A58620 - Billing and Coding: Complex Drug Administration Coding).</p>
<p>For dates of service prior to 05/01/2021, administration of eculizumab may be billed using the chemotherapy administration code 96413 - Chemotherapy administration, intravenous infusion technique; up to 1 hour, single or initial substance/drug and 96415 - Chemotherapy administration, intravenous infusion technique; each additional hour (List separately in addition to code for primary procedure) when required due to infusion related adverse reactions in adults (up to 2 hours total) or when used in pediatric or aged Medicare beneficiaries (up to 4 hours total).</p>",2026-07-14 22:42:59.443000
54555,18,1,,2024-01-12 16:25:49.403000
54559,12,1,,2021-08-30 15:52:16.330000
54563,54,1,,2024-11-25 13:05:37.633000
54602,25,1,,2026-07-14 22:43:03.120000
54610,3,1,,2023-11-07 12:31:09.620000
54611,5,1,,2023-11-07 12:27:57.350000
54612,4,1,,2023-11-15 17:57:45.780000
54613,3,1,,2023-11-07 12:27:00.803000
54635,31,1,<p>N/A</p>,2025-09-16 14:35:04.697000
54641,13,1,,2023-11-17 12:43:00.320000
54643,13,1,,2023-11-17 12:44:31.580000
54660,14,1,,2026-02-23 13:14:48.630000
54682,34,1,<p><strong>Part B Providers</strong></p>,2024-01-25 15:14:26.190000
54682,34,2,<p><strong>Outpatient Hospital Providers</strong></p>,2024-01-25 15:14:26.203000
54685,17,1,,2023-11-08 15:22:47.897000
54686,22,1,,2024-09-14 23:02:26.823000
54686,22,2,"<p><p style=""line-height: 98%;""><span style=""line-height: 98%;"">The following should be reported for ABL1 Kinase Domain Mutation Analysis for the detection of acquired imatinib tyrosine kinase inhibitor resistance.</span></p></p>",2024-09-14 23:02:26.840000
54688,23,1,,2023-11-08 18:48:22.173000
54689,32,1,"<p><span style=""line-height: 115%;"">CPT<sup>&reg;</sup> codes that are also referenced in other articles</span>.</p>",2023-11-07 18:21:10.823000
54750,13,1,<p>CPT/HCPCS Codes</p>,2019-10-28 17:04:55.103000
54767,71,1,<p>CPT<sup>&reg;</sup> Codes</p>,2026-05-01 12:54:08.983000
54767,71,2,<p>HCPCS Codes</p>,2026-05-01 12:54:09.133000
54768,38,1,,2025-08-14 14:11:33.513000
54769,27,1,,2022-01-18 13:00:18.270000
54795,42,1,<p>N/A</p>,2024-03-15 10:14:22.797000
54799,67,1,,2026-05-01 12:53:39.923000
54812,7,1,,2018-01-31 21:52:24.380000
54830,9,1,,2024-04-05 20:59:32.497000
54831,28,1,<p>Group 1 CPT codes apply to Groups 1 and 2&nbsp;ICD-10-CM Codes</p>,2023-08-24 15:36:23.497000
54832,14,1,,2024-03-28 13:08:54.843000
54880,10,1,,2025-06-05 17:08:18.733000
54901,27,1,,2024-03-15 17:01:26.023000
54909,25,1,<p>Group 1 CPT codes apply to Groups 1 and 2 ICD-10-CM Codes</p>,2026-07-14 22:43:03.500000
54919,22,1,,2025-09-23 11:39:33.893000
54923,45,1,<p>N/A</p>,2026-01-22 14:31:42.710000
54923,45,2,<p>N/A</p>,2026-01-22 14:31:42.733000
54926,25,1,"<p><strong>Note:</strong> Providers are reminded to refer to the long descriptors of the CPT codes in their CPT book.</p>
<p>Group 1 CPT codes apply to Groups 1 and 2 ICD-10-CM Codes</p>",2025-05-09 14:50:07.563000
54929,40,1,<p>Group 1 CPT codes apply to Groups 1 and 2 ICD-10-CM Codes.</p>,2025-10-27 12:06:23.630000
54953,70,1,<p>See above</p>,2026-02-20 13:00:23.097000
54954,28,1,<p>Providers are reminded to refer to the long descriptors of the CPT codes in their CPT book. <br /></p>,2023-01-20 14:21:01.793000
54958,28,1,<p>N/A</p>,2025-12-24 18:28:57.207000
54961,21,1,<p><b>Group 1 CPT codes apply to Groups 1 and 2 ICD-9-CM and ICD-10-CM Codes </b></p>,2026-04-02 15:20:28.500000
54969,52,1,"<p><span style=""background: white; line-height: 107%;"">HCPCS code G0255 is non-covered per Pub. 100-03, Chp1, Section 160.23.</span></p>",2025-10-14 13:00:49.650000
54975,17,1,<p>N/A</p>,2026-02-09 16:51:04.117000
54982,28,1,<p><strong>Note:</strong> Providers are reminded to refer to the long descriptors of the CPT codes in their CPT book. <br /><br /> <strong>Group 1 CPT codes apply to Groups 1 and 2 ICD-10-CM Codes</strong></p>,2025-05-09 14:48:53.127000
55001,69,1,<p><br /><br /><br /></p>,2026-04-30 16:07:45.687000
55028,45,1,<p>N/A</p>,2025-10-27 12:06:22.183000
55044,18,1,,2025-09-23 11:39:33.103000
55056,14,1,,2025-10-27 12:06:23.683000
55058,7,1,,2025-09-23 11:39:34.220000
55061,13,1,,2026-06-16 19:35:52.397000
55069,26,1,,2025-08-14 17:49:02.223000
55115,18,1,<p>N/A</p>,2026-05-05 18:56:37.087000
55136,19,1,<p>N/A</p>,2024-01-24 13:36:42.863000
55146,17,1,,2026-04-21 17:09:34.240000
55147,30,1,<p>N/A</p>,2024-09-17 12:22:13.503000
55161,23,1,,2023-08-23 17:01:04.887000
55162,20,1,,2026-07-24 11:52:37.870000
55169,15,1,<p>N/A</p>,2025-10-22 15:38:30.700000
55175,25,1,,2025-12-23 19:00:35.450000
55193,15,1,,2026-04-20 12:22:56.923000
55197,35,1,,2026-02-20 13:10:20.487000
55200,37,1,<p>N/A</p>,2025-12-23 17:38:53.577000
55206,18,1,,2023-11-20 17:27:56.707000
55210,15,1,<p>NA</p>,2026-01-22 14:36:51.517000
55215,9,1,,2025-09-16 14:35:04.870000
55224,37,1,<p>CPT<sup>&#174;</sup> code that is also referenced in other articles</p>,2026-06-18 12:38:09.010000
55227,19,1,,2025-08-14 17:32:58.507000
55229,46,1,<p><strong>Note:</strong> Providers are reminded to refer to the long descriptors of the CPT codes in their CPT book.</p>,2026-01-23 14:05:43.800000
55229,46,2,<p>Note: Providers are reminded to refer to the long descriptors of the CPT codes in their CPT book.</p>,2026-01-23 14:05:43.850000
55230,18,1,<p>N/A</p>,2025-12-23 17:56:22.713000
55231,17,1,<p>N/A</p>,2026-01-22 14:47:58.710000
55233,21,1,,2024-09-17 14:09:15.700000
55233,21,2,<p>The following should be reported for ABL1 Kinase Domain Mutation Analysis for the detection of acquired imatinib tyrosine kinase inhibitor resistance.</p>,2024-09-17 14:09:15.723000
55235,15,1,<p>NA</p>,2023-07-19 14:22:47.750000
55239,65,1,<p>N/A</p>,2026-06-24 20:03:12.583000
55264,14,1,<p>N/A</p>,2026-02-09 16:51:06.510000
55294,34,1,<p>CPT<sup>&reg;</sup> codes that are also referenced in other articles.</p>,2026-02-09 16:51:06.050000
55310,12,1,,2025-08-28 12:06:50.503000
55315,17,1,,2025-09-26 22:10:36.727000
55326,40,1,,2025-10-27 12:06:24.960000
55336,49,1,"<p><strong>Note: CPT<sup>&reg;</sup> 76700, 76705 or 76706* should be used for billing a full (complete) or appropriately limited abdominal ultrasound. <span style=""text-decoration: underline;"">This article does not address diagnosis coding for these 3 CPT<sup>&reg;</sup> codes</span>.<sup> &nbsp; &nbsp;</sup></strong><br /><br /><strong>*Note: Please refer to the <em>Billing and Coding: </em><em>Once in a Lifetime Abdominal Aortic Aneurysm (AAA) Screening Article A55071</em> for additional requirements for billing CPT<sup>&reg;</sup> code 76706.</strong></p>",2025-08-21 12:24:18.627000
55354,35,1,"<p><span style=""line-height: 115%;"">Providers are reminded to refer to the long descriptors of the CPT<sup><span style=""font-size: small;"">&reg;</span></sup> codes in their CPT<sup><span style=""font-size: small;"">&reg;</span></sup> book.</span></p>",2023-06-05 13:31:53.123000
55426,132,1,,2026-06-24 19:02:21.350000
55478,12,1,,2025-09-16 14:35:03.850000
55503,5,1,,2023-11-22 16:23:07.620000
55505,5,1,,2023-11-22 16:22:29.033000
55530,35,1,<p>Providers are to use CPT<sup>&reg;</sup> Code 64999 for both the trial and permanent insertion of the electrode array when billing for the procedures associated with either Peripheral Subcutaneous Field Stimulation or Peripheral Nerve Field Stimulation. 64999 for these purposes is not covered due to insufficient peer reviewed data to warrant the medical necessity of coverage.</p>,2025-10-14 13:00:49.830000
55584,19,1,"<p>To bill for this service, enter 64999 in the comment field as listed below with the description SphenoCath<sup>&reg; </sup>or the name of the delivery device used.</p>
<p>For Part A:</p>
<ul>
<li>2300 loop. NTE segment for the electronic claim</li>
<li>Form Locator 80 Remarks on the UB04 form</li>
</ul>
<p>Part B:</p>
<ul>
<li>Loop 2400/SV101-7 for the electronic claim or</li>
<li>Item 19 on the CMS-1500 paper claim form</li>
</ul>
<p class=""MsoNormal"" style=""mso-margin-top-alt: auto; mso-margin-bottom-alt: auto; line-height: normal;""><span style=""font-size: 12.0pt; font-family: 'Times New Roman',serif; mso-fareast-font-family: 'Times New Roman';"">Do not use </span>CPT<sup>&reg; </sup>64400 and/or 64505 to bill for this device.</p>
<p>&nbsp;</p>",2025-09-16 14:35:04.437000
55595,17,1,<p>N/A</p>,2026-02-09 16:51:04.223000
55595,17,2,<p>The following should be reported for ABL1 Kinase Domain Mutation Analysis for the detection of acquired imatinib tyrosine kinase inhibitor resistance.</p>,2026-02-09 16:51:04.223000
55596,13,1,<p>N/A</p>,2026-02-09 16:51:07.807000
55597,24,1,<p>N/A</p>,2026-02-09 16:51:07.513000
55621,17,1,,2026-04-21 17:41:21.263000
55623,16,1,<p>N/A</p>,2026-02-09 16:51:07.667000
55624,34,1,<p>N/A</p>,2026-02-09 16:51:07.960000
55639,51,1,<p>The following drugs will be allowed for other therapy as indicated below.</p>,2025-11-18 20:23:20.570000
55672,26,1,<p>Providers are reminded to refer to the long descriptors of the CPT codes in their CPT book.</p>,2026-07-14 22:42:59.750000
55675,25,1,"<p><span style=""line-height: 115%; font-family: 'Arial',sans-serif; font-size: 12pt; mso-fareast-font-family: Calibri; mso-fareast-theme-font: minor-latin; mso-ansi-language: EN-US; mso-fareast-language: EN-US; mso-bidi-language: AR-SA;"">Providers are reminded to refer to the long descriptors of the CPT codes in their CPT book. </span></p>",2025-10-06 18:48:48.633000
55695,21,1,,2023-05-23 12:49:05.593000
55703,27,1,<p>Providers are reminded to refer to the long descriptors of the CPT codes in their CPT book.</p>,2026-06-18 15:02:38.047000
55709,11,1,,2024-04-16 15:08:02.677000
55710,16,1,,2025-12-23 18:12:33.180000
55711,24,1,<p>N/A</p>,2026-02-09 16:51:03.980000
55715,12,1,,2025-01-31 19:32:22.997000
55716,11,1,,2023-11-08 15:14:20.573000
55717,26,1,,2025-08-18 16:43:45.573000
55717,26,2,<p><strong>Quantitative Codes in immunology section:</strong></p>,2025-08-18 16:43:45.600000
55719,15,1,,2025-09-23 11:39:34.107000
55723,44,1,<p><strong>Note: </strong>Providers are reminded to refer to the long descriptors of the CPT codes in their CPT book.</p>,2023-01-20 12:02:27.743000
55738,17,1,,2023-06-22 12:58:52.253000
55754,22,1,<p>N/A</p>,2025-09-16 14:35:04.620000
55757,5,1,,2017-10-13 17:25:42.010000
55769,14,1,,2025-10-06 18:48:48.947000
55774,13,1,<p>N/A</p>,2025-09-23 11:39:33.270000
55818,26,1,<p>Providers are reminded to refer to the long descriptors of the CPT codes in their CPT book.</p>,2026-01-23 14:13:19.247000
55835,16,1,<p>Covered CPT/HCPCS Codes:</b></p>,2026-02-27 17:31:04.580000
55835,16,2,<p><b>Ancillary Coding</b><br /></p>,2026-02-27 17:31:04.590000
55909,46,1,<p>CPT Codes for L37228 Wound Care</p>,2025-11-18 19:04:08.917000
55909,46,2,<p>Please refer to the National Coverage Determination (NCD) 270.1 for covered diagnoses for CPT/HCPCS codes G0281 and G0329.</p>,2025-11-18 19:04:08.970000
55913,9,1,,2024-12-17 15:26:40.623000
55937,46,1,"<p><br /><strong>Colonoscopy</strong></p>
<p><strong>Note:</strong> Providers are reminded to refer to the long descriptors of the CPT codes in their CPT book.</p>",2026-04-02 15:10:22.700000
55951,21,1,<p>N/A</p>,2026-06-18 12:51:56.663000
55958,6,1,,2024-02-28 15:20:28.137000
56006,19,1,,2023-12-21 20:09:49.637000
56025,16,1,<p>99199 is the <strong>only</strong> code billable to this AB MAC</p>,2025-09-23 11:39:33.780000
56027,14,1,,2025-12-23 00:21:15.340000
56034,42,1,"<p><span style=""line-height: 107%;"">Effective 01/01/2020, 64999 is to be used to report injections of anesthetic and/or steroids for the facial and phrenic nerves and cervical plexus. This code replaces the deleted codes 64402, 64410 and 64413.</span></p>",2026-03-04 15:55:05.223000
56034,42,2,<p>CPT code 64450 is <strong>NOT</strong> medically necessary when billed with <strong>any other</strong> CPT code in the GROUP 2 Codes listed <strong>PLUS</strong> any one of the GROUP 1 diagnosis listed in the ICD-10 Codes that DO NOT Support Medical Necessity section below.</p>,2026-03-04 15:55:05.307000
56065,23,1,,2022-11-15 01:52:19.907000
56065,23,2,,2022-11-15 01:52:19.913000
56065,23,3,,2022-11-15 01:52:19.923000
56065,23,4,,2022-11-15 01:52:19.930000
56065,23,5,,2022-11-15 01:52:19.953000
56065,23,6,,2022-11-15 01:52:19.967000
56065,23,7,,2022-11-15 01:52:19.970000
56071,23,1,<p>N/A</p>,2025-10-06 18:48:48.883000
56072,13,1,,2024-01-23 18:41:24.277000
56072,13,2,"<p><span style=""line-height: 115%;"">CPT<sup>&reg;</sup> codes that are also referenced in other articles.</span></p>",2024-01-23 18:41:24.330000
56083,14,1,,2026-07-27 17:58:49.123000
56103,14,1,<p>N/A</p>,2026-02-09 16:51:07.023000
56103,14,2,"<p><span style=""line-height: 115%;"">CPT<sup><span style=""font-size: small;"">&reg;</span></sup> codes that are also referenced in other articles.</span></p>",2026-02-09 16:51:07.023000
56106,14,1,,2024-01-30 20:17:52.747000
56112,6,1,,2025-09-23 11:39:33.960000
56141,39,1,,2020-11-12 22:00:16.987000
56152,35,1,"<p><p style=""line-height: normal;"">The codes below are used to bill for those outpatient respiratory services listed in Section A above.</p></p>",2025-10-27 12:06:23.133000
56152,35,2,"<p><p style=""line-height: normal;"">The codes below are used to bill for a Pulmonary Rehabilitation Program as outlined in Section B above.</p></p>",2025-10-27 12:06:23.133000
56157,19,1,,2026-06-18 15:44:55.280000
56157,19,2,<p>CPT codes 20610 &amp; 20611 are not restricted to the diagnosis codes in this policy.</p>,2026-06-18 15:44:55.460000
56159,23,1,<p>Providers are reminded to refer to the long descriptors of the CPT codes in their CPT book.</p>,2026-02-27 19:04:09.943000
56175,15,1,,2026-02-27 17:35:02.203000
56178,21,1,,2026-07-14 22:43:02.287000
56198,11,1,,2026-07-14 22:43:05.027000
56199,130,1,"<p style=""line-height: normal;""><strong><u>Tier 1 Covered Codes</u></strong></p>
<p style=""line-height: normal;"">Limited coverage may be provided for the genetic tests, submitted under the following CPT codes:</p>
<p style=""line-height: normal;"">Please refer to the Indications and Limitations of Coverage section (L35000)&#160;and the ICD-10-CM diagnosis to CPT procedure groupings below.</p>
<p>&#160;</p>",2026-07-16 16:40:38.300000
56199,130,2,"<p><p style=""line-height: normal;""><strong><u>Tier 1 Individual Review Codes</u></strong></p>
<p style=""line-height: normal;"">Coverage may be provided for the genetic tests submitted under the following Tier 1 CPT codes, if documentation supports medical necessity:</p>
<p style=""line-height: normal;"">Please refer to the Indications and Limitations of Coverage section (L35000)&nbsp;and the ICD-10-CM diagnosis to CPT procedure groupings below. Not all procedure codes have related diagnosis codes listed.</p>
<p style=""line-height: normal;"">&nbsp;</p></p>",2026-07-16 16:40:38.300000
56199,130,3,"<p style=""line-height: normal;""><strong><u>Tier 1 Non-covered Codes</u></strong></p>
<p><span style=""line-height: 107%;"">Genetic testing procedures submitted under the following CPT codes are unlikely to impact therapeutic decision-making in the clinical management of the patient and will be denied automatically as not medically necessary: </span></p>",2026-07-16 16:40:38.300000
56199,130,4,"<p style=""line-height: normal;""><strong><u>Tier 2 CPT and NOC Codes</u></strong></p>
<p style=""line-height: normal;"">Refer to indications and Limitations of Coverage section (L35000).</p>
<p style=""line-height: normal;""><strong><u>Tier 2/NOC Covered Code/Gene Combinations</u></strong></p>
<p style=""line-height: normal;"">Limited coverage may be provided for specific genes reported below:</p>
<p style=""line-height: normal;""><strong>81400</strong> ACE, F13B, F5, F7, FGB</p>
<p style=""line-height: normal;""><strong>81401</strong> CBFB-MYH11, E2A/PBX1, EML4-ALK, ETV6-RUNX1, EWSR1/ERG, EWSR1/FLI1, EWSR1/WT1, F11coagulation factor XI, FIP1L1-PDGFR, FOXO1/PAX3, FOXO1/PAX7, MUTYH (mutY homolog [E.coli]), NPM/ALK, PAX8/PPARG, RUNX1/RUNX1T1</p>
<p style=""line-height: normal;""><strong>81403</strong> F8 (coagulation factor VIII), VHL (von Hippel-Lindau tumor suppressor)</p>
<p style=""line-height: normal;""><strong>81404</strong> CDKN2A (cyclin-dependent kinase inhibitor 2A), PRSS1 (protease, serine, 1 [trypsin 1]), MEN1 (multiple endocrine neoplasia 1) (eg, multiple endocrine neoplasia type 1, Wermer syndrome), duplication/deletion, TP53 (tumor protein 53) (e.g. tumor samples), targeted sequence analysis of 2-5 exons, VHL (von Hippel-Lindau tumor suppressor)</p>
<p style=""line-height: normal;""><strong>81405</strong> TP53 (tumor protein 53) (e.g. Li-Fraumeni syndrome, tumor samples), full gene sequence or targeted sequence analysis of &gt;5 exons,</p>
<p style=""line-height: normal;""><strong>81406</strong> ATP7B (ATPase, Cu++ transporting, beta polypeptide)</p>
<p style=""line-height: normal;""><strong><u>Tier 2/NOC Individual Review Code/Gene Combinations</u></strong></p>
<p style=""line-height: normal;"">Any genetic test reported with a Tier 2 CPT code, not listed above or below, is subject to individual review.</p>
<p style=""line-height: normal;""><strong><u>Tier 2/NOC Non-covered Code/Gene Combinations</u></strong></p>
<p style=""line-height: normal;"">The following individual Tier 2 genetic tests are unlikely to impact therapeutic decision-making, directly impact treatment, outcome and/or clinical management in the care of the beneficiary and will be denied as not medically necessary (Please note that this list of non-covered genes is not exhaustive, and the fact that a specific gene is not mentioned does not mean it is covered. In addition, many genes have several names that are used. The most common names have been used in this article):</p>
<p style=""line-height: normal;""><strong>81400 </strong>ABCC8, ACADM, AGTR1, CCR5, CLRN1, DYT1 (TOR1A), FGFR3, IL28B, IVD, TOR1A</p>
<p style=""line-height: normal;""><strong>81401</strong> ADRB2, ATN1, CFH/ARMS2, DEK/NUP214, FGFR3, GALT (galactose-1-phosphate uridylyltransferase), H19, KCNQ10T1 (KCNQ1 overlapping transcript 1), MEG3/DLK1, MLL/AFF, MT-ATP6, MT-ND4, MT-ND6, MT-ND5 mitochondrially encoded tRNA leucine 1 [UUA/G] mitochondrially encoded NADH dehydrogenase 5), MT-RNR1 (mitochondrially encoded 12S RNA), MT-TK (mitochondrially encoded tRNA lysine), MT-TL1, MT-TS1, PRSS1 (protease, serine, 1 [trypsin 1])</p>
<p style=""line-height: normal;""><strong>81402</strong> CYP21A2, Chromosome 18q-, MEFV (Mediterranean fever) (eg, familial Mediterranean fever), TRD 81402 Uniparental disomy (UPD)</p>
<p style=""line-height: normal;""><strong>81403</strong> ANG (angiogenin, ribonuclease, RNase A family, 5), FGFR3 (fibroblast growth factor receptor 3) one exon, GJB1 (gap junction protein, beta 1) (eg, Charcot-Marie-Tooth X-linked), full gene sequence, HRAS (v-Ha-ras Harvey rat sarcoma viral oncogene homolog Costello syndrome), MT-RNR1 (mitochondrially encoded 12S RNA), MT-TS1 (mitochondrially encoded tRNA serine 1)</p>
<p style=""line-height: normal;""><strong>81404</strong> ACADS (acyl-CoA dehydrogenase), AQP2 (aquaporin 2 [collecting duct]), ARX (aristaless related homeobox), BTD (biotinidase), CAV3 (caveolin 3) (eg, CAV3-related distal myopathy, limb-girdle muscular dystrophy type 1C), full gene sequence, CLRN1 (clarin 1), CYP1B1 (cytochrome P450, family 1, subfamily B, polypeptide 1), EGR2 (early growth response 2) (eg, Charcot-Marie-Tooth), FGFR2 (fibroblast growth factor receptor 2) (2 EXONS), FGFR3 (fibroblast growth factor receptor 3) (4 EXONS), FKRP (Fukutin related protein), FOXG1 (forkhead box G1), FSHMD1A (facioscapulohumeral muscular dystrophy 1A), FSHMD1A (facioscapulohumeral muscular dystrophy 1A), HNF1B (HNF1 homeobox B), HRAS (v-Ha-ras Harvey rat sarcoma viral oncogene homolog), KCNJ10 (potassium inwardly-rectifying channel, subfamily J, member 10), SLC25A4 (solute carrier family 25 [mitochondrial carrier; adenine nucleotide translocation], VWF (von Willebrand factor)</p>
<p style=""line-height: normal;""><strong>81405</strong> CASR (CAR, EIG8, extracellular calcium-sensing receptor, FHH, FIH, GPRC2A, HHC, HHC1, NSHPT, PCAR1), CYP21A2 (cytochrome P450, family 21, subfamily A, polypeptide2), MPZ (myelin protein zero)</p>
<p style=""line-height: normal;""><strong>81406</strong> ACADVL (acyl-CoA dehydrogenase, very long chain), CBS (cystathionine-beta-synthase), CDKL5 (cyclin-dependent kinase-like 5) DLAT (dihydrolipoamide S-acetyltransferase), DLD (dihydrolipoamide dehydrogenase), F8 (coagulation factor VIII), GALT (galactose-1-phosphate uridylyltransferase), HADHA (hydroxyacyl-CoA dehydrogenase/3-ketoacyl-CoA thiolase/enoyl-CoA hydratase [trifunctional protein] alpha subunit), HEXA (hexosaminidase A, alpha polypeptide), LMNA (lamin A/C), MUTYH (mutY homolog [E. coli]), NF2 (neurofibromin 2 [merlin]), NSD1 (nuclear receptor binding SET domain protein 1), PAH (phenylalanine hydroxylase), PAX2 (paired box 2), PDHA1 (pyruvate dehydrogenase [lipoamide] alpha1), POLG (polymerase [DNA directed], gamma), PRKAG2 (protein kinase, AMP-activated, gamma 2 non-catalytic subunit), PTPN11 (protein tyrosine phosphatase, non-receptor type 11), RET (ret-proto-oncogene) (eg, Hirschsprung disease), full gene sequence, SLC9A6 (solute carrier family 9 [sodium/hydrogen exchanger] member 6), SOS1 (son of sevenless homolog 1), TAZ (tafazzin), TSC1 (tuberous sclerosis 1), TSC2 (tuberous sclerosis 2), UBE3A (ubiquitin protein ligase)</p>
<p style=""line-height: normal;""><strong>81407</strong> Level 8 Molecular Pathology Procedures, F8 (coagulation factor VIII)</p>
<p style=""line-height: normal;""><strong>81408</strong> Level 9 Molecular Pathology Procedures</p>
<p style=""line-height: normal;""><strong>81479</strong> PIK3C, PI3Ks, PI(3)Ks, PI-3Ks, AKT1, MEK1, VEGFR2 (CD309, FLK1, VEGFR), LPA intron 25 genotype, KIF6, SPG4, C9orf72, MLH1, AIRE (APSI), SDA2, HAX1 (HAX1_HUMAN, HCLS1- associated protein X-1, HCLSBP1, HS1-associating protein X-1, HS1 binding protein, HS1-binding protein 1, HS1BP1, HSP1BP-1)</p>
<p><strong>Note:</strong> When a panel with greater than one or less than five genes is ordered, use the corresponding existing panel CPT code or CPT code 81479 if none exists.</p>",2026-07-16 16:40:38.300000
56199,130,5,"<p><p style=""line-height: normal;"">The following PLA codes in Group 5 below are unlikely to impact therapeutic decision-making in the clinical management of the patient and will be denied automatically as not medically necessary:</p></p>",2026-07-16 16:40:38.300000
56232,34,1,<p>N/A</p>,2025-09-17 16:31:13.027000
56248,12,1,<p>CPT code 92145 is considered not medically necessary and will be automatically denied as a non-covered procedure.</p>,2026-07-14 22:42:59.170000
56273,28,1,<p>N/A</p>,2025-08-22 18:58:44.803000
56273,28,2,<p><strong>Non-covered</strong></p>,2025-08-22 18:58:44.823000
56287,18,1,<p><strong>Note:</strong> Providers are reminded to refer to the long descriptors of the CPT codes in their CPT book.</p>,2024-05-31 13:37:46.907000
56289,14,1,,2026-02-19 15:38:53.367000
56333,11,1,<p>N/A</p>,2023-07-19 14:40:42.760000
56335,14,1,,2025-04-25 18:44:23.400000
56346,27,1,"<p><strong><span style=""line-height: 115%;"">*NOTE</span></strong><span style=""line-height: 115%;"">: ICD-10 code D29.0 is only valid for CPT<sup>&#174;</sup> codes 11420, 11421, 11422, 11423, 11424 and 11426.</span></p>",2026-06-12 13:28:59.417000
56380,56,1,"<p style=""text-align: left;""><strong><span style=""line-height: 115%;""><strong><span style=""line-height: 115%;"">&nbsp;</span></strong></span></strong></p>",2025-08-26 12:14:59.257000
56380,56,2,,2025-08-26 12:14:59.280000
56384,7,1,"<p><span style=""line-height: 115%;"">The CPT codes are considered medically necessary when the Indications of Coverage are met.</span></p>
<p><strong><span style=""line-height: 115%;""><u>Part A</u>: </span></strong></p>
<p><span style=""line-height: 115%;"">Contractors shall pay claims for SET services containing CPT code 93668 on Types of Bill (TOBs) 13X under OPPS and 85X based on reasonable cost. </span></p>
<p><strong><span style=""line-height: 115%;""><u>Part B</u>: </span></strong></p>
<p><span style=""line-height: 115%;"">Claims for CPT 93668 are limited to be billed in POS 11 only in Part B.</span></p>",2019-10-08 18:32:34.970000
56389,36,1,"<p><span style=""line-height: 115%;"">Covered</span></p>",2025-08-21 14:33:48.733000
56389,36,2,"<p><span style=""line-height: 115%;"">The following CPT<sup>&reg;</sup></span><span style=""line-height: 115%;""> code is noncovered when performed as adjunct procedure in the treatment of GERD when performed in conjunction with procedures listed in section</span><strong><span style=""line-height: 115%;""> <em>C. Noncovered Transesophageal Endoscopic Procedures for the Treatment of GERD </em></span></strong><span style=""line-height: 115%;"">of the Upper Gastrointestinal Endoscopy and Visualization L34434 LCD.</span></p>",2025-08-21 14:33:49.317000
56389,36,3,,2025-08-21 14:33:49.327000
56390,11,1,,2023-01-10 14:47:11.887000
56391,37,1,<p>Defibrillator Specific Codes</p>,2025-12-24 19:58:21.720000
56391,37,2,<p>Dual Device Defibrillator/Pacemaker Codes</p>,2025-12-24 19:58:21.790000
56394,32,1,<p>N/A</p>,2026-07-16 17:21:38.697000
56395,18,1,<p>Non-covered</p>,2026-06-16 15:07:49.757000
56395,18,2,<p>EsophyX&trade;: Coverage is appropriate for indications listed in L34659.</p>,2026-06-16 15:07:49.780000
56396,11,1,,2023-01-17 15:54:03.977000
56414,41,1,"<p>&nbsp;</p>
<p><strong>Note:</strong> Providers are reminded to refer to the long descriptors of the CPT codes in their CPT book.<br /><br />The following CPT codes will not have diagnosis to procedure code limitations applied at this time: 36903, 36906 and 36908.</p>",2025-09-26 13:53:43.247000
56416,42,1,"<p><strong>Note:</strong> The following CPT codes associated with the services outlined in this Billing and Coding Article will not have diagnosis code limitations applied at this time: <strong>82180, 84252, 84425, 84446, 84590, and 84597.</strong></p>
<p><strong>Note: </strong><br /><strong>Code 82306 includes fractions, if performed. </strong><br /><strong>Code 82652 includes fractions, if performed.</strong></p>
<p><strong>Note:</strong> Providers are reminded to refer to the long descriptors of the CPT codes in their CPT book.</p>",2025-09-26 13:54:31.380000
56416,42,2,<p>N/A</p>,2025-09-26 13:54:31.393000
56416,42,3,<p>N/A</p>,2025-09-26 13:54:31.400000
56416,42,4,<p>N/A</p>,2025-09-26 13:54:31.413000
56416,42,5,<p>N/A</p>,2025-09-26 13:54:31.420000
56416,42,6,<p>N/A</p>,2025-09-26 13:54:31.427000
56416,42,7,<p>N/A</p>,2025-09-26 13:54:31.433000
56419,20,1,"<p><strong>Note:</strong> Providers are reminded to refer to the long descriptors of the CPT<sup>&reg;</sup>/HCPCS codes in their CPT<sup>&reg;</sup> book.</p>
<p>The following CPT<sup>&reg;</sup>/HCPCS codes are used for reporting the procedures associated with the subretinal injection of voretigene neparvovec-rzyl (Luxturna<sup>&reg;</sup>).</p>",2023-04-10 13:11:15.710000
56420,16,1,<p><strong>Note</strong>: Providers are reminded to refer to the long descriptors of the CPT codes in their CPT book.</p>,2023-01-20 12:04:01.603000
56421,40,1,,2025-11-10 12:56:14.293000
56422,50,1,<p><strong>Note</strong>: Providers are reminded to refer to the long descriptors of the CPT codes in their CPT book.</p>,2026-01-23 14:06:34.317000
56423,59,1,<p><br />Cardiovascular stress test; exercise and/or pharmacological stress<br /><br /><strong>Note</strong>: Providers are reminded to refer to the long descriptors of the CPT codes in their CPT book.</p>,2026-01-23 14:07:21.173000
56423,59,2,<p><br />Echocardiography rest and stress</p>,2026-01-23 14:07:21.190000
56423,59,3,"<p><br />Myocardial perfusion imaging, single photon emission computed tomography (MPI, SPECT) rest and/or stress</p>",2026-01-23 14:07:21.200000
56423,59,4,"<p><br />Myocardial imaging, positron emission tomography (PET)</p>",2026-01-23 14:07:21.217000
56423,59,5,<p><br />Cardiac magnetic resonance imaging with stress imaging</p>,2026-01-23 14:07:21.240000
56425,16,1,,2025-11-26 22:39:00.683000
56431,6,1,,2021-02-25 20:08:16.830000
56432,25,1,"<p><span style=""line-height: 115%;""><strong>Note</strong></span><span style=""line-height: 115%;"">: </span><span style=""line-height: 115%;"">The new biosimilar payment policy also makes the use of modifiers that describe the manufacturer of a biosimilar product unnecessary. Therefore, modifiers ZA, ZB and ZC will be discontinued for dates of service on or after April 1, 2018. However, please note that HCPCS code Q5102 and the requirement to use applicable biosimilar modifiers remain in effect for dates of service prior to April 1, 2018.</span></p>",2026-02-04 14:06:24.977000
56439,18,1,"<p><span style=""display: inline !important; float: none; background-color: #ffffff; color: #000000; font-family: Verdana,Arial,Helvetica,sans-serif; font-size: 14px; font-style: normal; font-variant: normal; font-weight: 400; letter-spacing: normal; orphans: 2; text-align: left; text-decoration: none; text-indent: 0px; text-transform: none; -webkit-text-stroke-width: 0px; white-space: normal; word-spacing: 0px;"">The CPT codes in Group 1 are generally considered reconstructive in nature.</span></p>",2025-10-31 20:58:08.530000
56439,18,2,"<p><span style=""display: inline !important; float: none; background-color: #ffffff; color: #000000; font-family: Verdana,Arial,Helvetica,sans-serif; font-size: 14px; font-style: normal; font-variant: normal; font-weight: 400; letter-spacing: normal; orphans: 2; text-align: left; text-decoration: none; text-indent: 0px; text-transform: none; -webkit-text-stroke-width: 0px; white-space: normal; word-spacing: 0px;"">The CPT codes in Group 2 may potentially be considered as cosmetic and thus not covered by Medicare. Documentation to support functional impairment, visual or otherwise, must be present. (Please see the ""Indications and Limitations"" and ""Documentation Requirements"" sections in the policy L33944-<span style=""background-color: #ffffff;"">Blepharoplasty</span>.)</span></p>",2025-10-31 20:58:08.567000
56448,22,1,"<p><span style=""display: inline !important; float: none; background-color: #ffffff; color: #000000; font-family: Verdana,Arial,Helvetica,sans-serif; font-size: 14px; font-style: normal; font-variant: normal; font-weight: 400; letter-spacing: normal; orphans: 2; text-align: left; text-decoration: none; text-indent: 0px; text-transform: none; -webkit-text-stroke-width: 0px; white-space: normal; word-spacing: 0px;"">77046, 77048 (effective 01/01/2019)77058 (end dated 12/31/2018) </span><strong style=""color: #000000; font-family: Verdana,Arial,Helvetica,sans-serif; font-size: 14px; font-style: normal; font-variant: normal; font-weight: bold; letter-spacing: normal; orphans: 2; text-align: left; text-decoration: none; text-indent: 0px; text-transform: none; -webkit-text-stroke-width: 0px; white-space: normal; word-spacing: 0px;"">(not to be used by OPPS providers)</strong><br style=""color: #000000; font-family: Verdana,Arial,Helvetica,sans-serif; font-size: 14px; font-style: normal; font-variant: normal; font-weight: 400; letter-spacing: normal; orphans: 2; text-align: left; text-decoration: none; text-indent: 0px; text-transform: none; -webkit-text-stroke-width: 0px; white-space: normal; word-spacing: 0px;"" /><span style=""display: inline !important; float: none; background-color: #ffffff; color: #000000; font-family: Verdana,Arial,Helvetica,sans-serif; font-size: 14px; font-style: normal; font-variant: normal; font-weight: 400; letter-spacing: normal; orphans: 2; text-align: left; text-decoration: none; text-indent: 0px; text-transform: none; -webkit-text-stroke-width: 0px; white-space: normal; word-spacing: 0px;"">77047, 77049 (effective 01/01/2019)77059 (end dated 12/31/2018) </span><strong style=""color: #000000; font-family: Verdana,Arial,Helvetica,sans-serif; font-size: 14px; font-style: normal; font-variant: normal; font-weight: bold; letter-spacing: normal; orphans: 2; text-align: left; text-decoration: none; text-indent: 0px; text-transform: none; -webkit-text-stroke-width: 0px; white-space: normal; word-spacing: 0px;"">(not to be used by OPPS providers)</strong><br style=""color: #000000; font-family: Verdana,Arial,Helvetica,sans-serif; font-size: 14px; font-style: normal; font-variant: normal; font-weight: 400; letter-spacing: normal; orphans: 2; text-align: left; text-decoration: none; text-indent: 0px; text-transform: none; -webkit-text-stroke-width: 0px; white-space: normal; word-spacing: 0px;"" /><br style=""color: #000000; font-family: Verdana,Arial,Helvetica,sans-serif; font-size: 14px; font-style: normal; font-variant: normal; font-weight: 400; letter-spacing: normal; orphans: 2; text-align: left; text-decoration: none; text-indent: 0px; text-transform: none; -webkit-text-stroke-width: 0px; white-space: normal; word-spacing: 0px;"" /><span style=""display: inline !important; float: none; background-color: #ffffff; color: #000000; font-family: Verdana,Arial,Helvetica,sans-serif; font-size: 14px; font-style: normal; font-variant: normal; font-weight: 400; letter-spacing: normal; orphans: 2; text-align: left; text-decoration: none; text-indent: 0px; text-transform: none; -webkit-text-stroke-width: 0px; white-space: normal; word-spacing: 0px;"">HCPCS codes C8903 through C8908 are to be billed to the Part A MAC and not the Carrier or Part B MAC.&nbsp;</span></p>",2025-11-26 22:37:20.260000
56451,26,1,"<p><span style=""display: inline !important; float: none; background-color: #ffffff; color: #000000; font-family: Verdana,Arial,Helvetica,sans-serif; font-size: 14px; font-style: normal; font-variant: normal; font-weight: 400; letter-spacing: normal; orphans: 2; text-align: left; text-decoration: none; text-indent: 0px; text-transform: none; -webkit-text-stroke-width: 0px; white-space: normal; word-spacing: 0px;"">CPT CODES 0144T-0151T ARE DELETED EFFECTIVE 12/31/2009 AND REPLACED BY CPT CODES 75571-75574 (BELOW)</span><br style=""color: #000000; font-family: Verdana,Arial,Helvetica,sans-serif; font-size: 14px; font-style: normal; font-variant: normal; font-weight: 400; letter-spacing: normal; orphans: 2; text-align: left; text-decoration: none; text-indent: 0px; text-transform: none; -webkit-text-stroke-width: 0px; white-space: normal; word-spacing: 0px;"" /><br style=""color: #000000; font-family: Verdana,Arial,Helvetica,sans-serif; font-size: 14px; font-style: normal; font-variant: normal; font-weight: 400; letter-spacing: normal; orphans: 2; text-align: left; text-decoration: none; text-indent: 0px; text-transform: none; -webkit-text-stroke-width: 0px; white-space: normal; word-spacing: 0px;"" /><span style=""display: inline !important; float: none; background-color: #ffffff; color: #000000; font-family: Verdana,Arial,Helvetica,sans-serif; font-size: 14px; font-style: normal; font-variant: normal; font-weight: 400; letter-spacing: normal; orphans: 2; text-align: left; text-decoration: none; text-indent: 0px; text-transform: none; -webkit-text-stroke-width: 0px; white-space: normal; word-spacing: 0px;"">CPT code 0144T is not a covered service (for dates of service prior to 01/01/2010.)</span><br style=""color: #000000; font-family: Verdana,Arial,Helvetica,sans-serif; font-size: 14px; font-style: normal; font-variant: normal; font-weight: 400; letter-spacing: normal; orphans: 2; text-align: left; text-decoration: none; text-indent: 0px; text-transform: none; -webkit-text-stroke-width: 0px; white-space: normal; word-spacing: 0px;"" /><br style=""color: #000000; font-family: Verdana,Arial,Helvetica,sans-serif; font-size: 14px; font-style: normal; font-variant: normal; font-weight: 400; letter-spacing: normal; orphans: 2; text-align: left; text-decoration: none; text-indent: 0px; text-transform: none; -webkit-text-stroke-width: 0px; white-space: normal; word-spacing: 0px;"" /><span style=""display: inline !important; float: none; background-color: #ffffff; color: #000000; font-family: Verdana,Arial,Helvetica,sans-serif; font-size: 14px; font-style: normal; font-variant: normal; font-weight: 400; letter-spacing: normal; orphans: 2; text-align: left; text-decoration: none; text-indent: 0px; text-transform: none; -webkit-text-stroke-width: 0px; white-space: normal; word-spacing: 0px;"">For dates of service on or after 01/01/2010, CPT code 75571 is not a covered service.</span></p>",2025-09-30 23:46:16.870000
56453,12,1,,2025-09-18 20:06:22.993000
56454,12,1,,2026-02-23 17:34:52.780000
56455,12,1,,2026-02-20 22:00:55.147000
56456,32,1,,2026-02-20 19:56:10.550000
56457,15,1,,2026-02-20 19:22:54.430000
56459,30,1,"<p><span style=""display: inline !important; float: none; background-color: #ffffff; color: #000000; font-family: Verdana,Arial,Helvetica,sans-serif; font-size: 14px; font-style: normal; font-variant: normal; font-weight: 400; letter-spacing: normal; orphans: 2; text-align: left; text-decoration: none; text-indent: 0px; text-transform: none; -webkit-text-stroke-width: 0px; white-space: normal; word-spacing: 0px;"">CPT codes 11040 and 11041 were deleted 12/31/2010.</span></p>",2026-04-10 11:43:25.763000
56460,14,1,,2026-02-20 19:46:01.143000
56461,26,1,"<p><span style=""display: inline !important; float: none; background-color: #ffffff; color: #000000; font-family: Verdana,Arial,Helvetica,sans-serif; font-size: 14px; font-style: normal; font-variant: normal; font-weight: 400; letter-spacing: normal; orphans: 2; text-align: left; text-decoration: none; text-indent: 0px; text-transform: none; -webkit-text-stroke-width: 0px; white-space: normal; word-spacing: 0px;"">For Wireless Capsule Endoscopy of the Small Intestine ONLY:</span></p>",2026-02-27 14:26:45.557000
56461,26,2,"<p><strong style=""color: #000000; font-family: Verdana,Arial,Helvetica,sans-serif; font-size: 14px; font-style: normal; font-variant: normal; font-weight: bold; letter-spacing: normal; orphans: 2; text-align: left; text-decoration: none; text-indent: 0px; text-transform: none; -webkit-text-stroke-width: 0px; white-space: normal; word-spacing: 0px;"">For Wireless Capsule Endoscopy of the Esophagus ONLY:</strong><br style=""color: #000000; font-family: Verdana,Arial,Helvetica,sans-serif; font-size: 14px; font-style: normal; font-variant: normal; font-weight: 400; letter-spacing: normal; orphans: 2; text-align: left; text-decoration: none; text-indent: 0px; text-transform: none; -webkit-text-stroke-width: 0px; white-space: normal; word-spacing: 0px;"" /><span style=""display: inline !important; float: none; background-color: #ffffff; color: #000000; font-family: Verdana,Arial,Helvetica,sans-serif; font-size: 14px; font-style: normal; font-variant: normal; font-weight: 400; letter-spacing: normal; orphans: 2; text-align: left; text-decoration: none; text-indent: 0px; text-transform: none; -webkit-text-stroke-width: 0px; white-space: normal; word-spacing: 0px;"">CPT code 91111 should be reported.</span><br style=""color: #000000; font-family: Verdana,Arial,Helvetica,sans-serif; font-size: 14px; font-style: normal; font-variant: normal; font-weight: 400; letter-spacing: normal; orphans: 2; text-align: left; text-decoration: none; text-indent: 0px; text-transform: none; -webkit-text-stroke-width: 0px; white-space: normal; word-spacing: 0px;"" /><br style=""color: #000000; font-family: Verdana,Arial,Helvetica,sans-serif; font-size: 14px; font-style: normal; font-variant: normal; font-weight: 400; letter-spacing: normal; orphans: 2; text-align: left; text-decoration: none; text-indent: 0px; text-transform: none; -webkit-text-stroke-width: 0px; white-space: normal; word-spacing: 0px;"" /><span style=""display: inline !important; float: none; background-color: #ffffff; color: #000000; font-family: Verdana,Arial,Helvetica,sans-serif; font-size: 14px; font-style: normal; font-variant: normal; font-weight: 400; letter-spacing: normal; orphans: 2; text-align: left; text-decoration: none; text-indent: 0px; text-transform: none; -webkit-text-stroke-width: 0px; white-space: normal; word-spacing: 0px;"">CPT code 91111 requires a KX modifier be appended to document that no contraindication exists for nonselective beta-blocker use.</span><br style=""color: #000000; font-family: Verdana,Arial,Helvetica,sans-serif; font-size: 14px; font-style: normal; font-variant: normal; font-weight: 400; letter-spacing: normal; orphans: 2; text-align: left; text-decoration: none; text-indent: 0px; text-transform: none; -webkit-text-stroke-width: 0px; white-space: normal; word-spacing: 0px;"" /><br style=""color: #000000; font-family: Verdana,Arial,Helvetica,sans-serif; font-size: 14px; font-style: normal; font-variant: normal; font-weight: 400; letter-spacing: normal; orphans: 2; text-align: left; text-decoration: none; text-indent: 0px; text-transform: none; -webkit-text-stroke-width: 0px; white-space: normal; word-spacing: 0px;"" /><strong style=""color: #000000; font-family: Verdana,Arial,Helvetica,sans-serif; font-size: 14px; font-style: normal; font-variant: normal; font-weight: bold; letter-spacing: normal; orphans: 2; text-align: left; text-decoration: none; text-indent: 0px; text-transform: none; -webkit-text-stroke-width: 0px; white-space: normal; word-spacing: 0px;"">For Patency Capsule Testing:</strong> <br style=""color: #000000; font-family: Verdana,Arial,Helvetica,sans-serif; font-size: 14px; font-style: normal; font-variant: normal; font-weight: 400; letter-spacing: normal; orphans: 2; text-align: left; text-decoration: none; text-indent: 0px; text-transform: none; -webkit-text-stroke-width: 0px; white-space: normal; word-spacing: 0px;"" /><span style=""display: inline !important; float: none; background-color: #ffffff; color: #000000; font-family: Verdana,Arial,Helvetica,sans-serif; font-size: 14px; font-style: normal; font-variant: normal; font-weight: 400; letter-spacing: normal; orphans: 2; text-align: left; text-decoration: none; text-indent: 0px; text-transform: none; -webkit-text-stroke-width: 0px; white-space: normal; word-spacing: 0px;"">CPT code 91299 should be reported.</span><br style=""color: #000000; font-family: Verdana,Arial,Helvetica,sans-serif; font-size: 14px; font-style: normal; font-variant: normal; font-weight: 400; letter-spacing: normal; orphans: 2; text-align: left; text-decoration: none; text-indent: 0px; text-transform: none; -webkit-text-stroke-width: 0px; white-space: normal; word-spacing: 0px;"" /><br style=""color: #000000; font-family: Verdana,Arial,Helvetica,sans-serif; font-size: 14px; font-style: normal; font-variant: normal; font-weight: 400; letter-spacing: normal; orphans: 2; text-align: left; text-decoration: none; text-indent: 0px; text-transform: none; -webkit-text-stroke-width: 0px; white-space: normal; word-spacing: 0px;"" /></p>",2026-02-27 14:26:45.567000
56462,32,1,"<p><span style=""display: inline !important; float: none; background-color: #ffffff; color: #000000; font-family: Verdana,Arial,Helvetica,sans-serif; font-size: 14px; font-style: normal; font-variant: normal; font-weight: 400; letter-spacing: normal; orphans: 2; text-align: left; text-decoration: none; text-indent: 0px; text-transform: none; -webkit-text-stroke-width: 0px; white-space: normal; word-spacing: 0px;"">Note: Effective February 23, 2013, Omontys &reg; (J0890) has been recalled by the FDA and will no longer be covered by CGS. More information regarding this recall is available on the FDA website.</span></p>",2026-02-27 16:11:05.407000
56464,35,1,,2026-02-27 18:26:52.697000
56464,35,2,"<p><span style=""display: inline !important; float: none; background-color: #ffffff; color: #333333; font-family: Verdana,'Helvetica Neue',Helvetica,Arial,sans-serif; font-size: 14px; font-style: normal; font-variant: normal; font-weight: bold; letter-spacing: normal; orphans: 2; text-align: left; text-decoration: none; text-indent: 0px; text-transform: none; -webkit-text-stroke-width: 0px; white-space: normal; word-spacing: 0px;"">Quantitative Codes in immunology section:</span></p>",2026-02-27 18:26:52.720000
56465,16,1,,2026-03-25 18:17:46.723000
56467,14,1,,2026-03-25 20:03:04.470000
56471,18,1,,2026-02-20 21:43:00.420000
56476,35,1,"<p><span style=""line-height: 115%;""><strong>NOTE:</strong></span><span style=""line-height: 115%;""> For Part A services only, the provider should bill the appropriate procedure code on the UB-04 for 11X bill type.</span></p>
<p><span style=""line-height: 115%;""><strong>Use CPT<sup>&reg;</sup> code 78496 in conjunction with CPT<sup>&reg;</sup> code 78472.</strong></span></p>",2025-08-14 14:47:37.760000
56476,35,2,"<p><p style=""line-height: normal;""><strong>HCPCS Codes</strong></p></p>",2025-08-14 14:47:37.830000
56476,35,3,"<p><p style=""line-height: normal;"">Pharmacologic Stress Agents</p></p>",2025-08-14 14:47:37.870000
56491,25,1,"<p style=""line-height: 11.65pt;""><strong>Note: </strong>Providers are reminded to refer to the long descriptors of the CPT codes in their CPT book.</p>
<p style=""line-height: 14.15pt;"">The CPT codes in Group 1 are considered medically necessary when the Indications of Coverage are met. The 90-day global periods apply.</p>
<p>See L33954 Cataract Extraction LCD and related B&amp;C article for additional coverage indications and diagnoses.</p>",2025-03-18 16:49:18.600000
56491,25,2,"<p><p style=""text-align: justify; line-height: 15.35pt;"">The CPT codes in Group 2 are considered medically necessary when the Indications of Coverage are met. The 90-day global periods apply.</p>
<p style=""line-height: 11.4pt;"">Do not report 0671T in conjunction with 66989 or 66991.</p></p>",2025-03-18 16:49:18.620000
56491,25,3,"<p><span style=""background: white;"">The following CPT codes are considered not medically reasonable and necessary (non-covered).</span></p>",2025-03-18 16:49:18.637000
56493,13,1,,2025-10-31 20:50:57.603000
56494,17,1,,2026-02-20 21:50:05.357000
56497,20,1,,2021-02-09 13:54:19.143000
56500,39,1,"<p>The following CPT/HCPCS codes describe cardiac catheterization.</p>
<p>Note: G0269 is considered a bundled code on the Medicare physician fee schedule and is not separately payable.</p>",2025-10-31 21:03:22.947000
56500,39,2,<p>The following CPT codes describe SELECTIVE extra-cardiac angiography</p>,2025-10-31 21:03:23.047000
56500,39,3,<p>The following HCPCS codes describe NON-SELECTIVE extra-cardiac angiography.</p>,2025-10-31 21:03:23.113000
56502,8,1,,2023-11-20 14:21:05.520000
56503,12,1,,2024-12-17 16:47:49.440000
56503,12,2,,2024-12-17 16:47:49.473000
56505,41,1,<p><strong>Note:</strong> Providers are reminded to refer to the long descriptors of the CPT code in their CPT books.</p>,2026-02-20 14:54:44.913000
56514,25,1,<p>N/A</p>,2025-10-14 13:00:42.567000
56531,19,1,"<p><strong><span style=""line-height: 115%;"">HCPCS Codes:</span></strong></p>",2024-08-12 18:11:49.563000
56537,41,1,,2026-07-14 22:43:03.403000
56538,27,1,<p><strong><br />Note: </strong>Providers are reminded to refer to the long descriptors of the CPT codes in their CPT book.</p>,2025-09-26 13:55:13.880000
56538,27,2,<p>N/A</p>,2025-09-26 13:55:13.910000
56538,27,3,<p>N/A</p>,2025-09-26 13:55:13.917000
56541,40,1,"<p><strong>Note:</strong> Providers are reminded to refer to the long descriptors of the CPT codes in their CPT book. <br /><br /><strong>Please note:</strong> At this time, only the CPT codes listed in ICD-10-CM code group paragraphs 1 through 3 are subject to diagnosis-to-procedure code limitations. Please refer to the list of CPT/HCPCS codes at the beginning of each ICD-10-CM code group paragraph for appropriate diagnosis-to-procedure code limitations.</p>",2024-01-19 13:04:00.913000
56542,18,1,<p><strong>Note:</strong> Providers are reminded to refer to the long descriptors of the CPT codes in their CPT book.</p>,2025-09-26 17:08:20.327000
56544,28,1,<p>The following CPT codes should be reported with ICD-10-CM diagnosis codes from the ICD-10-CM Diagnosis codes section-Group 1</p>,2026-07-14 22:42:59.013000
56544,28,2,<p>CPT codes 66982 and&nbsp;66987&nbsp;should be reported with ICD-10-CM diagnosis codes from both the ICD-10-CM Diagnosis codes sections- Groups 1 and Group 2.</p>,2026-07-14 22:42:59.013000
56545,14,1,,2024-11-13 14:10:49.843000
56548,20,1,<p>CPT code 92499 should be used to report optical pachymetry.</p>,2026-07-14 22:42:59.230000
56549,13,1,,2026-07-14 22:43:01.597000
56550,12,1,,2026-07-14 22:43:02.190000
56551,34,1,,2026-07-14 22:43:04.540000
56558,86,1,"<p>&nbsp;</p>
<p><strong>Note: </strong>Providers are reminded to refer to the long descriptors of the CPT codes in their CPT book.</p>",2025-11-26 13:34:36.757000
56558,86,2,,2025-11-26 13:34:36.797000
56558,86,3,,2025-11-26 13:34:36.817000
56558,86,4,,2025-11-26 13:34:36.837000
56558,86,5,<p><strong>The following CPT codes are non-covered:</strong></p>,2025-11-26 13:34:36.850000
56559,26,1,,2025-08-13 21:55:26.020000
56559,26,2,,2025-08-13 21:55:26.037000
56559,26,3,"<p><p style=""line-height: normal;"">Medicare is establishing limited coverage for <strong>CPT<sup>&reg;</sup> 95004</strong></p></p>",2025-08-13 21:55:26.043000
56562,33,1,,2024-08-08 18:59:19.477000
56566,46,1,"<p>This list represents common physical and occupational therapy services and is not all-inclusive.</p>
<p>HCPCS code G0295 is status N (non-covered) under Medicare.</p>
<p>CPT code 97037 is status N (non-covered) under Medicare.</p>
<p>&nbsp;</p>",2026-07-14 22:43:01.967000
56572,22,1,<p>N/A</p>,2025-10-27 12:06:23.070000
56580,30,1,,2025-08-14 18:31:13.077000
56584,14,1,,2023-07-06 14:41:36.980000
56587,48,1,"<p><strong>Dermabrasion</strong></p>
<p><strong>Note: </strong>Providers are reminded to refer to the long descriptors of the CPT codes in their CPT book.</p>",2026-02-06 13:52:17.090000
56587,48,2,"<p><strong>Abdominal Lipectomy/Panniculectomy</strong></p>
<p><strong>Note:</strong> <strong>CPT code 15847 </strong>is an add-on code that can only be used in conjunction with <strong>CPT code 15830</strong>.</p>",2026-02-06 13:52:17.157000
56587,48,3,<p><strong>Reconstructive Breast Surgery: Removal of Breast Implants</strong></p>,2026-02-06 13:52:17.170000
56587,48,4,<p><strong>Reduction Mammaplasty</strong></p>,2026-02-06 13:52:17.220000
56587,48,5,"<p><strong>Mastectomy for Gynecomastia</strong></p>
<p>Liposuction or ultrasonically assisted liposuction (<strong>15877</strong> suction assisted lipectomy; trunk) used for the treatment of gynecomastia is considered integral to the primary procedure and not covered.</p>",2026-02-06 13:52:17.230000
56587,48,6,"<p><strong>Rhinoplasty/Nasal Reconstructive Surgery</strong></p>
<p>The following CPT codes associated with the services outlined in this Billing and Coding Article will not have diagnosis code limitations applied at this time: <strong>20912, 21210, </strong>or<strong> 21235</strong>.</p>",2026-02-06 13:52:17.240000
56588,33,1,"<p style=""line-height: 11.65pt;""><strong>Note: </strong>Providers are reminded to refer to the long descriptors of the CPT codes in their CPT book.</p>
<p style=""line-height: 14.15pt;"">The CPT codes in Group 1 are considered medically necessary when the Indications of Coverage are met. The 90-day global periods apply.</p>
<p>Due to the laterality of eye procedures, modifiers RT, LT or 50 must be used to indicate the eye(s) being treated.</p>
<p>See L33558 Cataract Extraction LCD and related Billing and Coding article for additional coverage indications and diagnoses.</p>",2026-07-16 15:49:12.120000
56588,33,2,"<p><p style=""text-align: justify; line-height: 15.35pt;"">The CPT codes in Group 2 are considered medically necessary when the Indications of Coverage are met. The 90-day global periods apply.</p>
<p style=""line-height: 11.4pt;"">Do not report 0671T in conjunction with 66989 or 66991.</p></p>",2026-07-16 15:49:12.120000
56588,33,3,"<p><span style=""background: white;"">The following CPT codes are considered not medically reasonable and necessary (non-covered).</span></p>",2026-07-16 15:49:12.120000
56594,14,1,<p>The following CPT code should only be reported and paid once per 10-day global period per eye no matter how many treatment sessions occur.</p>,2026-03-16 18:22:37.200000
56602,39,1,<p><strong>Note: </strong>Providers are reminded to refer to the long descriptors of the CPT codes in their CPT book.</p>,2025-01-24 13:51:55.797000
56605,22,1,"<p><span style=""line-height: 115%;"">For CPT<sup>&reg;</sup> code 83880 there must be supportive documentation in the medical record to demonstrate the medical necessity of more frequent testing.</span></p>",2025-12-22 15:47:48.880000
56607,19,1,,2025-08-21 14:15:19.007000
56609,18,1,"<p><p style=""line-height: normal;"">The CPT codes in Group 1 are considered medically necessary when ordered by a physician or other qualified health care professional (i.e., NP, CNS, PA).</p>
<p style=""line-height: normal;""><strong>4K Score </strong>should be billed with 81539</p>
<p style=""line-height: normal;""><strong>PCA3 </strong>should be billed using code 81313</p>
<p style=""line-height: normal;""><strong>ConfirmDx </strong>should be billed using code 81551</p>
<p style=""line-height: normal;""><strong>%fPSA </strong>should be billed using codes 84153 and 84154.</p>
<p style=""line-height: normal;""><strong>PHI </strong>should be billed using codes 84153, 84154 and 86316.</p>
<p style=""line-height: normal;""><strong>SelectMDX</strong> should be billed using code 81479</p>
<p><strong><span style=""line-height: 107%;"">EPI</span></strong><span style=""line-height: 107%;""> should be billed using code 0005U.</span></p>
<p>&nbsp;</p></p>",2026-07-14 22:42:58.620000
56610,13,1,,2023-11-06 15:53:06.287000
56611,15,1,,2025-08-14 16:11:19.120000
56612,35,1,,2026-07-17 12:41:06.500000
56613,17,1,"<p><span style=""line-height: 115%;"">The CPT<sup>&reg;</sup> codes are considered medically necessary when the indications of coverage in the Cataract Surgery L34413 Local Coverage Determination (LCD) are met for surgical cataract treatment. A reasonable and necessary standard must be met for the utilized anterior segment drainage device.</span></p>
<p><strong>*Note: </strong>CPT codes 66989 and 66991 cannot be billed in conjunction with 66982-66989 on the same date of service and the same eye. Claims billed with these mutually exclusive codes will be rejected.</p>",2025-08-14 16:13:18.690000
56614,23,1,<p>N/A</p>,2025-04-09 14:26:14.120000
56615,36,1,<p><strong><br />Note:</strong> Providers are reminded to refer to the long descriptors of the CPT codes in their CPT book.</p>,2025-09-26 13:56:51.200000
56615,36,2,<p><strong><br />Note: </strong>Providers are reminded to refer to the long descriptors of the CPT codes in their CPT book.</p>,2025-09-26 13:56:51.220000
56616,11,1,,2024-12-13 15:16:30.743000
56617,26,1,<p>N/A</p>,2026-07-14 22:42:59.330000
56619,33,1,"<p><strong><span style=""line-height: 115%;"">A. Nerve Conduction Studies (NCS) </span></strong></p>
<p><strong><span style=""line-height: 115%;""> Both a nerve conduction velocity study and an electromyogram must be performed involving the nerve(s) being studied on the same date of service in order to be reimbursed for those procedures. The only exception is in the diagnosis of carpal tunnel which may not in all cases require both a nerve conduction velocity study and an electromyogram.</span></strong></p>",2025-08-20 14:53:32.543000
56619,33,2,"<p><strong>B. Electromyography (EMG) </strong></p>
<p><strong>Both a nerve conduction velocity study and an electromyogram must be performed involving the nerve(s) being studied on the same date of service in order to be reimbursed for those procedures. The only exception is in the diagnosis of carpal tunnel which may not in all cases require both a nerve conduction velocity study and an electromyogram.</strong></p>",2025-08-20 14:53:32.590000
56621,26,1,"<p style=""line-height: normal;""><strong>Note:</strong> Providers are reminded to refer to the long descriptors of the CPT<sup>&reg;</sup> codes in their CPT<sup>&reg;</sup> book. The American Medical Association (AMA) and the Centers for Medicare &amp; Medicaid Services (CMS) require the use of short CPT<sup>&reg;</sup> descriptors in policies published on the Web.</p>",2025-08-14 12:30:33.967000
56625,36,1,,2025-08-19 15:00:46.730000
56625,36,2,,2025-08-19 15:00:46.747000
56625,36,3,,2025-08-19 15:00:46.763000
56625,36,4,,2025-08-19 15:00:46.770000
56625,36,5,,2025-08-19 15:00:46.797000
56631,19,1,"<p><strong>Note:</strong> Providers are reminded to refer to the long descriptors of the CPT codes in their CPT book. <br /><br /> The following CPT/HCPCS codes associated with the services outlined in this policy will not have diagnosis limitations applied at this time: <strong>36200, 36215, 36216, 36217, 36218, 75600, 75605, 75710, and 75716.</strong></p>",2023-10-20 11:53:00.720000
56632,31,1,,2025-08-14 17:16:03.063000
56633,47,1,"<p><strong>Note</strong>: Providers are reminded to refer to the long descriptors of the CPT codes in their CPT book. <br /><br />The following CPT codes associated with the services outlined in this article <strong>will not have diagnosis limitations</strong> applied at this time: <strong>65820, 65850, 66170, and 66172.</strong></p>",2023-11-09 23:50:22.977000
56633,47,2,,2023-11-09 23:50:22.993000
56633,47,3,<p>The following CPT codes are considered not medically reasonable and necessary (non-covered).</p>,2023-11-09 23:50:23
56636,20,1,,2025-10-22 18:51:30.313000
56638,37,1,<p><strong>Note: </strong>Providers are reminded to refer to the long descriptors of the CPT codes in their CPT book.</p>,2025-07-09 18:47:27.153000
56638,37,2,<p><strong>Note: </strong>Providers are reminded to refer to the long descriptors of the CPT codes in their CPT book.</p>,2025-07-09 18:47:27.187000
56639,20,1,<p>N/A</p>,2025-08-14 13:23:36.773000
56640,16,1,<p><strong>Note</strong>: Providers are reminded to refer to the long descriptors of the CPT codes in their CPT book.</p>,2019-09-06 18:27:01.190000
56641,18,1,<p>N/A</p>,2025-08-14 13:58:38.157000
56642,47,1,<p><strong>Note:</strong> Providers are reminded to refer to the long descriptors of the CPT codes in their CPT book.</p>,2025-07-09 18:46:27.783000
56642,47,2,<p><strong>Note: </strong>Providers are reminded to refer to the long descriptors of the CPT codes in their CPT book.</p>,2025-07-09 18:46:27.830000
56644,29,1,"<p><strong>Note:</strong> Providers are reminded to refer to the long descriptors of the CPT codes in their CPT book.</p>
<p>The following CPT codes associated with the services outlined in the Billing and Coding Article will not have diagnosis code limitations applied at this time: 36903, 36906 and 36908.</p>",2025-09-26 14:04:44.147000
56645,48,1,"<p><strong>Note: </strong>Providers are reminded to refer to the long descriptors of the CPT codes in their CPT book.</p>
<p style=""line-height: normal;""><strong>Presumptive UDT</strong></p>",2024-10-18 13:49:35.957000
56645,48,2,<p><strong>Definitive UDT</strong></p>,2024-10-18 13:49:36
56647,32,1,"<p><strong>Note:</strong> Providers are reminded to refer to the long descriptors of the CPT codes in their CPT book.</p>
<p>The following CPT codes associated with the services outlined in this article <strong>will not have diagnosis limitations</strong> applied at this time: <strong>65820, 65850, 66170, and 66172</strong>.</p>",2023-11-09 23:51:49.817000
56647,32,2,,2023-11-09 23:51:49.830000
56647,32,3,<p>The following CPT codes are considered not medically reasonable and necessary (non-covered).</p>,2023-11-09 23:51:49.837000
56648,19,1,<p>N/A</p>,2023-10-19 18:16:12.077000
56651,36,1,<p><strong>Note</strong>: Providers are reminded to refer to the long descriptors of the CPT codes in their CPT book.</p>,2023-11-09 11:41:10.557000
56653,15,1,<p><strong>Note:</strong> Providers are reminded to refer to the long descriptors of the CPT codes in their CPT book.</p>,2024-05-31 13:36:54.760000
56658,42,1,"<p><strong>Exception: tattoos applied by medical professional in the course of therapeutic intervention</strong></p>
<p><strong>Dermabrasion</strong></p>",2026-01-27 16:16:03.753000
56658,42,2,<p><strong>Abdominal Lipectomy/Panniculectomy</strong></p>,2026-01-27 16:16:03.773000
56658,42,3,<p><strong>Reconstructive Breast Surgery; Removal of Breast Implants</strong></p>,2026-01-27 16:16:03.800000
56658,42,4,<p><strong>Reduction Mammoplasty-Primary</strong></p>,2026-01-27 16:16:03.853000
56658,42,5,<p><strong>Reduction Mammoplasty-Secondary</strong></p>,2026-01-27 16:16:03.860000
56658,42,6,<p><strong>Nasal Reconstruction and Rhinoplasty</strong></p>,2026-01-27 16:16:03.870000
56658,42,7,"<p><strong>Facial and Maxillofacial Procedures</strong></p>
<p>Use CPT<sup>&reg;&nbsp;</sup>codes only when the physician actually designs and prepares the prosthesis and not when the prosthesis is prepared by an outside laboratory.&nbsp;</p>
<p>When CPT<sup>&reg;</sup> codes 21089 and 21299 are billed, documentation must be submitted with the claim.</p>",2026-01-27 16:16:03.907000
56666,19,1,,2023-01-20 12:03:14.143000
56669,16,1,<p>N/A</p>,2024-07-23 15:40:31.843000
56670,61,1,"<p><strong><br />Note</strong>: Providers are reminded to refer to the long descriptors of the CPT codes in their CPT book.<br /><br />The following CPT codes need to be listed separately in addition to a code for the primary procedure: <strong>64491, 64494, 64634, and 64636.<br /><br /></strong></p>",2026-04-02 15:32:43.640000
56670,61,2,"<p><strong><br />Note</strong>: CPT code <strong>64999 </strong>is non-covered when used to report non-thermal facet joint denervation including chemical, low grade thermal energy (less than 80 degrees Celsius), or any form of pulsed radiofrequency.<br /><br /><strong>Note</strong>: When reporting CPT code 64999 ensure that the description of the service is included on the claim.<br /><br />Consistent with the LCD, the following CPT/HCPCS codes do not support medical necessity and are non-covered.<br /><br />*This is not an inclusive list of non-covered codes.<br /><br /><strong>*Note</strong>: CPT code 64492 or 64495 describes a third and additional levels and must be listed separately in addition to the code for the primary procedure and the second level procedure and cannot be reported more than once per day. CPT code 64492 must be reported in conjunction with CPT code 64490/64491 and CPT code 64495 must be reported in conjunction with 64493/64494. CPT codes 64492 and 64495 will only be covered if sufficient documentation of medical necessity is present.<br /><br /></p>",2026-04-02 15:32:44.473000
56672,16,1,<p><strong>Note:</strong> Providers are reminded to refer to the long descriptors of the CPT codes in their CPT book.</p>,2024-10-18 12:45:48.140000
56673,14,1,<p><strong>For hospital outpatient billing only:</strong></p>,2024-12-13 15:17:19.213000
56673,14,2,<p><strong>For Critical Access Hospital billing only:</strong></p>,2024-12-13 15:17:19.227000
56674,11,1,,2025-04-09 14:28:57.660000
56675,25,1,,2024-09-05 14:28:59.517000
56679,9,1,,2024-08-22 14:02:01.927000
56680,44,1,<p>N/A</p>,2025-10-24 13:18:45.300000
56681,34,1,<p><strong>Note</strong>: Providers are reminded to refer to the long descriptors of the CPT codes in their CPT book.</p>,2023-11-09 11:38:02.573000
56682,49,1,"<p><strong>Angiography</strong> of the arteries in the <strong>Abdomen, Pelvis, </strong>or<strong> Lower Extremity</strong> branches. <strong>Aortography</strong> of the arteries in the <strong>Abdomen</strong> with or without the <strong>Lower Extremity</strong> arteries.</p>
<p><strong>Note</strong>: Providers are reminded to refer to the long descriptors of the CPT/HCPCS codes in their CPT/HCPCS book.</p>
<p>The following CPT code associated with the services outlined in this Billing and Coding Article will not have diagnosis limitations applied at this time:<strong> 36200.</strong></p>",2025-10-03 12:28:15.090000
56682,49,2,<p><strong>Angiography</strong> of the <strong>Renal</strong> arteries.</p>,2025-10-03 12:28:15.173000
56682,49,3,<p><strong>Aortography with or without Angiography</strong> of the arteries in the <strong>Abdomen</strong> and the <strong>Lower Extremities</strong>.</p>,2025-10-03 12:28:15.197000
56684,17,1,"<p><span style=""line-height: 115%;""> These CPT/HCPCS codes are considered medically necessary when&nbsp;<strong><em>Coverage Indications, Limitations and/or Medical Necessity</em></strong> are met as outlined in the Intraoperative Radiation Therapy L37779 LCD. </span></p>
<p><span style=""line-height: 115%;"">""C"" HCPCS codes are applicable to Part A outpatient services only.</span></p>",2025-09-12 14:35:09.570000
56685,17,1,"<p><span style=""line-height: 115%;"">The CPT<sup>&reg;</sup>/HCPCS codes listed in <strong><em>Group 1: Codes</em></strong> describe covered services when performed in the context of partial hospitalization. It is outside of the scope of this Billing and Coding: Partial Hospitalization Programs A56685 article to list all circumstances where the services represented by CPT<sup>&reg;</sup> code 96116 may be appropriately performed outside of the context of the Partial Hospitalization Programs L37633 LCD. Absence of a diagnosis code in this Billing and Coding: Partial Hospitalization Programs A56685 article for other conditions for which these evaluations may be medically necessary does not imply non-coverage in those circumstances.</span></p>",2024-08-26 14:04:30.180000
56685,17,2,"<p><span style=""line-height: 115%;"">The following CPT<sup>&reg;</sup> codes are <strong>Noncovered:</strong></span></p>",2024-08-26 14:04:30.380000
56686,16,1,,2024-12-17 17:34:18.750000
56691,28,1,"<p><p style=""line-height: normal;"">CPT<sup>&reg;</sup> Codes</p></p>",2025-08-14 13:49:00.367000
56692,19,1,,2026-07-27 17:39:25.670000
56695,24,1,"<p><span style=""line-height: 115%;""><strong>Note:</strong></span></p>
<p><span style=""line-height: 115%;"">Use J7999-KD* to indicate compounded and/or combination drugs used in implantable infusion pumps including, morphine sulfate, hydromorphone, fentanyl, sufentanil, clonidine, bupivacaine, compounded baclofen, and ziconitide. Other drugs are not covered. </span></p>
<p><span style=""line-height: 115%;"">When non-compounded or single agent drugs are used in implantable infusion pumps, use the specific HCPCS code for the drug used. Only the following non-compounded drugs are covered: </span></p>
<p><span style=""line-height: 115%;"">J2278-KD ziconitide (Prialt<sup>&reg;</sup>) (non-compounded) (For <strong><em>ICD-10-CM Codes that Support Medical Necessity Group 3: Codes</em> only</strong>) </span></p>
<p><span style=""line-height: 115%;"">J0475-KD Injection, baclofen <strong>(non-compounded)</strong>, 10 mg </span></p>
<p><span style=""line-height: 115%;"">J9200-KD floxuridine (non-compounded) (For <strong><em>ICD-10-CM Codes that Support Medical Necessity Group 1: Codes</em> only</strong>) </span></p>
<p><span style=""line-height: 115%;""><strong>*CPT</strong></span><sup><span style=""line-height: 115%;"">&reg;</span></sup><span style=""line-height: 115%;""><strong> codes 62322, 62323, 62326 and 62327 should be reported when performing trial infusions prior to permanent pump implantation. Choose the appropriate code as to whether the trial involves intermittent boluses or continuous infusion i.e., baclofen trials, without placement of a catheter or with placement of a catheter that will remain in place less than 24 hours (62322, 62323); or a trial that involves intermittent boluses or continuous infusion through a catheter that will remain in place greater than 24 hours (62326, 62327).</strong></span></p>",2025-08-25 13:18:52.967000
56696,43,1,<p>Note: Providers are reminded to refer to the long descriptors of the CPT codes in their CPT book.</p>,2026-03-05 12:45:14.810000
56697,44,1,<p>Cerebrovascular Arterial Studies</p>,2025-10-31 21:11:10.693000
56697,44,2,<p>Transcranial Doppler</p>,2025-10-31 21:11:10.707000
56697,44,3,<p>Extremity Arterial Studies</p>,2025-10-31 21:11:10.720000
56697,44,4,<p>Extremity Venous Studies</p>,2025-10-31 21:11:10.747000
56697,44,5,<p>Visceral Vascular Studies</p>,2025-10-31 21:11:10.757000
56697,44,6,<p>Hemodialysis Access Studies</p>,2025-10-31 21:11:10.770000
56697,44,7,"<p>Pre-surgical Conduit Mapping for Coronary Artery Bypass Graft Procedures (93930, 93931, 93970, and 93971)</p>",2025-10-31 21:11:10.783000
56697,44,8,<p>Pre-surgical Vein-Mapping for Peripheral Arterial Bypass (93970 and 93971)</p>,2025-10-31 21:11:10.800000
56703,17,1,,2024-06-24 12:34:07.810000
56704,10,1,,2022-03-04 13:36:36.297000
56704,10,2,,2022-03-04 13:36:36.307000
56717,35,1,,2026-02-04 14:11:04.797000
56718,39,1,,2026-06-26 12:40:36.290000
56722,23,1,<p><strong>Note:</strong> Providers are reminded to refer to the long descriptors of the CPT codes in their CPT book.</p>,2025-09-26 17:44:04.787000
56724,5,1,,2019-10-09 15:05:14.860000
56726,43,1,,2026-07-14 22:43:01.730000
56727,21,1,,2025-08-18 15:58:46.413000
56729,21,1,,2025-08-25 14:13:13.270000
56730,27,1,"<p><span style=""line-height: 115%;"">CPT<sup>&reg;</sup> codes 94760, 94761, and 94762 are included in the critical care services listed in <em><strong>Group 2: Codes</strong></em>. These codes will not be paid separately when billed with a critical care code.</span></p>",2026-02-04 14:11:47.053000
56730,27,2,"<p><p style=""line-height: normal;"">Critical Care Codes</p></p>",2026-02-04 14:11:47.080000
56731,16,1,,2023-12-27 19:22:55.420000
56731,16,2,"<p><p style=""line-height: normal;""><strong>Note:</strong> Use of the following Physical Medicine and Rehabilitation CPT/HCPCS Codes for these treatments is inappropriate:</p></p>",2023-12-27 19:22:55.457000
56732,15,1,,2023-12-20 18:54:09.023000
56737,31,1,"<p><p style=""line-height: normal;"">CPT code 75571 is not a covered service.</p></p>",2026-07-14 22:42:58.873000
56743,26,1,,2026-07-14 22:42:58.930000
56747,29,1,"<p><p style=""line-height: normal;"">Part A billers should report HCPCS codes C8900-C8902 for MRA of the abdomen. CPT code 74185 applies only for Part B claims.</p></p>",2026-07-14 22:43:00.660000
56747,29,2,"<p><span style=""line-height: 107%;""><strong>Non-covered services</strong></span></p>
<p><span style=""line-height: 107%;"">Effective 06/03/2010, CPT code 72159 has been replaced with HCPCS codes C8931, C8932, and C8933 and CPT code 73225 has been replaced with HCPCS codes C8934, C8935, and C8936 for ASC providers submitting claims to the carrier or Part B MAC and for providers subject to Outpatient Prospective Payment System (OPPS) submitting claims to the Part A MAC.</span></p>",2026-07-14 22:43:00.660000
56748,31,1,"<p><p style=""line-height: normal;"">Effective for dates of service on or after January 1, 2016 through March 31, 2018 claims for Q5101 must use the ZA modifier (Q5101ZA). On or after April 1, 2018 no modifier is required to report Q5101.</p></p>",2026-06-26 12:41:20.023000
56754,4,1,,2019-09-26 17:24:10.533000
56756,20,1,"<p><span style=""font-family: 'Verdana','sans-serif';""><span style=""color: #001000;"">As<span style=""font-size: 10.5pt; line-height: 115%; font-family: 'Verdana','sans-serif'; mso-fareast-font-family: 'Times New Roman'; mso-bidi-font-family: 'Times New Roman'; color: #333333; mso-ansi-language: EN-US; mso-fareast-language: EN-US; mso-bidi-language: AR-SA;""> of July 1999, Home Health (HH) agencies must use the following HCPCS codes when billing for HH services provider under a plan of treatment. These services must report time spent with the patient in 15-minute increments.</span></span></span></p>",2023-11-03 14:52:03.363000
56758,62,1,"<p><p style=""line-height: normal;""><strong>Cerebrovascular Arterial Studies</strong></p></p>",2026-07-14 22:43:01.290000
56758,62,2,"<p><p style=""line-height: normal;""><strong>Transcranial Doppler Studies</strong></p></p>",2026-07-14 22:43:01.290000
56758,62,3,"<p><p style=""line-height: normal;""><strong>Extremity Arterial Studies </strong></p></p>",2026-07-14 22:43:01.290000
56758,62,4,"<p><span style=""line-height: 107%;""><strong>Extremity Venous Studies</strong></span></p>",2026-07-14 22:43:01.290000
56758,62,5,"<p><p style=""line-height: normal;""><strong>Visceral Vascular Studies</strong></p></p>",2026-07-14 22:43:01.290000
56758,62,6,"<p><p style=""line-height: normal;""><strong>Hemodialysis Access Studies</strong></p>
<p style=""line-height: normal;"">&nbsp;</p></p>",2026-07-14 22:43:01.290000
56766,25,1,<p>N/A</p>,2026-07-14 22:43:00.317000
56767,29,1,<p>N/A</p>,2026-07-14 22:42:59.970000
56769,18,1,"<p>&nbsp;</p>
<p><span style=""line-height: 115%;"">&nbsp;</span></p>",2025-08-14 15:14:15.373000
56771,25,1,"<p><span style=""line-height: 115%;""><span style=""line-height: 115%;""><strong>*NOTE:</strong> <strong>Technical component only:</strong> CPT<sup>&reg;</sup> code 95700 which is the code used to report set up and take down by the EEG technologist and CPT<sup><span style=""font-size: small;"">&reg;</span></sup> code 95705 can be reported only once per service.</span></span></p>
<p><span style=""line-height: 115%;"">&nbsp;</span></p>",2024-09-17 12:35:02.107000
56771,25,2,"<p><strong><span style=""line-height: 115%;"">Professional component only</span></strong></p>",2024-09-17 12:35:02.120000
56771,25,3,"<p><span style=""line-height: 115%;""><strong>*NOTE:</strong> <strong>A routine EEG</strong> must be performed prior to performing an ambulatory continuous EEG. A claim for the routine EEG must have been submitted to Medicare with a date of service (DOS) within 1 year of the DOS of the ambulatory EEG. </span></p>",2024-09-17 12:35:02.133000
56773,30,1,<p><strong>Note:</strong> Providers are reminded to refer to the long descriptors of the CPT codes in their CPT book.</p>,2025-09-26 13:57:32.593000
56773,30,2,<p>N/A</p>,2025-09-26 13:57:32.607000
56773,30,3,<p>N/A</p>,2025-09-26 13:57:32.627000
56774,22,1,"<p><p style=""line-height: normal;"">CPT<sup>&reg;</sup> Code 92242 can only be billed with a single diagnosis if that diagnosis is a covered diagnosis for both CPT<sup>&reg;</sup> Code 92235 and CPT<sup>&reg;</sup> Code 92240. If the diagnosis to be billed for CPT<sup>&reg;</sup> 92242 is only a covered diagnosis for 1 of the 2 procedures encompassed in CPT<sup>&reg;</sup> 92242, the provider also needs to include a second diagnosis code on the claim that is a covered diagnosis for the other of the 2 studies in order to indicate that there exists a covered diagnosis for both studies included in CPT<sup>&reg;</sup> 92242.</p></p>",2025-08-14 11:51:29.500000
56775,24,1,,2025-08-25 13:56:04.930000
56777,16,1,"<p><p style=""line-height: normal;""><strong>Total Hip Arthroplasty</strong></p></p>",2026-01-27 16:48:11.957000
56777,16,2,"<p><p style=""line-height: normal;""><strong>Revision of Total Hip Arthroplasty</strong></p></p>",2026-01-27 16:48:11.970000
56777,16,3,"<p><span style=""line-height: 115%;""><strong>Total Knee Arthroplasty</strong></span></p>",2026-01-27 16:48:11.983000
56777,16,4,"<p><p style=""line-height: normal;""><strong>Revision of Total Knee Arthroplasty</strong></p></p>",2026-01-27 16:48:11.990000
56779,25,1,,2026-06-12 20:47:55.860000
56781,39,1,,2026-07-14 22:43:04.123000
56781,39,2,"<p><p style=""line-height: normal;""><strong>These stress agents can be billed with stress test codes 93350, 93351, 93352, C8928, and C8930.</strong></p></p>",2026-07-14 22:43:04.123000
56784,18,1,<p>N/A</p>,2024-08-12 15:21:08.923000
56786,77,1,"<p><br /><strong>Intravenous Formulations of Immune Globulin</strong></p>
<p>When billing HCPCS code J1561 or J1569, append the JA modifier for the intravenous formulation.</p>
<p>Report HCPCS code J1566 for Injection intravenous, Carimune NF and Gammagard S/D</p>
<p><strong>Note: </strong>Providers are reminded to refer to the long descriptors of the HCPCS codes in their HCPCS book.</p>",2026-07-10 13:47:46.463000
56786,77,2,"<p><br /><strong>Subcutaneous Formulations of Immune Globulin</strong></p>
<p>When billing HCPCS code J1561 or J1569, append the JB modifier for the subcutaneous formulation.</p>
<p><strong>Note: </strong>Providers are reminded to refer to the long descriptors of the HCPCS codes in their HCPCS book.</p>",2026-07-10 13:47:46.503000
56787,24,1,<p>N/A</p>,2026-07-14 22:43:01.420000
56792,11,1,,2023-08-07 14:15:22.310000
56793,35,1,"<p><p style=""line-height: normal;"">CPT code 81450, or 81451 Targeted Genomic Sequence Analysis Panel, hematolymphoid neoplasm or disorder, DNA analysis, and RNA analysis when performed, 5-50 genes, or <span style=""line-height: 107%;"">DNA analysis, and RNA analysis 51 or greater genes </span>CPT code 81455 or&nbsp; 81456 may be used as long as the panel contains, at a minimum, 5 or more gene tests for molecular biomarkers determined to meet Medicare coverage criteria as listed above.&nbsp;</p></p>",2026-07-14 22:42:59.800000
56795,34,1,"<p><strong>J0881, J0885, and Q5106 Must have a valid modifier - EA, EB, or EC</strong></p>",2025-04-23 19:27:45.400000
56795,34,2,<p><strong>Non-covered CPT/HCPCS Codes</strong></p>,2025-04-23 19:27:45.440000
56796,31,1,"<p><strong>Note</strong>: Providers are reminded to refer to the long descriptors of the CPT codes in their CPT book.</p>
<p><strong>Total Hip Arthroplasty</strong></p>",2026-01-23 13:44:53.943000
56796,31,2,<p><strong>Total Knee Arthroplasty</strong></p>,2026-01-23 13:44:53.960000
56797,18,1,,2026-07-14 22:42:59.690000
56798,29,1,,2026-07-27 17:53:30.667000
56799,29,1,,2025-10-30 14:19:04.017000
56802,18,1,<p>CPT codes 51772 and 51795 were deleted 12/31/2009.</p>,2025-09-26 22:16:16.457000
56805,41,1,<p>Note: Providers are reminded to refer to the long descriptors of the CPT codes in their CPT book. <br /><br />MRA of the Head and Neck</p>,2025-09-26 17:13:53.860000
56805,41,2,<p>MRA of the Peripheral Arteries of Lower Extremities</p>,2025-09-26 17:13:53.880000
56805,41,3,<p>MRA of the Abdomen and Pelvis</p>,2025-09-26 17:13:53.897000
56805,41,4,<p>MRA of the Chest</p>,2025-09-26 17:13:53.923000
56808,15,1,,2025-09-26 22:12:16.457000
56809,20,1,,2025-08-29 17:15:27.207000
56811,13,1,,2025-09-19 13:08:35.813000
56816,16,1,,2026-02-20 21:11:46.673000
56818,55,1,,2026-06-22 17:24:57
56823,22,1,"<p>Claims for percutaneous coronary intervention must include the appropriate modifiers to identify which vessel is undergoing a specific procedure. The modifiers are RC: right coronary artery, LC: left circumflex coronary artery, LD: left anterior descending coronary artery, LM: left main coronary artery, and RI: ramus intermedius.</p>
<p>HCPCS codes C9600-C9608 are only billable to the intermediary or Part A MAC.</p>",2026-07-14 22:43:02.233000
56825,20,1,,2025-08-14 15:48:46.857000
56826,12,1,<p>N/A</p>,2026-07-14 22:42:58.560000
56827,17,1,<p>N/A</p>,2026-07-14 22:42:55.273000
56836,18,1,,2026-04-29 15:39:35.147000
56837,18,1,<p>N/A</p>,2026-07-14 22:43:03.067000
56838,13,1,,2024-05-21 14:16:40.167000
56841,18,1,<p><strong>Note:</strong> Providers are reminded to refer to the long descriptors of the CPT codes in their CPT book.</p>,2023-10-20 11:51:57.257000
56844,26,1,"<p><span style=""line-height: 107%;"">CPT codes 86001 and 86005 are not covered services. </span></p>",2026-07-14 22:43:03.023000
56845,12,1,,2026-07-14 22:43:04.357000
56848,16,1,<p><strong>Note:</strong> Providers are reminded to refer to the long descriptors of the CPT codes in their CPT book.</p>,2025-01-24 13:54:16.313000
56850,33,1,,2026-07-14 22:43:02.740000
56852,24,1,"<p><span style=""line-height: 115%;"">&nbsp;</span></p>",2026-01-27 16:20:04.430000
56853,102,1,"<p><span style=""line-height: 115%;"">The codes listed below fall within scope of the associated policy but do not automatically imply coverage. </span></p>",2026-07-21 12:43:20.437000
56853,102,2,"<p><p style=""line-height: normal;"">For DNA/RNA based testing that use CPT<sup>&reg;</sup> code 87999 a Z-code is required for claims submission. Any remaining molecular microbiology tests that are non-FDA approved/cleared services/tests also require a Z-code for claims submission.</p>
<p style=""line-height: normal;"">&nbsp;</p></p>",2026-07-21 12:43:22.567000
56857,7,1,,2021-06-30 12:24:42.623000
56859,7,1,<p><strong>The following codes are not covered:</strong></p>,2021-02-02 17:28:11.623000
56863,15,1,,2026-07-14 22:43:03.447000
56863,15,2,"<p><p style=""line-height: normal;""><strong>The CPT codes listed below are considered not medically necessary:</strong></p></p>",2026-07-14 22:43:03.447000
56865,29,1,<p>CPT coding does not apply.</p>,2026-07-14 22:43:02.640000
56866,21,1,"<p><strong><span style=""line-height: 115%; background: white;"">Note: </span></strong><span style=""line-height: 115%; background: white;"">Providers are reminded to refer to the long descriptors of the CPT<sup>&#174;</sup> codes in their CPT<sup>&#174;</sup> book.</span></p>
<p><strong><span style=""line-height: 115%; background: white;""> </span></strong></p>
<p><span style=""line-height: 115%; background: white;"">The CPT<sup>&#174;</sup> codes in Group 1 are considered medically necessary when the <span style=""line-height: 115%; background: white;"">Indications of Coverage </span>are met. The 90-day global periods apply.</span></p>
<p><span style=""line-height: 115%; background: white;"">Due to the laterality of eye procedures, modifiers RT, LT or 50 should be used to indicate the eye(s) being treated.</span></p>
<p><strong><span style=""line-height: 115%; background: white;""> </span></strong></p>
<p><span style=""line-height: 115%;"">See <strong>Cataract Surgery L34413 LCD</strong> and related <strong>Billing and Coding: Cataract Surgery A56613 Article</strong> for additional coverage indications and diagnoses.</span></p>",2026-06-12 13:29:34.313000
56866,21,2,"<p><span style=""line-height: 115%; background: white;"">The CPT<sup>&reg;</sup> codes in Group 2: Codes are considered medically necessary when the Indications of Coverage are met. The 90-day global periods apply.</span></p>
<p><strong><span style=""line-height: 115%; background: white;""> </span></strong></p>
<p><span style=""line-height: 115%; background: white;"">Do not report 0671T in conjunction with 66989 or 66991.</span></p>",2026-06-12 13:29:34.330000
56866,21,3,"<p><span style=""line-height: 115%; background: white;"">The following CPT<sup>&reg;</sup> codes are considered not medically reasonable and necessary (non-covered).</span></p>",2026-06-12 13:29:34.360000
56867,45,1,,2026-07-14 22:42:59.897000
56868,30,1,,2025-08-22 19:20:56.127000
56869,12,1,,2024-12-17 20:18:35.263000
56869,12,2,"<p><span style=""line-height: 107%;"">All claims submitted with the following HCPCS codes which represent replacements for external components necessary for the function of cochlear implants must identify the side of the body where the existing cochlear implant is located. Otherwise the initial replacement part claim and all subsequent replacement part claims for an individual beneficiary will be rejected.</span></p>",2024-12-17 20:18:35.380000
56870,7,1,,2021-11-16 13:03:11.210000
56871,19,1,,2024-12-16 20:11:02.013000
56872,10,1,,2023-07-21 15:01:18.890000
56874,29,1,"<p style=""line-height: normal;"">Stereotactic Radiosurgery (SRS)/SBRT (for Cranial Lesions only) Services</p>",2026-07-14 22:43:03.617000
56874,29,2,"<p><span style=""line-height: 107%;"">Stereotactic Body Radiation Therapy (SBRT) Services</span></p>
<p>&nbsp;</p>",2026-07-14 22:43:03.617000
56875,11,1,,2021-09-09 12:14:43.130000
56876,18,1,"<p><p style=""text-align: justify;"">N/A</p></p>",2023-12-28 16:40:58.530000
56881,10,1,,2025-08-01 00:19:51.050000
56884,13,1,<p>N/A&nbsp;<br></p>,2023-11-08 17:11:56.840000
56885,14,1,<p><strong>The following codes are not covered:</strong></p>,2023-11-10 16:46:18.887000
56887,11,1,<p>0045U</p>,2023-11-15 12:11:45.730000
56898,15,1,,2021-06-15 12:08:48.010000
56899,11,1,,2024-10-31 13:10:46.827000
56900,23,1,<p><strong>Covered codes</strong></p>,2025-09-17 17:04:26.157000
56900,23,2,"<p><strong>Non-Covered codes</strong><br />The following procedure codes represent immunizations that are considered routine preventative immunizations, or they are not a disease entity endemic in the United States and therefore are not covered by Medicare:</p>",2025-09-17 17:04:27.540000
56902,50,1,"<p>The following lists Category III services determined by WPS GHA to be reasonable and medically necessary. Coverage will only be allowed when the service is delivered in clinical situations meeting medical necessity. For services addressed in a separate LCD and associated Billing and Coding Article, all criteria addressed in that LCD and associated Billing and Coding Article must be met.</p>",2026-01-22 20:17:24.150000
56902,50,2,<p><strong>0075T and 0076T</strong><br />Please refer to the CPT Professional code book: use 0076T in conjunction with 0075T.</p>,2026-01-22 20:17:24.160000
56902,50,3,"<p><strong>0308T</strong><br />Claims submitted by Part A providers and ambulatory surgical centers for device pass-through category C1840 must be billed with HCPCS code 0308T (insertion of ocular telescope prosthesis including removal of crystalline lens) to receive pass-through payment. Effective July 1, 2012.</p>",2026-01-22 20:17:24.170000
56902,50,4,<p><strong>0184T</strong></p>,2026-01-22 20:17:24.180000
56902,50,5,<p>The following CPT/HCPCS codes are non-covered</p>,2026-01-22 20:17:24.187000
56903,15,1,<p>NA</p>,2025-06-18 17:23:38.820000
56903,15,2,<p>Not Covered:</p>,2025-06-18 17:23:38.873000
56905,20,1,,2026-01-22 19:48:02.170000
56906,13,1,,2022-06-20 12:58:59.317000
56907,24,1,"<p>Intravenous administration by infusion should be billed with procedure code 96365 for first hour and procedure code 96366 for each additional hour. If the administration is by IV push, use procedure code 96374.</p>",2025-12-24 18:56:23.457000
56908,19,1,"<p>Blepharoplasty of the lower lid (CPT codes 15820, 15821) is generally considered cosmetic and will be denied as non-covered.</p>",2025-12-24 17:44:44.477000
56910,9,1,<p>CPT code 92145 is considered not medically necessary and will be automatically denied as a non-covered procedure.</p>,2025-07-16 16:14:38.390000
56913,13,1,,2023-07-07 13:48:57.513000
56914,19,1,<p>N/A</p>,2026-01-22 19:51:08.937000
56915,37,1,<p>N/A</p>,2026-04-29 14:55:53.113000
56915,37,2,<p><strong>The following CPT codes are Non-Covered by Medicare</strong></p>,2026-04-29 14:55:53.160000
56916,33,1,<p>Review Utilization Guidelines found in associated LCD for CPT Codes 92133 and 92134.</p>,2026-04-21 17:37:15.613000
56923,16,1,"<p>&nbsp;</p>
<p><strong>Note</strong>: Providers are reminded to refer to the long descriptors of the CPT codes in their CPT book.</p>",2023-01-20 12:08:35.127000
56923,16,2,"<p>&nbsp;</p>
<p><strong>The following CPT/HCPCS code is&nbsp;NOT covered.</strong></p>",2023-01-20 12:08:35.160000
56924,11,1,,2023-07-03 13:03:52.657000
56926,17,1,,2026-07-27 16:44:20.773000
56929,15,1,,2023-09-14 20:07:55.903000
56933,9,1,,2022-10-10 12:44:24.113000
56937,43,1,"<p><p style=""line-height: normal;"">CPT code 90863 is invalid for Medicare.</p></p>",2026-07-14 22:43:02.847000
56938,46,1,<p><strong>Note: </strong>Providers are reminded to refer to the long descriptors of the CPT codes in their CPT book.</p>,2022-01-14 13:50:48.137000
56940,11,1,,2025-02-06 19:27:32.837000
56941,7,1,,2021-10-07 11:42:28.803000
56943,17,1,<p>The following CPT<sup>&reg;</sup> codes are covered:</p>,2025-08-22 15:02:44.957000
56948,23,1,,2025-08-18 19:13:33.097000
56949,7,1,,2021-04-15 12:17:13.110000
56952,50,1,<p><br />Cardiovascular stress test; exercise and/or pharmacological stress<br /><br /><strong>Note</strong>: Providers are reminded to refer to the long descriptors of the CPT codes in their CPT book.</p>,2026-01-23 14:15:06.553000
56952,50,2,<p><br />Echocardiography rest and stress</p>,2026-01-23 14:15:06.570000
56952,50,3,"<p><br />Myocardial perfusion imaging, single photon emission computed tomography (MPI, SPECT) rest and/or stress</p>",2026-01-23 14:15:06.580000
56952,50,4,"<p><br />Myocardial imaging, positron emission tomography (PET)</p>",2026-01-23 14:15:06.597000
56952,50,5,<p><br />Cardiac magnetic resonance imaging with stress imaging</p>,2026-01-23 14:15:06.620000
56953,25,1,<p><strong>Note</strong>: Providers are reminded to refer to the long descriptors of the CPT codes in their CPT book.</p>,2022-01-14 13:57:32.360000
56954,6,1,,2026-07-14 22:43:01.777000
56957,9,1,,2021-12-22 16:14:23.913000
56961,18,1,,2025-10-17 11:34:05.803000
56962,8,1,,2021-09-09 12:21:17.027000
56963,12,1,,2021-09-29 12:07:10.580000
56973,69,1,<p>The codes listed below fall within scope of the associated policy but do not automatically imply coverage.</p>,2026-07-24 12:18:55.740000
56973,69,2,"<p>Codes 81599 and 87999 require a Z-Code for DNA/RNA based testing. The remaining molecular microbiology tests, a Z-Code is only required for non-FDA approved/cleared services/tests.</p>
<p>&nbsp;</p>",2026-07-24 12:18:57.390000
56980,12,1,,2025-06-11 12:08:10.537000
56981,16,1,,2023-11-08 18:29:32.480000
56982,15,1,,2025-06-11 12:09:58.910000
56983,12,1,,2024-08-14 19:41:57.097000
56985,15,1,,2023-11-08 18:39:49.457000
56988,17,1,,2025-11-26 22:42:01.687000
56989,11,1,,2023-11-08 16:59:19.803000
56995,15,1,<p>Use of these codes does not guarantee reimbursement. The patient's medical record must document that the coverage criteria in the related LCD have been met.</p>,2024-02-28 14:33:00.240000
56995,15,2,,2024-02-28 14:33:00.280000
56995,15,3,,2024-02-28 14:33:00.287000
56995,15,4,"<p>Unattended sleep studies: 95800, 95801, 95806 and G0398, G0399, and G0400</p>
<p><span style=""line-height: 115%;"">The technical component (TC) of HST and unattended sleep studies must be provided by an accredited sleep center or laboratory and meet the requirements of the LCD for coverage. The only exception would be the global billing (professional/technical components [PC/TC]) of HST by an office-based physician who meets the requirements under the Physician Training/Certification as noted in the LCD. In this case, the PC/TC for HST can be covered for the purpose of testing a patient for the diagnosis of OSA if the home sleep testing is reasonable and necessary for the diagnosis of the patient&rsquo;s condition as outlined in the LCD; and the office-based technician doing the patient instruction and HST scoring meet the training/credentialing requirements as outlined in the LCD. Under this circumstance, the physician would be the interpreter of the test and bill globally. In all other circumstances, the physician who is providing the PC of the HST must be identified specifically in the medical record as the interpreter of the test. It should be noted that per the related LCD, the laboratory physician must review the entire raw data recording for every patient studied. Raw data refers to data obtained directly from patient output to the acquisition device. All channels to and from the acquisition device must be physical channels and not derived, calculated, virtualized, or created by software to create channels for the purposes of the test and scoring of the raw data, i.e., a respiratory channel must be a physical channel to and from the acquisition device for the purpose of the test and scoring/analysis of the data. All raw/autoscored data must be scored/re-scored by an individual certified by the Board of Registered Polysomnographic Technologists as a Registered Polysomnographic Technologist (RPSGT), or equivalent, or by a polysomnographic technician under the supervision of a RPSGT, or equivalent, manually even if an autoscoring protocol is applied prior to manual scoring/analysis. The name of the scoring RPSGT, supervised polysomnographic technologist, or equivalent, as well as an indication the procedure was manually scored/analyzed must be on the scoring report or interpretation report indicating &ldquo;manually scored/analyzed&rdquo;. If these requirements of the LCD are not met, the procedure cannot be submitted for reimbursement.</span></p>",2024-02-28 14:33:00.300000
56995,15,5,<p>Noncovered</p>,2024-02-28 14:33:00.317000
56997,18,1,,2025-04-30 19:24:05.667000
56998,10,1,,2023-11-15 12:09:43.220000
57020,6,1,"<p>The CPT codes&nbsp;below are listed for billing purposes, but coverage for these codes is defined by&nbsp;the provisions in the related LCD.</p>",2026-07-14 22:43:00.840000
57021,19,1,<p>Note: Providers are reminded to refer to the long descriptors of the CPT<sup>&reg;</sup>/HCPCS codes in their CPT<sup>&reg;</sup> book.</p>,2024-01-29 16:47:57.430000
57021,19,2,<p>CPT<sup>&reg;</sup> codes that DO NOT support reasonable and necessary criteria</p>,2024-01-29 16:47:57.443000
57021,19,3,<p>Other CPT<sup>&reg;</sup> codes related to this LCD</p>,2024-01-29 16:47:57.450000
57024,16,1,<p><strong>N/A</strong></p>,2026-07-14 22:42:58.513000
57024,16,2,"<p>CPT 95999 should be used to report testing other than autonomic nervous system function testing. If a physician finds that this non-standardized component information of autonomic function testing (AFT) is useful in a patient assessment and clinical decision making given certain patient risks/signs/symptoms, this would be included in the physician&rsquo;s basic evaluation and management service and not separately covered. In addition, testing patients prior to the development of symptomatic autonomic neuropathy would be screening, and there is no such screening Medicare benefit with the absence of disease.</p>",2026-07-14 22:42:58.513000
57025,21,1,<p><strong>Note:</strong> Providers are reminded to refer to the long descriptors of the CPT codes in their CPT book.</p>,2025-01-24 13:58:48.503000
57025,21,2,,2025-01-24 13:58:48.567000
57029,10,1,<p><strong>Note:</strong> Providers are reminded to refer to the long descriptors of the CPT codes in their CPT book.</p>,2022-10-28 13:23:02.543000
57030,11,1,,2026-07-14 22:42:59.493000
57034,11,1,,2024-11-08 16:17:10.443000
57037,24,1,<p>The following CPT&reg; codes are covered:</p>,2026-01-12 13:44:32.317000
57038,16,1,,2025-08-29 17:00:59.187000
57039,9,1,,2025-08-29 16:39:28.063000
57040,26,1,,2026-07-27 17:49:56.367000
57041,21,1,,2026-04-02 15:40:48.673000
57043,24,1,<p>CPT codes 86001 and 86005 are not covered services.</p>,2026-07-27 16:54:52.080000
57044,22,1,,2026-07-27 17:16:17.803000
57047,11,1,,2023-12-29 17:47:55.437000
57049,13,1,<p>N/A</p>,2026-02-27 17:26:37.890000
57049,13,2,<p><b>Not Covered:</b></p>,2026-02-27 17:26:37.933000
57050,13,1,,2026-03-16 18:26:42.440000
57052,18,1,<p>CPT coding does not apply.</p>,2026-04-03 12:59:07.273000
57053,22,1,"<p>Effective for dates of service on or after 01/01/2009, HCPCS codes G0410 and G0411 replace CPT codes 90853 and 90857 for PHP services. Effective for dates of service on or after 01/01/2009, CPT codes 90899 and 90849 are no long accepted as billable PHP codes.</p>",2026-04-02 15:31:12.533000
57054,12,1,,2026-04-02 15:33:45.210000
57056,44,1,"<p><strong>Angiography</strong> of the arteries in the <strong>Abdomen, Pelvis, </strong>or<strong> Lower Extremity</strong> branches. <strong>Aortography</strong> of the arteries in the <strong>Abdomen</strong> with or without the <strong>Lower Extremity</strong> arteries.</p>
<p><strong>Note: </strong>Providers are reminded to refer to the long descriptors of the CPT/HCPCS codes in their CPT/HCPCS book.</p>
<p>The following CPT code associated with the services outlined in this Billing and Coding Article will not have diagnosis code limitations applied at this time: <strong>36200</strong>.</p>",2025-10-03 12:29:19.277000
57056,44,2,<p><strong>Angiography</strong> of the <strong>Renal</strong> arteries.</p>,2025-10-03 12:29:19.303000
57056,44,3,<p><strong>Aortography with or without Angiography</strong> of the arteries in the <strong>Abdomen</strong> and the <strong>Lower Extremities</strong>.</p>,2025-10-03 12:29:19.320000
57056,44,4,"<p><strong>Angiography</strong> of the arteries in the <strong>Head, Neck, Chest, and Upper or Lower Extremities</strong>.</p>
<p>The following CPT codes associated with the services outlined in this Billing and Coding Article will not have diagnosis code limitations applied at this time: <strong>36140, 36200, </strong>and<strong> 36215</strong>.</p>",2025-10-03 12:29:19.333000
57060,12,1,,2026-07-14 22:43:04.423000
57060,12,2,<p>The CPT codes listed below are considered not medically necessary:</p>,2026-07-14 22:43:04.423000
57063,29,1,<p><strong>Note: </strong>Providers are reminded to refer to the long descriptors of the CPT codes in their CPT book.</p>,2025-09-26 17:19:10.993000
57065,32,1,,2026-05-29 20:46:54.687000
57067,34,1,"<p>For most revenue codes, Outpatient Prospective Payment System (OPPS) requirements mandate CPT/HCPCS coding on the claim. When the revenue code you are reporting requires CPT/HCPCS coding, the appropriate code(s) may be chosen from the list below when submitting your claim to Medicare.<br /><br />This list represents common physical and occupational therapy services and is not all-inclusive.</p>",2026-05-29 21:16:57.270000
57067,34,2,"<p>Telehealth Codes</p>
<p>&nbsp;</p>
<p>&nbsp;</p>",2026-05-29 21:16:57.470000
57068,17,1,,2026-04-29 16:31:51.333000
57069,25,1,,2026-05-22 16:03:03.253000
57070,16,1,,2026-05-29 21:20:00.650000
57071,36,1,,2026-05-29 21:30:01.617000
57072,17,1,<p><strong>Note:</strong> Providers are reminded to refer to the long descriptors of the CPT codes in their CPT book.</p>,2023-06-29 17:20:47.933000
57077,29,1,<p><strong>Note:</strong> Providers are reminded to refer to the long descriptors of the CPT codes in their CPT book.</p>,2024-10-18 13:54:49.160000
57079,15,1,<p>Use CPT 28899 for injection for Tarsal Tunnel Syndrome</p>,2026-03-24 16:38:13.170000
57083,14,1,<p>N/A</p>,2026-02-23 13:14:48.510000
57092,25,1,"<p><strong>For dates of service on or after 01/01/2022,</strong> CPT codes 64582, 64583 and 64584 should be used to report hypoglossal nerve neurostimulation. At this time, CPT code 64584 will not have diagnosis code limitations applied.</p>
<p>&#160;</p>",2026-07-14 22:43:00.100000
57100,51,1,"<p>For the following CPT<sup>&#174;</sup> codes associated with germline testing, a beneficiary may only be covered for one test per lifetime. This list does not imply coverage for any of the below codes; it identifies codes within scope of the Repeat Germline Testing Policy.</p>
<p>If non-duplicative testing is considered medically reasonable and necessary but utilizes the same billing codes as prior testing, please use a -77 modifier to trigger a medical review for coverage. This includes testing to identify different genetic content or information, such as different variant types or classes, or leveraging newer and more sensitive methodologies. Providers will be expected to provide a rationale for additional testing.</p>",2026-07-24 12:21:38.860000
57100,51,2,"<p><span style=""text-decoration: underline;""><strong>For tests billed under the Not Otherwise Classified (NOC) CPT<sup>&#174;</sup> code 81479:</strong></span><br />Tests billed under the NOC CPT<sup>&#174;</sup> code 81479 that are used for germline testing and are further defined by a unique identifier (such as a Z-Identifier code) are limited to once per lifetime, as are such tests that are duplicative.</p>
<p>If non-duplicative testing of such a test is considered medically reasonable and necessary, please use a -77 modifier to trigger a medical review.</p>",2026-07-24 12:21:39.540000
57106,12,1,<p>N/A</p>,2024-01-23 20:39:59.393000
57110,17,1,<p>The use of 81403 does not automatically imply coverage</p>,2024-09-17 14:04:24.360000
57110,17,2,<p>These codes are non-covered.</p>,2024-09-17 14:04:24.373000
57112,11,1,<p>N/A</p>,2024-06-18 13:50:35.447000
57113,44,1,<p><strong>Note: </strong>Providers are reminded to refer to the long descriptors of the CPT codes in their CPT book.</p>,2026-01-23 13:45:56.683000
57113,44,2,<p>N/A</p>,2026-01-23 13:45:56.727000
57113,44,3,<p>N/A</p>,2026-01-23 13:45:56.753000
57113,44,4,<p>N/A</p>,2026-01-23 13:45:56.767000
57113,44,5,<p>N/A</p>,2026-01-23 13:45:56.783000
57113,44,6,<p>N/A</p>,2026-01-23 13:45:56.800000
57113,44,7,<p>N/A</p>,2026-01-23 13:45:56.820000
57113,44,8,<p>N/A</p>,2026-01-23 13:45:56.830000
57114,21,1,"<p><br /><strong>Trigger Point Injections</strong></p>
<p><strong>Note</strong>: Providers are reminded to refer to the long descriptors of the CPT codes in their CPT book.</p>",2026-07-17 17:54:54.130000
57114,21,2,"<p><br /><strong>Injectates that will be Denied </strong></p>
<p><strong>Note: </strong>Providers are reminded to refer to the long descriptors of the HCPCS codes in their HCPCS book.</p>
<p>In accordance with the LCD, the following HCPCS codes will be <span style=""text-decoration: underline;""><strong>denied</strong></span> when billed with CPT codes <strong>20552</strong> and <strong>20553</strong>:</p>",2026-07-17 17:54:54.140000
57115,10,1,<p><strong>Note: </strong>Providers are reminded to refer to the long descriptors of the CPT codes in their CPT book.</p>,2026-01-23 14:15:55.917000
57115,10,2,,2026-01-23 14:15:55.923000
57118,3,1,,2019-10-02 17:03:59.093000
57122,23,1,"<p><strong>Note:</strong> Providers are reminded to refer to the long descriptors of the CPT codes in their CPT book.<span style=""line-height: 115%;""><br /><br /></span></p>",2025-12-12 14:46:47.543000
57123,61,1,"<p><br />Providers are reminded to refer to the long descriptors of the CPT codes in their CPT book.<br /><br /><strong>Electromyography of Anal or Urethral Sphincter</strong></p>
<p>&nbsp;</p>",2025-09-26 17:05:42.390000
57123,61,2,<p><strong><br />Needle Electromyography for Guidance in Conjunction with Chemodenervation<br /><br /></strong></p>,2025-09-26 17:05:42.400000
57123,61,3,<p><strong><br />Needle Electromyography and Nerve Conduction Studies<br /><br /></strong></p>,2025-09-26 17:05:42.410000
57123,61,4,<p><strong><br />Neuromuscular Junction Testing<br /><br /></strong></p>,2025-09-26 17:05:42.460000
57123,61,5,<p><strong><br />Needle Electromyography of the Larynx<br /><br /></strong></p>,2025-09-26 17:05:42.470000
57123,61,6,<p><strong><br />Single Fiber Electromyography<br /><br /></strong></p>,2025-09-26 17:05:42.480000
57123,61,7,"<p>To bill the following non-covered services/tests, report CPT code 95999 appended with the GY modifier. When submitting claims, providers must provide a description of the service/test in the narrative/remarks field (Item 19) on the CMS-1500 claim form or the electronic equivalent: <strong>1)</strong> Non-invasive EDX testing using portable hand-held devices or automated point of care nerve conduction monitoring systems, which are incapable of real-time waveform display and analysis <strong>2) </strong>Psychophysical measurements (electrical, vibratory or thermal perceptions), even though they may involve delivery of a stimulus, are considered part of the physical examination and may not be reported as a separate service <strong>3) </strong>Physiologic recording of movement disorder symptoms, including bradykinesia, dyskinesia, and tremor using wearable devices with accelerometers or gyroscopes 4<strong>) </strong>Needle electromyography (NEMG) for Surface electromyography (SEMG) or Macroelectromyography (macro-EMG).<br /><br /><strong>The following CPT codes are Non-Covered:<br /><br /></strong></p>",2025-09-26 17:05:42.487000
57124,21,1,<p>The use of 81403 does not automatically imply coverage</p>,2026-01-12 13:44:32.723000
57124,21,2,<p>These codes are non-covered</p>,2026-01-12 13:44:32.723000
57125,22,1,<p><strong>Note: </strong>Providers are reminded to refer to the long descriptors of the CPT codes in their CPT book.</p>,2024-10-18 13:43:38.987000
57130,51,1,<p><strong>Note</strong>: Providers are reminded to refer to the long descriptors of the CPT/HCPCS codes in their CPT/HCPCS book.</p>,2025-09-26 13:58:25.533000
57132,19,1,<p>CPT codes 78350 and 78351 are non-covered procedures under Medicare.</p>,2023-12-29 17:42:59.177000
57141,47,1,"<p><span style=""line-height: 115%;"">For the following CPT<sup>&reg;</sup> codes associated with germline testing, a beneficiary may only be covered for one test per lifetime. This list does not imply coverage for any of the below codes, it identifies codes within scope of the Repeat Germline Testing Policy. </span></p>
<p><span style=""line-height: 115%;"">If non-duplicative testing is considered medically reasonable and necessary but utilizes the same billing codes as prior testing, please use a -77 modifier to trigger a medical review for coverage. This includes testing to identify different genetic content or information, such as different variant types or classes, or leveraging newer and more sensitive methodologies. Providers will be expected to provide a rationale for additional testing.</span></p>",2026-07-24 13:55:30.097000
57141,47,2,"<p><strong><u><span style=""line-height: 115%;"">For tests billed under the Not Otherwise Classified (NOC) CPT<sup>&reg;</sup> code 81479:</span></u></strong></p>
<p style=""background: white; line-height: 14.4pt;"">Tests billed under the NOC CPT<sup>&reg;</sup> code 81479 that are used for germline testing and are further defined by a unique identifier (such as a Z-Identifier code) are limited to once per lifetime, as are such tests that are duplicative.</p>
<p><span style=""line-height: 115%;"">If non-duplicative testing of such a test is considered medically reasonable and necessary, please use a -77 modifier to trigger a medical review.</span></p>",2026-07-24 13:55:30.783000
57143,3,1,,2019-09-16 16:48:36.640000
57145,32,1,"<p>The following CPT codes associated with the services outlined in this Billing and Coding Article will not have diagnosis code limitations applied at this time: <strong>43771, 43772, 43773, 43774, and 43848.</strong></p>
<p><strong>Note:</strong> Providers are reminded to refer to the long descriptors of the CPT codes in their CPT book.</p>",2026-01-23 14:16:52.990000
57146,3,1,,2019-09-16 16:49:39.973000
57149,20,1,"<p><strong><span style=""line-height: 115%;"">Note:</span></strong><span style=""line-height: 115%;""> Providers are reminded to refer to the long descriptors of the CPT codes in their CPT book.</span></p>",2026-02-27 19:14:14.470000
57152,2,1,,2019-09-16 16:36:46.337000
57155,15,1,<p>The use of 81403 does not automatically imply coverage</p>,2024-09-30 18:28:43.917000
57155,15,2,<p>These codes are non-covered</p>,2024-09-30 18:28:43.930000
57160,13,1,,2026-04-10 11:40:18.950000
57161,22,1,,2025-12-22 15:21:37.447000
57165,15,1,,2025-10-27 17:47:50.377000
57170,2,1,,2019-09-16 18:17:45.977000
57174,2,1,,2019-09-16 19:16:53.573000
57174,2,2,,2019-09-16 19:16:53.590000
57174,2,3,,2019-09-16 19:16:53.597000
57179,22,1,<p><strong>Note:</strong> Providers are reminded to refer to the long descriptors of the CPT codes in their CPT book.</p>,2026-02-20 14:56:44.193000
57181,37,1,,2025-09-23 19:02:59.327000
57183,23,1,,2025-12-22 15:16:12.020000
57183,23,2,"<p><strong>Add-on Codes:</strong><br />Primary codes to be used with the add-on codes 93320, 93321 and 93325 are <strong>not</strong> all-inclusive in the above list. The above list contains only the primary codes relevant to this policy. <br /><br />For example, <br />Use add-on code <strong>93320</strong> in conjunction with code 93350.<br /><br />Use add-on code <strong>93321</strong> in conjunction with code 93350<br /><br />Use add-on code <strong>93325</strong> in conjunction with codes 93320, 93321, 93350.<br /><br />Following are the add-on codes and their definitions:</p>",2025-12-22 15:16:12.060000
57185,43,1,<p>N/A</p>,2026-04-03 13:33:13.340000
57185,43,2,<p>N/A</p>,2026-04-03 13:33:13.410000
57186,43,1,<p>N/A</p>,2026-04-03 13:34:38.997000
57186,43,2,<p>N/A</p>,2026-04-03 13:34:39.067000
57187,39,1,"<p><span style=""line-height: 115%;"">When billing Gammagard Liquid or Gammagard Liquid ERC, utilize HCPCS J1569. </span></p>",2026-06-24 12:20:47.753000
57188,27,1,<p><strong>Note:</strong> Providers are reminded to refer to the long descriptors of the CPT codes in their CPT book.</p>,2025-09-26 17:23:31.210000
57189,28,1,"<p>The Section titled &ldquo;Does the 'CPT 30% Rule' apply?&rdquo; needs clarification. This rule comes from the AMA (American Medical Association), the organization that holds the copyrights for all CPT codes. The rule states that if, in a given section (e.g., surgery) or subsection (e.g., surgery, integumentary) of the CPT Manual, more than 30% of the codes are listed in the LCD, then the short descriptors must be used rather than the long descriptors found in the CPT Manual.</p>",2025-10-06 18:48:51.330000
57190,11,1,,2025-10-06 18:48:47.940000
57193,31,1,,2026-07-27 17:30:25.140000
57193,31,2,<p>N/A</p>,2026-07-27 17:30:25.153000
57195,29,1,,2025-10-15 21:14:42.483000
57204,45,1,<p><strong>CT Scans</strong></p>,2026-05-05 18:30:56.360000
57204,45,2,<p><strong>MRI Scans</strong></p>,2026-05-05 18:30:56.407000
57205,39,1,<p><strong>Note</strong>: Providers are reminded to refer to the long descriptors of the CPT codes in their CPT book.</p>,2026-01-23 14:08:15.740000
57205,39,2,,2026-01-23 14:08:15.750000
57206,30,1,<p>N/A</p>,2025-10-14 13:00:41.980000
57221,25,1,<p>N/A</p>,2025-10-06 18:48:49.530000
57224,68,1,,2026-06-03 14:40:10.560000
57237,11,1,<p>N/A</p>,2025-10-06 18:48:48.713000
57268,21,1,<p>N/A</p>,2026-01-12 13:44:33.960000
57282,18,1,,2025-09-30 23:56:42.653000
57284,14,1,,2026-05-22 16:11:18.780000
57305,14,1,"<p>CPT Code 37799 should be used to report ""Trivex Procedure""</p>",2025-10-03 22:20:28.200000
57306,44,1,"<p>For dates of service on/after 1/1/2009, J2785 should be used to report regadenoson for Part A and Part B.<br /><br />J3490 (Part B) should be used to report the stress agent, regadenoson for dates of services prior to 1/1/2009.<br /><br />C9244 (Part A) should be used to report the stress agent, regadenoson for dates of services from 10/01/2008 through 12/31/2008. Prior to 10/01/2008, C9399 is used to report regadenoson for Part A.</p>",2026-04-10 11:41:13.160000
57306,44,2,"<p><strong>Applicable to 93350, 93351, 93352</strong><br />HCPCS code J0460 is deleted and replaced by code J0461, effective 01/01/2010.</p>",2026-04-10 11:41:13.230000
57307,38,1,,2026-04-29 16:23:02.603000
57311,35,1,"<p>As of July 1999, physical therapists must report time spent with the patient in 15-minute increments. The following code should be used by physical therapy:</p>",2026-07-27 16:46:20.347000
57311,35,2,<p>Other CPT/HCPCS codes found in this policy are for informational and descriptive use only.</p>,2026-07-27 16:46:20.357000
57311,35,3,"<p>Telehealth Codes</p>
<p>&nbsp;</p>",2026-07-27 16:46:20.453000
57326,42,1,,2026-07-31 15:09:20.013000
57329,18,1,<p>N/A</p>,2026-01-26 13:24:19.917000
57331,61,1,"<p><span style=""line-height: 115%;"">For the following CPT&#174; codes associated with germline testing, a beneficiary may only be covered for one test per lifetime. This list does not imply coverage for any of the below codes; it identifies codes within scope of the Repeat Germline Testing Policy. </span></p>
<p style=""background: white; line-height: 14.4pt;"">If non-duplicative testing is considered medically reasonable and necessary but utilizes the same billing codes as prior testing, please use a -77 modifier to trigger a medical review for coverage. This includes testing to identify different genetic content or information, such as different variant types or classes, or leveraging newer and more sensitive methodologies. Providers will be expected to provide a rationale for additional testing.</p>",2026-07-24 12:49:09.947000
57331,61,2,"<p><span style=""text-decoration: underline;""><strong>For tests billed under the Not Otherwise Classified (NOC) CPT&reg; code 81479:</strong></span></p>
<p>Tests billed under the NOC CPT<sup>&reg;</sup> code 81479 that are used for germline testing and are further defined by a unique identifier (such as a Z-Identifier code) are limited to once per lifetime, as are such tests that are duplicative.</p>
<p>If non-duplicative testing of such a test is considered medically reasonable and necessary, please use a -77 modifier to trigger a medical review.</p>",2026-07-24 12:49:10.597000
57342,31,1,,2025-10-27 12:06:20.167000
57356,14,1,<p>N/A</p>,2025-10-14 13:00:34.380000
57361,46,1,<p><strong>Note:</strong> Providers are reminded to refer to the long descriptors of the CPT codes in their CPT book.</p>,2026-01-23 14:09:14.663000
57363,14,1,<p>N/A</p>,2026-01-12 13:44:32.990000
57372,18,1,<p>N/A</p>,2026-01-26 13:24:20.070000
57384,53,1,"<p>CPT<sup><span style=""line-height: 107%;"">&#174;</span></sup> code 81479 is used to describe multi-gene panels and single genes not otherwise classified.</p>",2026-07-24 12:45:20.717000
57386,21,1,<p>The following CPT&reg; codes are covered:</p>,2025-09-19 17:04:13.440000
57414,30,1,<p><strong>Note:</strong> Providers are reminded to refer to the long descriptors of the CPT codes in their CPT book.</p>,2025-09-26 13:59:14.297000
57419,16,1,<p>N/A</p>,2026-01-12 13:44:33.547000
57423,16,1,,2026-01-12 13:44:33.703000
57427,11,1,,2026-07-14 22:43:03.980000
57428,10,1,<p>Total Hip Arthroplasty</p>,2026-07-14 22:43:03.793000
57428,10,2,<p><strong>Revision of Total Hip Arthroplasty</strong></p>,2026-07-14 22:43:03.793000
57428,10,3,<p><strong>Total Knee Arthroplasty</strong></p>,2026-07-14 22:43:03.793000
57428,10,4,<p><strong>Revision of Total Knee Arthroplasty</strong></p>,2026-07-14 22:43:03.793000
57431,14,1,,2026-07-14 22:43:00.803000
57432,12,1,<p>N/A</p>,2026-01-12 13:44:34.020000
57434,35,1,"<p><strong>Note:</strong> Providers are reminded to refer to the long descriptors of the CPT codes in their CPT book.</p>
<p>The following CPT/HCPCS codes associated with the services outlined in the related&nbsp;policy will not have diagnosis limitations applied at this time: <strong>92601, 92602, 92603, and 92604.</strong></p>",2025-09-26 17:30:19.340000
57434,35,2,,2025-09-26 17:30:19.430000
57434,35,3,,2025-09-26 17:30:19.540000
57434,35,4,,2025-09-26 17:30:19.570000
57434,35,5,,2025-09-26 17:30:19.597000
57434,35,6,,2025-09-26 17:30:19.627000
57434,35,7,,2025-09-26 17:30:19.727000
57434,35,8,,2025-09-26 17:30:19.740000
57434,35,9,,2025-09-26 17:30:19.770000
57434,35,10,,2025-09-26 17:30:19.797000
57434,35,11,,2025-09-26 17:30:19.840000
57441,8,1,<p>N/A</p>,2026-01-12 13:44:33.840000
57449,24,1,<p><strong>Note:</strong> Providers are reminded to refer to the long descriptors of the CPT codes in their CPT book.</p>,2025-09-26 17:31:39.937000
57450,14,1,"<p><strong>Note: </strong>Providers are reminded to refer to the long descriptors of the CPT codes in their CPT book.</p>
<p>The following CPT/HCPCS codes associated with the services outlined in this Billing and Coding Article will not have diagnosis code limitations applied at this time: 0130U, 81210, 81301, 81403, 81435, 81479, 88341, 88342 and 88344.</p>",2025-09-26 17:32:23.177000
57451,38,1,<p><strong>Note: </strong>Providers are reminded to refer to the long descriptors of the CPT codes in their CPT book.<br /><br />The following Group 1 CPT codes associated with the services outlined in this Billing and Coding Article will not have diagnosis code limitations applied at this time.</p>,2024-01-19 13:06:50.080000
57452,46,1,,2026-07-14 22:43:02.470000
57452,46,2,"<p><p style=""line-height: normal;""><strong>Dry Needling</strong></p>
<p style=""line-height: normal;"">Effective January 21, 2020, all types of acupuncture including dry needling for any condition other than chronic low back pain are non-covered by Medicare. Medicare will cover acupuncture for Medicare patients with chronic lower back pain within specific guidelines in accordance with NCD 30.3.3.</p></p>",2026-07-14 22:43:02.470000
57453,5,1,,2026-07-14 22:43:02.560000
57455,24,1,"<p>If a penile pressure cuff is used when providing a voiding pressure study, CPT Code 55899 should be reported with non-invasive urodynamic studies noted in the narrative portion of the claim.</p>
<p>CPT Code 55899 should only be used if a penile pressure cuff is used when providing a voiding pressure study.</p>",2026-07-14 22:43:04.317000
57473,33,1,<p><strong>Allergy Testing - Covered</strong></p>,2025-09-18 19:06:21.980000
57473,33,2,<p><strong>Allergy Testing Non-covered</strong></p>,2025-09-18 19:06:22.033000
57476,22,1,<p>Memory Loop Recordings</p>,2025-08-22 17:27:55.880000
57476,22,2,<p>Other up to 48-Hour Recordings</p>,2025-08-22 17:27:55.900000
57476,22,3,"<p>External electrocardiographic recording for greater than 48 hours and up to 7 days or for greater than 7 days up to 15 days.</p>
<p>The use of auto-activated external electrocardiographic event recordings may be considered medically necessary in the outpatient setting and are non- covered for inpatient or outpatient observation care. <br />Documentation supporting medical necessity may be requested.</p>",2025-08-22 17:27:55.920000
57477,15,1,,2026-07-24 12:24:42.123000
57478,40,1,<p>N/A</p>,2025-09-16 18:52:15.047000
57479,18,1,<p><strong>HCPCS codes C9600-C9608 are only billable to the Part A MAC.</strong></p>,2026-01-22 18:00:56.647000
57480,31,1,,2026-01-22 20:20:20.590000
57480,31,2,,2026-01-22 20:20:20.660000
57481,12,1,<p><strong>N/A</strong></p>,2024-10-22 12:54:40.620000
57482,25,1,<p>CPT codes 11300-11313 may also be covered for the removal of cancerous skin lesions which are not addressed in this LCD</p>,2026-07-24 12:37:26.747000
57483,28,1,<p>N/A</p>,2025-09-18 17:17:08.313000
57484,22,1,<p>N/A</p>,2026-02-11 19:03:25.297000
57486,10,1,,2026-01-26 13:24:19.503000
57496,14,1,<p><strong>Note:</strong> Providers are reminded to refer to the long descriptors of the CPT codes in their CPT book.</p>,2024-05-10 11:50:10.010000
57496,14,2,,2024-05-10 11:50:10.080000
57496,14,3,,2024-05-10 11:50:10.110000
57496,14,4,"<p>Unattended sleep studies: 95800, 95801, 95806, G0398, G0399, and G0400.</p>",2024-05-10 11:50:10.137000
57497,15,1,<p>N/A</p>,2025-10-27 12:06:19.957000
57503,17,1,,2022-03-24 15:26:39.643000
57512,19,1,<p>N/A</p>,2025-09-04 19:01:26.420000
57515,12,1,<p>N/A</p>,2025-10-14 13:00:49.933000
57516,12,1,<p>N/A</p>,2026-01-26 13:24:20.020000
57520,43,1,<p><strong>Note</strong>: Providers are reminded to refer to the long descriptors of the CPT/HCPCS codes in their CPT/HCPCS book.</p>,2025-01-24 13:57:27.327000
57526,93,1,"<p><span style=""text-align: left; color: #212529; text-transform: none; text-indent: 0px; letter-spacing: normal; font-family: Verdana, 'Helvetica Neue', Helvetica, Arial, sans-serif; font-size: 14px; font-style: normal; font-weight: 400; word-spacing: 0px; float: none; display: inline !important; white-space: normal; orphans: 2; widows: 2; background-color: #ffffff; font-variant-ligatures: normal; font-variant-caps: normal; -webkit-text-stroke-width: 0px; text-decoration-style: initial; text-decoration-color: initial; text-decoration-thickness: initial;"">The codes listed below fall within scope of the associated policy but do not automatically imply coverage.</span></p>",2026-07-21 12:09:23.580000
57526,93,2,<p>For DNA/RNA based testing that use CPT<sup>&reg;</sup> code 87999 a Z-code is required for claims submission. Any remaining molecular microbiology tests that are non-FDA approved/cleared services/tests also require a Z-code for claims submission.</p>,2026-07-21 12:09:26.207000
57528,5,1,,2026-07-14 22:43:03.840000
57531,60,1,<p><strong><br />Note: </strong>Providers are reminded to refer to the long descriptors of the CPT codes in their CPT book.</p>,2025-11-26 13:36:14.747000
57531,60,2,,2025-11-26 13:36:14.780000
57531,60,3,,2025-11-26 13:36:14.797000
57531,60,4,,2025-11-26 13:36:14.817000
57531,60,5,<p><strong><br />The following CPT codes are non-covered:</strong></p>,2025-11-26 13:36:14.830000
57540,15,1,<p><strong>Note:</strong> Providers are reminded to refer to the long descriptors of the CPT codes in their CPT book.<strong> </strong></p>,2025-09-26 17:40:20.517000
57551,14,1,<p>N/A</p>,2025-12-23 13:54:28.460000
57552,19,1,<p>Covered codes.</p>,2025-10-22 15:27:02.637000
57552,19,2,<p>Non-covered codes.</p>,2025-10-22 15:27:02.657000
57554,52,1,,2026-07-24 12:57:31.460000
57558,11,1,,2023-03-22 14:33:54.520000
57559,20,1,<p>The following CPT codes are covered:</p>,2025-09-17 15:54:44.910000
57560,10,1,<p>N/A</p>,2025-04-25 19:15:08.447000
57566,13,1,<p>N/A</p>,2026-05-21 13:55:57.067000
57567,14,1,<p>N/A</p>,2025-04-25 19:30:21.570000
57568,11,1,<p>N/A</p>,2023-04-21 17:50:40.293000
57571,9,1,<p>N/A</p>,2024-11-20 14:19:23.183000
57575,9,1,<p>N/A</p>,2025-06-18 17:36:04.447000
57576,11,1,<p>N/A</p>,2023-05-23 15:15:22.107000
57577,7,1,<p>N/A</p>,2023-08-23 16:56:04.890000
57581,7,1,,2023-07-19 16:36:05.573000
57583,9,1,<p>N/A</p>,2025-10-22 17:06:40.327000
57587,9,1,<p>N/A</p>,2023-12-20 14:49:27.547000
57588,11,1,<p>N/A</p>,2025-10-22 17:47:44.607000
57589,16,1,<p>N/A</p>,2023-11-20 15:53:29.623000
57589,16,2,<p><strong>Note:</strong> Use of the following CPT/HCPCS Codes for these treatments is inappropriate and will be denied:</p>,2023-11-20 15:53:29.650000
57590,15,1,"<p><strong>Note:</strong> The CPT codes <strong>37236, 37237, 37238,</strong> and <strong>37239</strong> are used to report stenting of multiple anatomically defined arteries or veins. Therefore, provisions of this policy apply as appropriate to the procedure performed and reported on the Medicare claim.</p>",2026-01-22 18:52:00.353000
57591,25,1,<p>N/A</p>,2026-03-20 12:08:47.003000
57592,19,1,<p>Note: Diagnosis codes must be coded to the highest level of specificity.</p>,2026-02-20 13:41:29.523000
57592,19,2,<p><strong>Non-covered</strong></p>,2026-02-20 13:41:29.550000
57593,17,1,<p>N/A</p>,2025-09-18 19:39:59.437000
57594,22,1,<p>N/A</p>,2025-12-23 20:45:44.880000
57595,20,1,<p>N/A</p>,2026-02-25 12:35:32.360000
57596,19,1,<p>N/A</p>,2026-01-22 19:54:44.210000
57597,22,1,<p>N/A</p>,2025-09-16 19:10:40.153000
57598,11,1,,2026-03-20 12:40:01.347000
57599,14,1,<p>N/A</p>,2025-09-18 18:43:31.483000
57599,14,2,<p>N/A</p>,2025-09-18 18:43:31.500000
57600,34,1,<p><strong>Note:</strong> Providers are reminded to refer to the long descriptors of the CPT codes in their CPT book.</p>,2025-09-26 14:00:00.663000
57600,34,2,<p>N/A</p>,2025-09-26 14:00:00.673000
57600,34,3,,2025-09-26 14:00:00.680000
57604,16,1,,2024-01-23 16:48:24.837000
57604,16,2,<p>Not payable by Medicare</p>,2024-01-23 16:48:24.847000
57607,15,1,<p>N/A</p>,2026-01-12 13:44:33.487000
57611,16,1,<p>N/A</p>,2025-09-09 16:37:28.710000
57612,8,1,"<p>Because current CPT&reg; codes do not specify or identify &ldquo;salivary&rdquo; hormone testing from serum or urine hormone testing, claims for salivary levels of hormone should be coded with NOS code 84999 and the words &ldquo;salivary cortisol&rdquo;. For other than cortisol use &ldquo;salivary (name of other hormone)&rdquo; which will generate a denial.</p>",2025-10-06 18:48:49.020000
57614,15,1,"<p><span style=""line-height: 107%;""><span style=""line-height: 107%;"">N/A</span></span></p>",2025-09-09 16:38:35.677000
57615,6,1,<p>N/A</p>,2025-10-06 18:48:51.653000
57618,24,1,<p><strong>Note:</strong> Providers are reminded to refer to the long descriptors of the CPT codes in their CPT book.</p>,2025-01-24 13:58:14.880000
57618,24,2,,2025-01-24 13:58:14.907000
57619,8,1,<p>N/A</p>,2026-01-26 13:24:19.553000
57621,17,1,<p>N/A</p>,2026-01-12 13:44:33.410000
57630,11,1,<p>N/A</p>,2024-07-24 17:29:22.310000
57633,8,1,<p><strong>Note:</strong> Providers are reminded to refer to the long descriptors of the CPT codes in their CPT book.</p>,2025-01-24 17:53:14.130000
57636,24,1,<p><strong>Note: </strong>Providers are reminded to refer to the long descriptors of the CPT codes in their CPT book.</p>,2025-09-26 14:08:29.287000
57636,24,2,<p><strong>Note: </strong>Providers are reminded to refer to the long descriptors of the CPT codes in their CPT book.</p>,2025-09-26 14:08:29.297000
57637,20,1,<p><strong>Note:</strong> Providers are reminded to refer to the long descriptors of the CPT codes in their CPT book.</p>,2025-09-26 17:41:11.400000
57638,7,1,<p><strong>Note:</strong> Providers are reminded to refer to the long descriptors of the CPT codes in their CPT book.</p>,2024-01-19 13:57:49.510000
57643,20,1,<p>N/A</p>,2025-09-04 19:00:33.060000
57647,17,1,<p><strong>Note:</strong> Providers are reminded to refer to the long descriptors of the CPT codes in their CPT book.</p>,2023-07-07 12:25:58.197000
57649,9,1,<p><strong>Note</strong>: Providers are reminded to refer to the long descriptors of the CPT codes in their CPT book.&nbsp;</p>,2023-10-20 12:29:56.943000
57651,5,1,,2019-11-21 21:53:25.417000
57657,25,1,<p><strong>Note:</strong> Providers are reminded to refer to the long descriptors of the CPT codes in their CPT book.</p>,2024-10-18 14:00:59.767000
57660,6,1,,2019-11-22 23:00:14.680000
57660,6,2,,2019-11-22 23:00:14.697000
57660,6,3,,2019-11-22 23:00:14.717000
57661,17,1,<p>N/A</p>,2025-10-14 13:00:42.110000
57663,14,1,,2026-04-29 16:16:11.217000
57663,14,2,<p>Use of the following CPT/HCPCS Codes for these treatments is inappropriate:</p>,2026-04-29 16:16:11.237000
57664,11,1,<p>N/A</p>,2026-01-12 13:44:33.900000
57666,36,1,<p><strong>Note: </strong>Providers are reminded to refer to the long descriptors of the CPT codes in their CPT book.</p>,2026-01-23 14:12:38.947000
57667,10,1,<p><strong>Note:</strong> Providers are reminded to refer to the long descriptors of the CPT codes in their CPT book.</p>,2020-09-25 15:39:19.020000
57668,45,1,<p><strong>Nerve Conduction Studies (NCS) and Electromyography (EMG) and Guidance for Chemodenervation and Ischemic Muscle Testing</strong></p>,2026-07-14 22:43:01.043000
57668,45,2,<p><strong>Neuromuscular Junction Testing</strong></p>,2026-07-14 22:43:01.043000
57669,10,1,<p><strong>Note:</strong> Providers are reminded to refer to the long descriptors of the CPT codes in their CPT book.</p>,2025-09-26 14:09:18.733000
57670,8,1,<p><strong>Note:</strong> Providers are reminded to refer to the long descriptors of the CPT/HCPCS codes in their CPT/HCPCS book.</p>,2026-02-06 14:44:55.893000
57672,6,1,<p>N/A</p>,2019-11-22 23:07:18.180000
57677,14,1,<p><strong>Note:</strong> Providers are reminded to refer to the long descriptors of the CPT codes in their CPT book.</p>,2024-10-18 12:55:41.070000
57678,11,1,<p><strong>Note: </strong>Providers are reminded to refer to the long descriptors of the CPT codes in their CPT book.</p>,2025-09-26 14:05:18.570000
57678,11,2,,2025-09-26 14:05:18.600000
57678,11,3,,2025-09-26 14:05:18.607000
57680,9,1,"<p><strong>Note:</strong> Providers are reminded to refer to the long descriptors of the CPT codes in their CPT book.</p>
<p>The following CPT/HCPCS codes associated with the services outlined in this LCD will not have diagnosis to procedure code limitations applied at this time.</p>",2026-01-23 13:41:12.343000
57682,6,1,<p><strong>Note:</strong> Providers are reminded to refer to the long descriptors of the CPT codes in their CPT book.</p>,2020-09-25 15:55:53.677000
57683,11,1,<p><strong>Total Hip Arthroplasty</strong></p>,2025-10-27 12:06:24.197000
57685,15,1,<p><strong>Total Knee Arthroplasty</strong></p>,2025-12-23 00:27:27.387000
57689,44,1,<p>N/A</p>,2025-10-27 12:06:22.997000
57689,44,2,<p>Quantitative Codes in immunology section:</p>,2025-10-27 12:06:22.997000
57692,11,1,<p>N/A</p>,2025-08-06 17:50:57.523000
57697,16,1,<p>N/A</p>,2025-09-04 19:02:55.573000
57697,16,2,<p><strong>Not Covered</strong></p>,2025-09-04 19:02:55.607000
57701,30,1,<p>N/A</p>,2025-12-22 16:36:18.267000
57706,14,1,"<p>36299* is used for sclerotherapy with mechanical agitation (e.g. Clarivein&reg; device) prior to January 1, 2017. On and after this date use the AMA assigned codes 36473 and 36474 to report this procedure. These codes are inclusive of the sclerosing agent. <br /><br />37799* should be used to report ""Trivex Procedure""</p>",2025-10-06 18:48:51.780000
57715,55,1,<p><strong>Note:</strong> Providers are reminded to refer to the long descriptors of the HCPCS codes in their HCPCS book.</p>,2025-12-05 14:36:30.273000
57715,55,2,<p>N/A</p>,2025-12-05 14:36:30.280000
57715,55,3,<p>N/A</p>,2025-12-05 14:36:30.287000
57715,55,4,<p>N/A</p>,2025-12-05 14:36:30.293000
57715,55,5,<p>N/A</p>,2025-12-05 14:36:30.300000
57718,20,1,"<p>Italicized and/or quoted material is excerpted from the American Medical Association, <em>Current Procedural Terminology (CPT)</em> codes.</p>",2025-08-06 17:50:58.420000
57726,7,1,,2023-10-13 11:44:21.220000
57733,12,1,<p>N/A</p>,2026-04-21 17:05:34.603000
57736,18,1,"<p>Italicized and/or quoted material is excerpted from the American Medical Association, <em>Current Procedural Terminology (CPT)</em> codes.</p>",2026-07-14 22:43:04.607000
57751,28,1,"<p><br /><strong>Trigger Point Injections</strong></p>
<p><strong>Note</strong>: Providers are reminded to refer to the long descriptors of the CPT codes in their CPT book.</p>",2026-07-17 17:54:02.363000
57751,28,2,"<p><br /><strong>Injectates that will be Denied </strong></p>
<p><strong>Note: </strong>Providers are reminded to refer to the long descriptors of the HCPCS codes in their HCPCS book.</p>
<p>In accordance with the LCD, the following HCPCS codes will be <span style=""text-decoration: underline;""><strong>denied</strong></span> when billed with CPT codes <strong>20552</strong> and <strong>20553</strong>:</p>",2026-07-17 17:54:02.380000
57752,18,1,<p><strong>Note:</strong> Providers are reminded to refer to the long descriptors of the CPT codes in their CPT book.</p>,2022-02-11 14:12:32.763000
57753,12,1,<p><strong>Note:</strong> Providers are reminded to refer to the long descriptors of the CPT codes in their CPT book.</p>,2022-01-14 13:53:24.670000
57755,18,1,<p><strong>Note: </strong>Providers are reminded to refer to the long descriptors of the CPT codes in their CPT book.</p>,2024-03-27 14:37:53.060000
57759,36,1,,2026-07-14 22:43:03.190000
57765,26,1,"<p><strong>Total Hip Arthroplasty</strong></p>
<p><strong>Note:</strong> Providers are reminded to refer to the long descriptors of the CPT codes in their CPT book.</p>",2026-06-18 14:20:01.907000
57765,26,2,"<p><strong>Total Knee Arthroplasty</strong></p>
<p><strong>Note:</strong> Providers are reminded to refer to the long descriptors of the CPT codes in their CPT book.</p>",2026-06-18 14:20:02.563000
57767,12,1,<p>Note: Providers are reminded to refer to the long descriptors of the CPT codes in their CPT book.&nbsp;</p>,2024-03-01 14:34:11.730000
57772,81,1,<p>The codes listed below fall within scope of the associated policy but do not automatically imply coverage.</p>,2026-07-24 12:17:41.923000
57772,81,2,<p>For DNA/RNA based testing that use CPT<sup>&#174;</sup> code 87999 a Z-code is required for claims submission. Any remaining molecular microbiology tests that are non-FDA approved/cleared services/tests also require a Z-code for claims submission.</p>,2026-07-24 12:17:55.823000
57773,17,1,<p>N/A</p>,2026-01-12 13:44:33.267000
57778,59,1,"<p><br /><strong>Intravenous Formulations of Immune Globulin</strong></p>
<p>When billing HCPCS code J1561 or J1569, append the JA modifier for the intravenous formulation.</p>
<p>Report HCPCS code J1566 for Injection intravenous, Carimune NF and Gammagard S/D</p>
<p><strong>Note:</strong> Providers are reminded to refer to the long descriptors of the HCPCS codes in their HCPCS book.</p>",2026-07-10 13:48:22.950000
57778,59,2,"<p><br /><strong>Subcutaneous Formulations of Immune Globulin<br /><br /></strong>When billing HCPCS code J1561 or J1569, append the JB modifier for the subcutaneous formulation.</p>
<p><strong>Note: </strong>Providers are reminded to refer to the long descriptors of the HCPCS codes in their HCPCS book.</p>",2026-07-10 13:48:22.997000
57779,8,1,"<p><strong>Part A</strong></p>
<p>The following CPT/HCPCS codes associated with the services outlined in this Billing and Coding Article will not have diagnosis code limitations applied at this time.</p>",2025-01-24 17:40:08.077000
57779,8,2,"<p><strong>Part B</strong></p>
<p>The following CPT/HCPCS codes associated with the services outlined in this Billing and Coding Article will not have diagnosis code limitations applied at this time.</p>",2025-01-24 17:40:08.137000
57780,27,1,"<p>The following CPT codes associated with the services outlined in this Billing and Coding Article will not have diagnosis code limitations applied at this time: 96105, 96112, 96113, 96116, and 96121.</p>
<p><strong>Note:</strong> Providers are reminded to refer to the long descriptors of the CPT codes in their CPT book.</p>",2025-09-26 14:09:55.913000
57787,47,1,"<p><strong><br />Note</strong>: Providers are reminded to refer to the long descriptors of the CPT codes in their CPT book.<br /><br />The following CPT codes need to be listed separately in addition to a code for the primary procedure: <strong>64491, 64494, 64634, and 64636.<br /><br /></strong></p>",2026-04-02 15:33:59.217000
57787,47,2,"<p><strong><br />Note</strong>: CPT code <strong>64999 </strong>is non-covered when used to report non-thermal facet joint denervation including chemical, low grade thermal energy (less than 80 degrees Celsius), or any form of pulsed radiofrequency.<br /><br /><strong>Note</strong>: When reporting CPT code 64999 ensure that the description of the service is included on the claim.<br /><br />Consistent with the LCD, the following CPT/HCPCS codes do not support medical necessity and are non-covered.<br /><br />*This is not an inclusive list of non-covered codes.<br /><br /><strong>*Note</strong>: CPT code 64492 or 64495 describes a third and additional levels and must be listed separately in addition to the code for the primary procedure and the second level procedure and cannot be reported more than once per day. CPT code 64492 must be reported in conjunction with CPT code 64490/64491 and CPT code 64495 must be reported in conjunction with 64493/64494. CPT codes 64492 and 64495 will only be covered if sufficient documentation of medical necessity is present.<br /><br /></p>",2026-04-02 15:33:59.363000
57788,41,1,"<p>Report CPT code 64999 for injections of anesthetic agents and/or steroids to the facial nerve or cervical plexus</p>
<p><strong>Note:</strong> Providers are reminded to refer to the long descriptors of the CPT codes in their CPT book.</p>",2025-12-12 20:04:07.227000
57788,41,2,<p><strong>Note:</strong> Providers are reminded to refer to the long descriptors of the CPT codes in their CPT book.</p>,2025-12-12 20:04:07.267000
57788,41,3,<p><strong>Note:</strong> Providers are reminded to refer to the long descriptors of the CPT codes in their CPT book.</p>,2025-12-12 20:04:07.273000
57791,12,1,,2025-10-06 18:48:51.577000
57804,41,1,<p><strong>Note: </strong>Providers are reminded to refer to the long descriptors of the CPT codes in their CPT book.</p>,2025-09-26 14:07:50.960000
57804,41,2,,2025-09-26 14:07:50.967000
57804,41,3,,2025-09-26 14:07:50.973000
57813,8,1,,2022-01-18 13:52:52.217000
57826,37,1,<p>N/A</p>,2026-07-14 22:42:59.627000
57826,37,2,"<p>The following CPT/HCPCS codes are non-covered*:</p>
<p>* this is not an inclusive list of non-covered codes</p>
<p>*Note: 64492 or 64495 describes a third and additional levels and should be listed separately in addition to the code for the primary procedure and the second level procedure and cannot be reported more than once per day. 64492 should be reported in conjunction with 64490/64491 and 64495 should be reported in conjunction with 64493/64494. Codes 64492 and 64495 will only be covered upon appeal if sufficient documentation of medical necessity is present.</p>
<p>&nbsp;</p>",2026-07-14 22:42:59.627000
57831,30,1,,2026-05-26 14:32:32.870000
57837,30,1,,2026-05-05 14:16:17.853000
57837,30,2,"<p><!&mdash;StartFragment &mdash;></p>
<p class=""pf0""><span class=""cf0"">The following should be reported for ABL1 Kinase Domain Mutation Analysis for the detection of acquired imatinib tyrosine kinase inhibitor resistance.</span></p>
<p><!&mdash;EndFragment &mdash;></p>",2026-05-05 14:16:17.910000
57839,14,1,<p><strong>Note</strong>: Providers are reminded to refer to the long descriptors of the CPT codes in their CPT book.</p>,2025-04-04 13:39:26.423000
57842,11,1,<p>N/A</p>,2026-02-09 16:51:07.740000
57848,19,1,,2025-09-23 11:39:33.703000
57851,8,1,<p>N/A</p>,2023-09-19 14:19:23.877000
57858,30,1,<p>N/A</p>,2026-05-29 16:08:28.900000
57863,41,1,"<p><strong>Note: </strong>Providers are reminded to refer to the long descriptors of the CPT codes in their CPT book.</p>
<p>The CPT codes in Group 1 are considered medically necessary when the Indications of Coverage are met. The 90-day global periods apply.</p>
<p><span style=""line-height: 115%;"">Due to the laterality of eye procedures, modifiers RT, LT or 50 must be used to indicate the eye(s) being treated.</span></p>
<p>See L34203 Cataract Surgery in Adults LCD and related B&amp;C article for additional coverage indications and diagnoses.</p>",2026-06-04 16:49:39.263000
57863,41,2,"<p>The CPT codes in Group 2 are considered medically necessary when the Indications of Coverage are met. The 90-day global period applies.</p>
<p>Do not report 0671T in conjunction with 66989 or 66991.</p>",2026-06-04 16:49:39.337000
57863,41,3,<p>The following CPT codes are considered not medically reasonable and necessary (non-covered).</p>,2026-06-04 16:49:39.350000
57867,33,1,,2025-06-30 13:11:56.253000
57867,33,2,<p>These code(s) are non-covered.</p>,2025-06-30 13:11:56.420000
57868,4,1,,2021-12-13 14:12:17.440000
57870,26,1,"<p>N/A<br data-mce-bogus=""1""></p>",2025-04-09 11:07:13.180000
57872,10,1,<p><strong>Note: Providers are reminded to refer to the long descriptors of the CPT codes in their CPT book. </strong></p>,2022-02-11 14:13:27.770000
57873,31,1,<p>N/A</p>,2026-06-11 15:26:08.047000
57873,31,2,<p>The following should be reported for ABL1 Kinase Domain Mutation Analysis for the detection of acquired imatinib tyrosine kinase inhibitor resistance.</p>,2026-06-11 15:26:08.060000
57878,26,1,,2026-05-21 13:36:19.310000
57878,26,2,<p>The following should be reported for ABL1 Kinase Domain Mutation Analysis for the detection of acquired imatinib tyrosine kinase inhibitor resistance.</p>,2026-05-21 13:36:19.330000
57880,13,1,,2025-12-11 13:59:03.493000
57884,10,1,<p>Note: Providers are reminded to refer to the long descriptors of the CPT codes in their CPT book.</p>,2025-04-04 13:40:37.363000
57889,4,1,<p>N/A</p>,2026-07-14 22:43:04.687000
57891,39,1,<p>N/A</p>,2026-05-05 19:48:55.190000
57891,39,2,"<p><!&mdash;&mdash;&mdash;&mdash;StartFragment &mdash;&mdash;&mdash;&mdash;><span class=""cf0"">The following should be reported for ABL1 Kinase Domain Mutation Analysis for the detection of acquired imatinib tyrosine kinase inhibitor resistance.</span><!&mdash;&mdash;&mdash;&mdash;EndFragment &mdash;&mdash;&mdash;&mdash;></p>",2026-05-05 19:48:55.207000
57901,27,1,<p>N/A</p>,2026-05-26 14:22:43.327000
57910,14,1,,2023-11-15 12:29:13.873000
57913,11,1,,2025-09-16 17:35:55.050000
57915,10,1,,2025-05-13 19:15:55.560000
57917,32,1,,2026-08-03 13:41:03.273000
57917,32,2,<p>These code(s) are non-covered. &nbsp;</p>,2026-08-03 13:41:03.353000
57926,25,1,"<p><strong><span style=""line-height: 115%;"">Note: </span></strong><span style=""line-height: 115%;"">Providers are reminded to refer to the long descriptors of the CPT codes in their CPT book.<strong> </strong></span></p>",2026-03-25 17:53:00.540000
57936,33,1,,2025-07-23 19:23:13.073000
57936,33,2,<p>These code(s) are non-covered.</p>,2025-07-23 19:23:13.107000
57944,25,1,<p><strong>Note:</strong> Providers are reminded to refer to the long descriptors of the CPT codes in their CPT book.</p>,2026-05-01 12:37:40.017000
57948,38,1,<p><strong>Note:</strong> Providers are reminded to refer to the long descriptors of the CPT codes in their CPT book.</p>,2026-06-09 19:34:53.377000
57954,73,1,<p><strong>Note:</strong> Providers are reminded to refer to the long descriptors of the CPT codes in their CPT book.</p>,2025-11-10 19:27:27.977000
57970,13,1,<p>The following codes are not covered</p>,2026-02-09 16:51:06.230000
57983,6,1,<p>N/A</p>,2023-12-20 16:25:11.810000
58000,4,1,<p>N/A</p>,2020-08-18 15:46:40.993000
58008,22,1,,2026-01-27 16:18:03.483000
58017,55,1,"<p><span style=""line-height: 115%;"">For the following CPT<sup>&reg;</sup> codes associated with germline testing, a beneficiary may only be covered for one test per lifetime. This list does not imply coverage for any of the below codes, it identifies codes within scope of the Repeat Germline Testing Policy. </span></p>
<p><span style=""line-height: 115%;"">If non-duplicative testing is considered medically reasonable and necessary but utilizes the same billing codes as prior testing, please use a -77 modifier to trigger a medical review for coverage. This includes testing to identify different genetic content or information, such as different variant types or classes, or leveraging newer and more sensitive methodologies. Providers will be expected to provide a rationale for additional testing.</span></p>",2026-07-24 12:44:29.637000
58017,55,2,"<p><strong><u><span style=""line-height: 115%;"">For tests billed under the Not Otherwise Classified (NOC) CPT<sup>&reg;</sup> code 81479:</span></u></strong></p>
<p style=""background: white; line-height: 14.4pt;"">Tests billed under the NOC CPT<sup>&reg;</sup> code 81479 that are used for germline testing and are further defined by a unique identifier (such as a Z-Identifier code) are limited to once per lifetime, as are such tests that are duplicative.</p>
<p><span style=""line-height: 115%;"">If non-duplicative testing of such a test is considered medically reasonable and necessary, please use a -77 modifier to trigger a medical review.</span></p>",2026-07-24 12:44:30.300000
58019,45,1,,2026-01-12 15:40:43.670000
58021,11,1,,2022-05-26 13:29:56.850000
58028,23,1,"<p>If a test for FGFR2 and/or FGFR3 is performed as part of a panel, it must be billed as part of the panel.</p>
<p>Many of these codes refer to more than 1 possible gene. As such, these codes may be mentioned in unrelated coverage articles as well.</p>",2024-01-08 14:34:44.217000
58031,11,1,,2022-02-18 13:49:44.743000
58038,10,1,,2023-11-10 16:33:21.917000
58052,9,1,<p>N/A</p>,2026-01-26 13:24:19.690000
58061,28,1,,2025-06-26 13:39:42.960000
58063,11,1,,2023-11-10 16:27:40.787000
58065,19,1,"<p>If a test for FGFR2 and/or FGFR3 is performed as part of a panel, it must be billed as part of the panel.</p>
<p>Many of these codes refer to more than 1 possible gene. As such, these codes may be mentioned in unrelated coverage articles as well.</p>",2024-01-08 17:49:55.657000
58075,24,1,"<p><strong><span style=""line-height: 115%;"">Note: </span></strong><span style=""line-height: 115%;"">CPT<sup>&#174;</sup> codes related to component(s) removal, replacement or revision do not&#160;require a dual diagnosis.</span></p>",2026-05-15 12:59:23.287000
58095,16,1,,2026-02-23 13:14:49.610000
58110,22,1,"<p><strong>Note:</strong> Providers are reminded to refer to the long descriptors of the CPT/HCPCS codes in their CPT/HCPCS book.</p>
<p>The following CPT code associated with the services outlined in this Billing and Coding Article will not have diagnosis code limitations applied at this time: 0447T</p>",2025-04-11 13:05:43.090000
58113,6,1,,2023-11-07 12:35:42.997000
58116,29,1,<p><strong>Note:</strong> Providers are reminded to refer to the long descriptors of the CPT&reg; codes in their CPT&reg; book.</p>,2026-07-14 22:43:00.230000
58120,17,1,<p>N/A</p>,2026-02-09 16:51:08.137000
58127,19,1,"<p><strong><span style=""line-height: 115%;"">Note: </span></strong><span style=""line-height: 115%;"">Providers are reminded to refer to the long descriptors of the CPT codes in their CPT book.</span></p>
<p>&nbsp;</p>
<p>&nbsp;</p>",2025-09-30 23:50:43.940000
58133,23,1,<p><strong>Note:</strong> Providers are reminded to refer to the long descriptors of the CPT&reg; codes in their CPT&reg; book.</p>,2025-10-14 13:00:35.400000
58136,22,1,"<p><strong>Note:</strong> Providers are reminded to refer to the long descriptors of the CPT/HCPCS codes in their CPT/HCPCS book.</p>
<p>The following CPT code associated with the services outlined in this Billing and Coding Article will not have diagnosis code limitations applied at this time: 0447T</p>",2025-04-11 13:06:38.343000
58152,13,1,,2026-07-14 22:42:59.113000
58168,33,1,<p>N/A</p>,2026-01-13 15:44:01.630000
58170,33,1,<p>N/A</p>,2026-01-13 15:44:31.610000
58181,24,1,"<p>If a test for FGFR2 and/or FGFR3 is performed as part of a panel, it must be billed as part of the panel.</p>
<p>Many of these codes refer to more than 1 possible gene. As such, these codes may be mentioned in unrelated coverage articles as well.</p>",2026-01-26 13:24:19.970000
58183,19,1,<p>N/A</p>,2026-01-26 13:24:19.640000
58205,13,1,<p>N/A</p>,2026-05-21 14:06:10.967000
58207,34,1,,2026-01-22 15:22:01.557000
58209,9,1,<p>N/A</p>,2026-01-22 20:04:10.967000
58211,24,1,"<p>If a test for FGFR2 and/or FGFR3 is performed as part of a panel, it must be billed as part of the panel.</p>
<p>Many of these codes refer to more than 1 possible gene. As such, these codes may be mentioned in unrelated coverage articles as well.</p>",2025-12-11 14:58:17.400000
58213,16,1,<p><strong>Note:</strong> Providers are reminded to refer to the long descriptors of the CPT<strong><sup>&reg;</sup></strong> codes in their CPT<strong><sup>&reg;</sup></strong> book.</p>,2025-04-22 17:24:50.363000
58218,17,1,,2025-12-26 23:52:21.730000
58223,22,1,<p>N/A</p>,2026-03-18 13:41:37.383000
58227,20,1,"<p><strong><span style=""line-height: 115%;"">Note: </span></strong><span style=""line-height: 115%;"">Providers are reminded to refer to the long descriptors of the CPT codes in their CPT book.<strong> </strong></span></p>",2026-02-23 13:14:49.823000
58243,7,1,<p><strong>Note:</strong> Providers are reminded to refer to the long descriptors of the CPT codes in their CPT book.</p>,2026-01-23 13:54:24.763000
58250,19,1,<p><strong>Note:</strong> Providers are reminded to refer to the long descriptors of the CPT codes in their CPT book.</p>,2026-01-23 14:14:12.617000
58250,19,2,<p><strong>Note:</strong> Providers are reminded to refer to the long descriptors of the CPT codes in their CPT book.</p>,2026-01-23 14:14:12.667000
58264,8,1,<p><strong>Note:</strong> Providers are reminded to refer to the long descriptors of the CPT codes in their CPT book.</p>,2026-01-23 13:55:23.337000
58275,9,1,<p>N/A</p>,2022-07-01 17:29:40.307000
58277,13,1,<p><strong>Note: </strong>Providers are reminded to refer to the long descriptors of the CPT<strong><sup>&reg;</sup></strong> codes in their CPT<strong><sup>&reg;</sup></strong> book.</p>,2025-04-09 14:29:57.037000
58282,14,1,"<p><span style=""line-height: 115%;"">The following CPT<sup>&reg;</sup>/HCPCS codes are noncovered:</span></p>",2026-07-13 15:33:56.887000
58287,5,1,"<p><span style=""line-height: 115%;"">Covered</span></p>",2021-12-29 15:47:22.197000
58294,8,1,,2026-07-14 22:42:59.067000
58308,18,1,<p>The use of 81403 does not automatically imply coverage</p>,2024-09-04 13:37:23.237000
58308,18,2,<p>These codes are non-covered</p>,2024-09-04 13:37:23.247000
58318,65,1,<p>CPT<sup>&reg;</sup> code 81479 is used to describe multi-gene panels and single genes not otherwise classified.</p>,2026-07-24 12:45:43.183000
58321,7,1,"<p><strong><span style=""line-height: 115%;"">Note: </span></strong><span style=""line-height: 115%;"">Providers are reminded to refer to the long descriptors of the CPT<sup>&reg;</sup> codes in their CPT<sup>&reg;</sup> book.</span></p>",2021-12-21 15:13:33.260000
58324,35,1,<p>CPT<sup>&reg;</sup> code 81479 is used to describe multi-gene panels and single genes not otherwise classified.</p>,2025-11-03 14:14:04.643000
58343,11,1,,2022-01-28 16:21:56.960000
58350,24,1,<p>N/A</p>,2026-05-15 13:00:17.923000
58350,24,2,"<p>The following CPT/HCPCS codes are non-covered*:</p>
<p>*This is not an inclusive list of non-covered codes.</p>
<p><span style=""font-size: 10.5pt; font-family: 'Verdana',sans-serif;"">*<strong>Note</strong>: 64492 or 64495 describes a third and additional levels and should be listed separately in addition to the code for the primary procedure and the second level procedure and cannot be reported more than once per day. 64492 should be reported in conjunction with 64490/64491 and 64495 should be reported in conjunction with 64493/64494. Codes 64492 and 64495 will only be covered upon appeal if sufficient documentation of medical necessity is present.</span></p>",2026-05-15 13:00:17.993000
58354,15,1,,2026-01-27 16:42:09.703000
58359,13,1,<p>N/A</p>,2025-08-29 16:26:45.277000
58362,10,1,"<p><span style=""line-height: 115%;"">Providers are reminded to refer to the long descriptors of the CPT codes in their CPT book.</span></p>",2023-11-08 14:12:36.550000
58364,39,1,<p>N/A</p>,2026-07-17 13:58:20.960000
58364,39,2,"<p style=""line-height: 9.95pt;"">The following CPT/HCPCS codes are non-covered*:</p>
<p style=""line-height: 9.95pt;"">* this is not an inclusive list of non-covered codes</p>
<p style=""line-height: 9.95pt;"">*Note: 64492 or 64495 describes a third and additional levels and should be listed separately in addition to the code for the primary procedure and the second level procedure and cannot be reported more than once per day. 64492 should be reported in conjunction with 64490/64491 and 64495 should be reported in conjunction with 64493/64494. Codes 64492 and 64495 will only be covered upon appeal if sufficient documentation of medical necessity is present.</p>
<p>&#160;</p>",2026-07-17 13:58:20.987000
58367,6,1,,2021-12-28 21:23:47.777000
58371,12,1,,2023-12-13 11:56:18.740000
58376,67,1,"<p><strong><span style=""line-height: 115%;"">This group includes NGS-based MRD tests for the purpose of diagnosing disease progression, recurrence, or relapse.&nbsp;</span></strong></p>
<p><span style=""background: white; line-height: 115%;"">If no relevant CPT<sup>&reg;</sup> code exists for the test submitted, you may bill with the NOC code 81479.</span></p>",2026-07-28 16:15:29.917000
58376,67,2,"<p><span style=""background-color: #ffffff;""><strong>This group includes tests for monitoring the response to immune-checkpoint inhibitor (ICI) therapy.&nbsp;</strong></span></p>",2026-07-28 16:15:29.933000
58376,67,3,"<p><p style=""line-height: 98%;""><strong><span style=""line-height: 98%;"">This group includes MRD tests that do not use NGS for the purpose of diagnosing disease progression, recurrence, or relapse.</span></strong></p></p>",2026-07-28 16:15:29.943000
58392,13,1,"<p><span style=""font-size: 10.5pt; line-height: 115%; font-family: 'Verdana',sans-serif;"">68841 MUST be billed in association with 1 of the CPT<sup>&reg;</sup> codes identified in this section.</span></p>",2024-12-17 19:38:02.470000
58395,44,1,<p>CPT<sup>&#174;</sup> code 81479 is used to describe multi-gene panels and single genes not otherwise classified.</p>,2026-07-24 12:00:15.790000
58403,27,1,<p>N/A</p>,2026-05-12 13:14:35.980000
58403,27,2,"<p><span style=""line-height: 107%;"">The following CPT/HCPCS codes are non-covered*: </span></p>
<p style=""line-height: 9.95pt;"">* this is not an inclusive list of non-covered codes.</p>
<p>*<strong>Note</strong>: 64492 or 64495 describes a third and additional levels and should be listed separately in addition to the code for the primary procedure and the second level procedure and cannot be reported more than once per day. 64492 should be reported in conjunction with 64490/64491 and 64495 should be reported in conjunction with 64493/64494. Codes 64492 and 64495 will only be covered upon appeal if sufficient documentation of medical necessity is present.</p>
<p><span style=""line-height: 107%;"">&nbsp;</span></p>",2026-05-12 13:14:36.317000
58406,26,1,,2026-01-20 13:09:53.620000
58410,9,1,<p><strong>Note:</strong> Providers are reminded to refer to the long descriptors of the CPT codes in their CPT book.</p>,2022-01-14 13:55:22.227000
58414,11,1,<p><strong>Note</strong>: Providers are reminded to refer to the long descriptors of the CPT codes in their CPT book.</p>,2022-01-14 13:47:59.600000
58423,48,1,<p><strong>Note:</strong> Providers are reminded to refer to the long descriptors of the HCPCS codes in their HCPCS book.</p>,2025-12-05 14:35:37.390000
58423,48,2,<p>N/A</p>,2025-12-05 14:35:37.420000
58423,48,3,<p>N/A</p>,2025-12-05 14:35:37.440000
58423,48,4,<p>N/A</p>,2025-12-05 14:35:37.450000
58423,48,5,<p>N/A</p>,2025-12-05 14:35:37.460000
58428,29,1,"<p><br /><strong>Colonoscopy</strong></p>
<p><strong>Note</strong>: Providers are reminded to refer to the long descriptors of the CPT codes in their CPT book.</p>",2026-04-02 15:09:07.660000
58434,34,1,"<p><strong><span style=""line-height: 115%;"">This group includes NGS-based MRD tests for the purpose of diagnosing disease progression, recurrence, or relapse.&nbsp;</span></strong></p>
<p><span style=""background: white; line-height: 115%;"">If no relevant CPT<sup>&reg;</sup> code exists for the test submitted, you may bill with the NOC code 81479.</span></p>",2026-03-06 14:02:52.387000
58434,34,2,"<p><span style=""background-color: #ffffff;""><strong>This group includes tests for monitoring the response to immune-checkpoint inhibitor (ICI) therapy.&nbsp;</strong></span></p>",2026-03-06 14:02:52.410000
58434,34,3,"<p><p style=""line-height: 98%;""><strong><span style=""line-height: 98%;"">This group includes MRD tests that do not use NGS for the purpose of diagnosing disease progression, recurrence, or relapse.</span></strong></p></p>",2026-03-06 14:02:52.420000
58436,13,1,"<p><strong><span style=""color: #212529; font-family: Verdana;"">Note</span></strong><span style=""text-align: left; color: #212529; text-transform: none; text-indent: 0px; letter-spacing: normal; font-family: Verdana, 'Helvetica Neue', Helvetica, Arial, sans-serif; font-size: 14px; font-style: normal; font-weight: 400; word-spacing: 0px; float: none; display: inline !important; white-space: normal; orphans: 2; widows: 2; background-color: #ffffff; -webkit-text-stroke-width: 0px; font-variant-ligatures: normal; font-variant-caps: normal; text-decoration-style: initial; text-decoration-color: initial;"">: Providers are reminded to refer to the long descriptors of the CPT codes in their CPT book.</span></p>",2025-09-04 18:54:29.830000
58454,50,1,"<p><strong>This group includes NGS-based MRD tests for the purpose of diagnosing disease progression, recurrence, or relapse. </strong></p>
<p>If no relevant CPT&#174; code exists for the test submitted, you may bill with the NOC code 81479.</p>",2026-07-28 13:12:31.663000
58454,50,2,<p><strong>This group includes tests for monitoring the response to immune-checkpoint inhibitor (ICI) therapy. </strong></p>,2026-07-28 13:12:31.680000
58454,50,3,"<p><p style=""line-height: 98%;""><strong><span style=""line-height: 98%;"">This group includes MRD tests that do not use NGS for the purpose of diagnosing disease progression, recurrence, or relapse.</span></strong></p></p>",2026-07-28 13:12:31.690000
58468,41,1,"<p><strong>This group includes NGS-based MRD tests for the purpose of diagnosing disease progression, recurrence, or relapse.</strong></p>
<p>If no relevant CPT<sup>&#174;</sup> codes exist for the test submitted, you may bill with the NOC code 81479.</p>",2026-07-31 11:43:52.697000
58468,41,2,<p><strong>This group includes tests for monitoring the response to immune-checkpoint inhibitor (ICI) therapy.</strong></p>,2026-07-31 11:43:52.717000
58468,41,3,"<p><strong>This group includes MRD tests that do not use NGS for the purpose of diagnosing disease progression, recurrence, or relapse.</strong></p>",2026-07-31 11:43:52.730000
58471,10,1,,2023-02-15 13:42:16.470000
58473,11,1,,2026-04-30 14:11:01.423000
58477,22,1,,2026-05-21 14:03:05.250000
58477,22,2,"<p>The following CPT/HCPCS codes are non-covered*:</p>
<p>* This is not an inclusive list of non-covered codes</p>
<p>*Note: 64492 or 64495 describes a third and additional levels and should be listed separately in addition to the code for the primary procedure and the second level procedure and cannot be reported more than once per day. 64492 should be reported in conjunction with 64490/64491 and 64495 should be reported in conjunction with 64493/64494. Codes 64492 and 64495 will only be covered upon appeal if sufficient documentation of medical necessity is present.</p>",2026-05-21 14:03:05.277000
58503,12,1,"<p><span style=""line-height: 115%;"">The Category III CPT<sup>&reg;</sup> code 0439T is an add-on code for CPT<sup>&reg;</sup> codes 93306, 93307, 93308, 93350 and 93351.</span></p>",2023-08-22 15:20:42.757000
58503,12,2,,2023-08-22 15:20:42.767000
58503,12,3,,2023-08-22 15:20:42.777000
58559,42,1,,2026-07-31 14:24:56.103000
58565,52,1,<p>Providers are reminded to refer to the long descriptors of the CPT codes in their CPT book.</p>,2026-08-04 19:42:56.107000
58573,13,1,"<p><strong>Dermabrasion</strong></p>
<p><strong>Note: </strong>Providers are reminded to refer to the long descriptors of the CPT codes in their CPT book.</p>",2026-02-06 13:52:48.350000
58573,13,2,"<p><strong>Abdominal Lipectomy/Panniculectomy</strong></p>
<p><strong>Note:</strong> <strong>CPT code 15847 </strong>is an add-on code that can only be used in conjunction with <strong>CPT code 15830</strong>.</p>",2026-02-06 13:52:48.373000
58573,13,3,<p><strong>Reconstructive Breast Surgery: Removal of Breast Implants</strong></p>,2026-02-06 13:52:48.417000
58573,13,4,<p><strong>Reduction Mammaplasty</strong></p>,2026-02-06 13:52:48.570000
58573,13,5,"<p><strong>Mastectomy for Gynecomastia</strong></p>
<p>Liposuction or ultrasonically assisted liposuction (<strong>15877</strong> suction assisted lipectomy; trunk) used for the treatment of gynecomastia is considered integral to the primary procedure and not covered.</p>",2026-02-06 13:52:48.583000
58573,13,6,"<p><strong>Rhinoplasty/Nasal Reconstructive Surgery</strong></p>
<p>The following CPT codes associated with the services outlined in this Billing and Coding Article will not have diagnosis code limitations applied at this time: <strong>20912, 21210, </strong>or<strong> 21235</strong>.</p>",2026-02-06 13:52:48.610000
58575,38,1,<p><strong>Note: </strong>Providers are reminded to refer to the long descriptors of the CPT codes in their CPT book.</p>,2026-01-23 14:10:48.833000
58575,38,2,<p>These codes are non-covered.</p>,2026-01-23 14:10:48.850000
58577,33,1,<p><strong>Note: </strong>Providers are reminded to refer to the long descriptors of the CPT codes in their CPT book.</p>,2026-01-23 14:18:05.310000
58577,33,2,<p>These codes are non-covered.</p>,2026-01-23 14:18:05.330000
58582,20,1,<p>N/A</p>,2026-07-27 16:51:59.797000
58592,19,1,<p><strong><br />Note:</strong> Providers are reminded to refer to the long descriptors of the CPT codes in their CPT book.</p>,2025-09-26 14:06:34.050000
58592,19,2,<p><strong><br />Note: </strong>Providers are reminded to refer to the long descriptors of the CPT codes in their CPT book.</p>,2025-09-26 14:06:34.077000
58609,7,1,"<p><span style=""line-height: 115%;"">The following CPT<sup>&reg;</sup>/HCPCS codes are noncovered:</span></p>",2026-07-14 22:43:02.520000
58641,4,1,,2021-02-10 21:01:14.080000
58649,13,1,<p>58999</p>,2026-07-16 16:30:41.960000
58650,4,1,,2021-04-13 12:53:26.583000
58652,29,1,<p>Single genes and solid tumor panels</p>,2026-07-28 16:14:05.503000
58652,29,2,<p>Hematologic neoplasm panels</p>,2026-07-28 16:14:05.570000
58652,29,3,<p>These code(s) are non-covered.</p>,2026-07-28 16:14:05.577000
58656,9,1,,2026-07-14 22:43:03.757000
58656,9,2,<p>The following CPT and PLA codes will be rejected as extra-jurisdictional.</p>,2026-07-14 22:43:03.757000
58664,9,1,,2024-04-04 12:36:19.717000
58673,8,1,<p>N/A</p>,2026-02-09 16:51:08.443000
58677,5,1,,2023-11-07 12:39:48.663000
58679,38,1,<p>Single genes and solid tumor panels</p>,2026-08-07 16:28:45.170000
58679,38,2,<p>Hematologic neoplasm panels</p>,2026-08-07 16:28:45.223000
58679,38,3,"<p><!&mdash;&mdash;&mdash;&mdash;StartFragment &mdash;&mdash;&mdash;&mdash;></p>
<p class=""pf0""><span class=""cf0"">These code(s) are non-covered.</span></p>
<p><!&mdash;&mdash;&mdash;&mdash;EndFragment &mdash;&mdash;&mdash;&mdash;></p>",2026-08-07 16:28:45.237000
58689,6,1,,2023-09-19 13:22:32.477000
58695,11,1,"<p><p style=""line-height: normal;"">Providers are reminded to refer to the long descriptors of the CPT<sup>&reg;</sup> codes in their CPT<sup>&reg;</sup> book.</p></p>",2025-01-13 16:08:10.710000
58695,11,2,"<p><p style=""line-height: normal;"">These codes are not medically reasonable and necessary for pain management procedures.</p></p>",2025-01-13 16:08:10.740000
58700,17,1,"<p><span style=""line-height: 115%;"">The following tests may be billed in the post-biopsy setting (after a negative or non-malignant biopsy, as defined in the policy) for individuals contemplating a repeat biopsy:</span></p>
<p><span style=""line-height: 115%;""> </span></p>
<ul>
<li><span style=""line-height: 115%;""> </span><span style=""line-height: 115%;"">Progensa PCA3 assay (CPT 81313), performed on post-digital rectal exam (DRE) urine specimens </span></li>
<li><span style=""line-height: 115%;""> </span><span style=""line-height: 115%;"">ConfirmMDx assay (CPT 81551), performed on formalin-fixed, paraffin embedded (FFPE) tissue specimens</span></li>
<li>MyProstate Score 2.0 (MPS 2.0) (PLA 0403U), performed on first catch urine specimens</li>
<li>ExoDX Prostate assay (PLA 0005U), performed on non-DRE urine specimens</li>
</ul>
<p>&#160;</p>",2026-06-16 16:16:29.840000
58700,17,2,"<p>The following test may be billed in the pre-biopsy setting as defined in the policy:</p>
<ul>
<li>SelectMDx assay (PLA 0339U), performed on post-digital rectal exam (DRE) urine specimens</li>
<li>MyProstate Score 2.0 (MPS 2.0) (PLA 0403U), performed on first catch urine specimens</li>
<li>ExoDX Prostate assay (PLA 0005U), performed on non-DRE urine specimens</li>
</ul>",2026-06-16 16:16:29.933000
58706,12,1,,2023-11-08 14:53:39.933000
58710,92,1,"<p><strong><span style=""line-height: 115%;"">Targeted Respiratory Panels:</span></strong></p>
<p><span style=""line-height: 115%;""> </span></p>
<p><span style=""line-height: 115%;"">These codes are covered under limited circumstances. </span></p>",2026-07-28 16:14:49.470000
58710,92,2,"<p><strong><span style=""line-height: 115%;"">Targeted Gastrointestinal</span></strong><strong><span style=""line-height: 115%;""> Panels:</span></strong></p>
<p><span style=""line-height: 115%;""> </span></p>
<p><span style=""line-height: 115%;"">This code is covered under limited circumstances. </span></p>",2026-07-28 16:14:49.490000
58710,92,3,"<p><strong><span style=""line-height: 115%;"">Meningoencephalitis</span></strong><strong><span style=""line-height: 115%;""> Panels:</span></strong></p>
<p><span style=""line-height: 115%;""> </span></p>
<p><span style=""line-height: 115%;"">This code is covered under limited circumstances. </span></p>",2026-07-28 16:14:49.497000
58710,92,4,"<p><strong><span style=""line-height: 115%;"">Bloodstream Infection</span></strong><strong><span style=""line-height: 115%;""> Panels:</span></strong></p>
<p><span style=""line-height: 115%;""> </span></p>
<p><span style=""line-height: 115%;"">This code is covered under limited circumstances. </span></p>",2026-07-28 16:14:49.503000
58710,92,5,"<p><strong><span style=""line-height: 115%;"">Urogenital/Anogenital</span></strong><strong><span style=""line-height: 115%;""> Panels:</span></strong></p>
<p><span style=""line-height: 115%;""> </span></p>
<p><span style=""line-height: 115%;"">These codes are covered under limited circumstances. </span></p>",2026-07-28 16:14:49.517000
58710,92,6,"<p><strong><span style=""line-height: 115%;"">Expanded Respiratory and Pneumonia Panels: </span></strong></p>
<p><strong><span style=""line-height: 115%;""> </span></strong></p>
<p><span style=""line-height: 115%;"">Covered under limited circumstances. Per policy, these codes are covered in beneficiaries with serious or critical illness or at imminent risk of becoming seriously or critically ill, immunodeficiency, and/or severe underlying condition contributory to testing using an expanded syndromic panel.&nbsp;</span></p>
<p style=""line-height: 121%; padding-left: 40px;"">Testing is billed according to 1 of the following:</p>
<p style=""line-height: 121%; padding-left: 80px;"">(a) Places of service (POS) 19, 21, 22, 23, OR</p>
<p style=""line-height: 121%; padding-left: 80px;"">(b) The test is ordered as follows (<strong>for healthcare POS other than those listed in (a)</strong>):</p>
<p style=""line-height: 121%; padding-left: 120px;"">(1) <strong>For immune-competent beneficiaries</strong>, the test must be ordered by an Infectious Disease Specialist or&nbsp;Pulmonologist who is diagnosing and treating the beneficiary.</p>
<p style=""line-height: 121%; padding-left: 120px;"">(2)<strong> For immune-compromised beneficiaries</strong>, the test must be ordered by a clinician specialist in 1 of the following: Infectious Diseases, Oncology, Transplant (for any panel), or Pulmonologist who is diagnosing and treating the beneficiary.</p>
<p style=""line-height: 121%; padding-left: 120px;"">(3) Regarding (1) and (2), An exception may be made in geographic locations where the specialist(s) cannot be reasonably reached by the beneficiary, and the ordering provider is located closer to the beneficiary&rsquo;s place of residence than the nearest specialist. We would generally expect that beneficiaries for whom the test is ordered under this exception to be living in rural locations, islands, or some other location where access to care is limited.</p>
<p style=""line-height: 121%; padding-left: 120px;"">(4) For testing in POS other than POS 19, 21, 22, or 23, to bill one of the Group 6 CPT codes,&nbsp;<strong>TWO</strong> ICD-10 codes are required-one from Group 6 and another from Group 1.</p>",2026-07-28 16:14:49.547000
58710,92,7,"<p><strong><span style=""line-height: 115%;"">Expanded Gastrointestinal Panels:</span></strong><span style=""line-height: 115%;""> </span></p>
<p><span style=""line-height: 115%;"">Covered under limited circumstances. Per policy, these codes are covered in beneficiaries with serious or critical illness or at imminent risk of becoming seriously or critically ill, immunodeficiency, and/or severe underlying condition contributory to testing using an expanded syndromic panel. </span></p>
<p><span style=""line-height: 115%;""> </span></p>
<p style=""line-height: 121%; padding-left: 40px;"">(a) Places of service (POS) 19, 21, 22, 23, OR</p>
<p style=""line-height: 121%; padding-left: 40px;"">(b) The test is ordered as follows (<strong>for healthcare POS other than those listed in (a)</strong>):</p>
<p style=""line-height: 121%; padding-left: 80px;"">(1) <strong>For immune-competent beneficiaries</strong>, the test must be ordered by an Infectious Disease Specialist or Gastroenterologist who is diagnosing and treating the beneficiary.</p>
<p style=""line-height: 121%; padding-left: 80px;"">(2)<strong> For immune-compromised beneficiaries</strong>, the test must be ordered by a clinician specialist in 1 of the following: Infectious Diseases, Oncology, Transplant (for any panel), or Gastroenterologist who is diagnosing and treating the beneficiary.</p>
<p style=""padding-left: 80px;""><span style=""line-height: 115%;"">(3) Regarding (1) and (2), An exception may be made in geographic locations where the specialist(s) cannot be reasonably reached by the beneficiary, and the ordering provider is located closer to the beneficiary&rsquo;s place of residence than the nearest specialist. We would generally expect that beneficiaries for whom the test is ordered under this exception to be living in rural locations, islands, or some other location where access to care is limited.</span></p>
<p style=""padding-left: 80px;""><span style=""line-height: 115%;"">(4) For testing in POS other than POS 19, 21, 22, or 23, to bill one of the Group 7 CPT codes,&nbsp;<strong>TWO&nbsp;</strong>ICD-10 codes are required-one from Group 7 and another from Group 2.</span></p>",2026-07-28 16:14:49.577000
58710,92,8,"<p><strong>Conditionally Non-covered CPT codes:</strong></p>
<p>The following CPT codes are NOT covered for a given beneficiary on the same DOS when <strong>&gt;1</strong> is billed in combination with another CPT or PLA code from Groups 1-7 <em>for the same intended use.</em></p>
<p>Additionally, the following CPT codes are NOT covered for a given beneficiary on the same DOS when <strong>&gt;2</strong> are billed <em>for the same intended use.</em></p>",2026-07-28 16:14:49.587000
58710,92,9,"<p><strong>Zoonotic Infection Panels:</strong></p>
<p>This code is reimbursed under limited circumstances.</p>
<p><strong>Note also the additional diagnostic guidance provided by the Centers for Disease Control and Prevention (CDC):</strong> <a href=""https://www.cdc.gov/ticks/hcp/data-research/tickborne-disease-reference-guide/"" target=""_blank"" rel=""noopener"">https://www.cdc.gov/ticks/hcp/data-research/tickborne-disease-reference-guide/</a></p>
<p>&nbsp;</p>",2026-07-28 16:14:49.830000
58710,92,10,"<p><strong>Joint Infection Panels</strong>:</p>
<p>This code is reimbursed under limited circumstances.</p>",2026-07-28 16:14:49.840000
58710,92,11,"<p><p style=""text-align: justify; line-height: 98%;""><strong><span style=""line-height: 98%;"">Non-Urogenital/Anogenital Cutaneous/Mucocutaneous </span></strong><strong><span style=""line-height: 98%;"">Lesion Panels:</span></strong></p>
<p style=""text-align: justify; line-height: 98%;""><span style=""line-height: 98%;"">This code is reimbursed under limited circumstances.</span></p></p>",2026-07-28 16:14:49.850000
58710,92,12,"<p><p style=""line-height: 12.2pt;""><strong>Onychomycosis Panels:</strong></p>
<p style=""line-height: 90%;""><span style=""line-height: 90%;"">This code is only reimbursed for patients with a confirmed histopathologic diagnosis of an infiltrative/invasive fungal onychomycosis and whose culture (and antifungal susceptibility) of the nail is negative or cannot be performed.</span></p></p>",2026-07-28 16:14:49.860000
58713,13,1,"<p>The following tests may be billed in the post-biopsy setting (after a negative or non-malignant biopsy, as defined in the policy) for individuals contemplating a repeat biopsy:</p>
<ul>
<li>Progensa PCA3 assay (CPT 81313), performed on post-digital rectal exam (DRE) urine specimens</li>
<li>ConfirmMDx assay (CPT 81551), performed on formalin-fixed, paraffin embedded (FFPE) tissue specimens.</li>
<li>MyProstate Score 2.0 (MPS 2.0) (PLA 0403U), performed on first catch urine specimens</li>
<li>ExoDX Prostate assay (PLA 0005U), performed on non-DRE urine specimens</li>
</ul>",2026-06-19 22:31:40.807000
58713,13,2,"<p>The following test may be billed in the pre-biopsy setting as defined in the policy:</p>
<ul>
<li>SelectMDx assay (PLA 0339U), performed on post-digital rectal exam (DRE) urine specimens</li>
<li>MyProstate Score 2.0 (MPS 2.0) (PLA 0403U), performed on first catch urine specimens</li>
<li>ExoDX Prostate assay (PLA 0005U), performed on non-DRE urine specimens</li>
</ul>",2026-06-19 22:31:40.850000
58718,16,1,"<p>The following tests may be billed in the post-biopsy setting (after a negative or non-malignant biopsy, as defined in the policy) for individuals contemplating a repeat biopsy:</p>
<ul>
<li>Progensa PCA3 assay (CPT 81313), performed on post-digital rectal exam (DRE) urine specimens</li>
<li>ConfirmMDx assay (CPT 81551), performed on formalin-fixed, paraffin embedded (FFPE) tissue specimens.</li>
<li>MyProstate Score 2.0 (MPS 2.0) (PLA 0403U), performed on first catch urine specimens</li>
<li>ExoDX Prostate assay (PLA 0005U), performed on non-DRE urine specimens</li>
</ul>",2026-06-16 15:27:00.920000
58718,16,2,"<p>The following test may be billed in the pre-biopsy setting as defined in the policy:</p>
<ul>
<li>SelectMDx assay (PLA 0339U), performed on post-digital rectal exam (DRE) urine specimens</li>
<li>MyProstate Score 2.0 (MPS 2.0) (PLA 0403U), performed on first catch urine specimens</li>
<li style=""line-height: 122%;""><span style=""line-height: 122%;"">ExoDX Prostate assay (PLA 0005U), performed on non-DRE urine specimens</span></li>
</ul>",2026-06-16 15:27:00.940000
58720,90,1,"<p><strong><span style=""line-height: 115%;"">Targeted Respiratory Panels:</span></strong></p>
<p><span style=""line-height: 115%;""> </span></p>
<p><span style=""line-height: 115%;"">These codes are covered under limited circumstances.&#160;</span></p>
<p><strong><span style=""line-height: 115%;""> </span></strong></p>
<p><span style=""line-height: 115%;"">&#160;</span></p>",2026-07-28 13:17:14.503000
58720,90,2,"<p><strong><span style=""line-height: 115%;"">Targeted Gastrointestinal</span></strong><strong><span style=""line-height: 115%;""> Panels:</span></strong></p>
<p><span style=""line-height: 115%;""> </span></p>
<p><span style=""line-height: 115%;"">This code is covered under limited circumstances.</span></p>
<p><strong><span style=""line-height: 115%;""> </span></strong></p>
<p><span style=""line-height: 115%;"">&#160;</span></p>",2026-07-28 13:17:14.520000
58720,90,3,"<p><strong><span style=""line-height: 115%;"">Meningoencephalitis</span></strong><strong><span style=""line-height: 115%;""> Panels:</span></strong></p>
<p><span style=""line-height: 115%;""> </span></p>
<p><span style=""line-height: 115%;"">This code is covered under limited circumstances.&#160;</span></p>",2026-07-28 13:17:14.527000
58720,90,4,"<p><strong><span style=""line-height: 115%;"">Bloodstream Infection</span></strong><strong><span style=""line-height: 115%;""> Panels:</span></strong></p>
<p><span style=""line-height: 115%;""> </span></p>
<p><span style=""line-height: 115%;"">This code is covered under limited circumstances. </span></p>",2026-07-28 13:17:14.533000
58720,90,5,"<p><strong><span style=""line-height: 115%;"">Urogenital/Anogenital</span></strong><strong><span style=""line-height: 115%;""> Panels:</span></strong></p>
<p><span style=""line-height: 115%;""> </span></p>
<p><span style=""line-height: 115%;"">These codes are covered under limited circumstances. </span></p>",2026-07-28 13:17:14.550000
58720,90,6,"<p><strong><span style=""line-height: 115%;"">Expanded Respiratory and Pneumonia Panels: </span></strong></p>
<p><strong><span style=""line-height: 115%;""> </span></strong></p>
<p style=""line-height: 122%;"">Covered under limited circumstances. Per policy, these codes are covered in beneficiaries with serious or critical illness or at imminent risk of becoming seriously or critically ill, immunodeficiency, and/or severe underlying condition contributory to testing using an expanded syndromic panel.</p>
<p style=""line-height: 121%; padding-left: 40px;"">Testing is billed according to 1 of the following:</p>
<p style=""line-height: 121%; padding-left: 80px;"">(a) Places of service (POS) 19, 21, 22, 23, OR</p>
<p style=""line-height: 121%; padding-left: 80px;"">(b) The test is ordered as follows (<strong>for healthcare POS other than those listed in (a)</strong>):</p>
<p style=""line-height: 121%; padding-left: 120px;"">(1) <strong>For immune-competent beneficiaries</strong>, the test must be ordered by an Infectious Disease Specialist or Pulmonologist who is diagnosing and treating the beneficiary.</p>
<p style=""line-height: 121%; padding-left: 120px;"">(2)<strong> For immune-compromised beneficiaries</strong>, the test must be ordered by a clinician specialist in 1 of the following: Infectious Diseases, Oncology, Transplant (for any panel), or Pulmonologist who is diagnosing and treating the beneficiary.</p>
<p style=""line-height: 121%; padding-left: 120px;"">(3) Regarding (1) and (2), An exception may be made in geographic locations where the specialist(s) cannot be reasonably reached by the beneficiary, and the ordering provider is located closer to the beneficiary&rsquo;s place of residence than the nearest specialist. We would generally expect that beneficiaries for whom the test is ordered under this exception to be living in rural locations, islands, or some other location where access to care is limited.</p>
<p style=""line-height: 121%; padding-left: 120px;"">(4) For testing in POS other than POS 19, 21, 22, or 23, to bill one of the Group 6 CPT codes, <strong>TWO </strong>ICD-10 codes are required-one from Group 6 and another from Group 1.</p>
<p>&nbsp;</p>",2026-07-28 13:17:14.577000
58720,90,7,"<p><strong>Expanded Gastrointestinal Panels:</strong></p>
<p><strong> </strong></p>
<p style=""line-height: 122%;"">Covered under limited circumstances. Per policy, these codes are covered in beneficiaries with serious or critical illness or at imminent risk of becoming seriously or critically ill, immunodeficiency, and/or severe underlying condition contributory to testing using an expanded syndromic panel.</p>
<ul>
<li>Places of service (POS) 19, 21, 22, 23, OR</li>
<li>The test is ordered as follows (<strong>for healthcare POS other than those listed in (a)</strong>):
<ul>
<li><strong>For immune-competent beneficiaries</strong>, the test must be ordered by an Infectious Disease Specialist or Gastroenterologist who is diagnosing and treating the beneficiary.</li>
<li><strong>For immune-compromised beneficiaries</strong>, the test must be ordered by a clinician specialist in 1 of the following: Infectious Diseases, Oncology, Transplant (for any panel), or Gastroenterologist who is diagnosing and treating the beneficiary.</li>
<li style=""line-height: 122%;""><span style=""line-height: 122%;""> </span><span style=""line-height: 122%;"">Regarding (1) and (2), An exception may be made in geographic locations where the specialist(s) cannot be reasonably reached by the beneficiary, and the ordering provider is located closer to the beneficiary&rsquo;s place of residence than the nearest specialist. We would generally expect that beneficiaries for whom the test is ordered under this exception to be living in rural locations, islands, or some other location where access to care is limited.</span></li>
<li style=""line-height: 122%;""><span style=""line-height: 122%;""> </span><span style=""line-height: 122%;"">For testing in POS other than POS 19, 21, 22, or 23, to bill one of the Group 7 CPT codes, <strong>TWO </strong>ICD-10 codes are required-one from Group 7 and another from Group 2.</span></li>
</ul>
</li>
</ul>",2026-07-28 13:17:14.603000
58720,90,8,"<p style=""line-height: normal;""><strong>Conditionally Non-covered CPT codes:</strong></p>
<p style=""line-height: normal;"">The following CPT codes are NOT covered for a given beneficiary on the same DOS when <strong>&gt;1</strong> is billed in combination with another CPT or PLA code from Groups 1-7 <em>for the same intended use.</em></p>
<p><span style=""line-height: 107%;"">Additionally, the following CPT codes are NOT covered for a given beneficiary on the same DOS when <strong>&gt;2</strong> are billed <em>for the same intended use.</em></span></p>",2026-07-28 13:17:14.613000
58720,90,9,"<p><strong>Zoonotic Infection Panels:</strong></p>
<p>This code is reimbursed under limited circumstances.&nbsp;</p>
<p><strong>Note also the additional diagnostic guidance provided by the Centers for Disease Control and Prevention (CDC): <a href=""https://www.cdc.gov/ticks/hcp/data-research/tickborne-disease-reference-guide/"" target=""_blank"" rel=""noopener"">https://www.cdc.gov/ticks/hcp/data-research/tickborne-disease-reference-guide/</a></strong></p>
<p>&nbsp;</p>",2026-07-28 13:17:14.843000
58720,90,10,"<p><strong>Joint Infection Panels:</strong></p>
<p>This code is reimbursed under limited circumstances.</p>",2026-07-28 13:17:14.853000
58720,90,11,"<p><p style=""text-align: justify; line-height: 98%;""><strong><span style=""line-height: 98%;"">Non-Urogenital/Anogenital Cutaneous/Mucocutaneous </span></strong><strong><span style=""line-height: 98%;"">Lesion Panels:</span></strong></p>
<p style=""text-align: justify; line-height: 98%;""><span style=""line-height: 98%;"">This code is reimbursed under limited circumstances.</span></p></p>",2026-07-28 13:17:14.860000
58720,90,12,"<p><p style=""line-height: 12.2pt;""><strong>Onychomycosis Panels:</strong></p>
<p style=""line-height: 90%;""><span style=""line-height: 90%;"">This code is only reimbursed for patients with a confirmed histopathologic diagnosis of an infiltrative/invasive fungal onychomycosis and whose culture (and antifungal susceptibility) of the nail is negative or cannot be performed.</span></p></p>",2026-07-28 13:17:14.870000
58731,16,1,,2025-03-06 18:09:52.470000
58731,16,2,<p>These codes are non-covered.</p>,2025-03-06 18:09:52.493000
58734,20,1,<p>Single genes and solid tumor panels.&#160;</p>,2026-07-30 19:18:01.980000
58734,20,2,<p>Hematologic neoplasm panels</p>,2026-07-30 19:18:02.043000
58734,20,3,<p>These code(s) are non-covered.</p>,2026-07-30 19:18:02.053000
58737,10,1,<p>The following CPT&reg;/HCPCS codes are noncovered:</p>,2023-11-15 12:45:38.973000
58741,18,1,"<p><strong>Note: </strong>Providers are reminded to refer to the long descriptors of the CPT codes in their CPT book.</p>
<p>&nbsp;</p>",2026-07-20 21:35:44.530000
58741,18,2,<p>These codes are non-covered.</p>,2026-07-20 21:35:44.530000
58745,21,1,"<p><span style=""line-height: 115%;"">N/A</span></p>",2026-07-14 22:42:59.547000
58745,21,2,"<p><p style=""line-height: 11.3pt;"">These codes are non-covered.&nbsp;</p></p>",2026-07-14 22:42:59.547000
58747,65,1,"<p><strong><span style=""line-height: 115%;"">Targeted Respiratory Panels:</span></strong></p>
<p><span style=""line-height: 115%;""> </span></p>
<p><span style=""line-height: 115%;"">These codes are covered under limited circumstances. </span></p>",2026-07-02 16:11:41.980000
58747,65,2,"<p><strong><span style=""line-height: 115%;"">Targeted Gastrointestinal</span></strong><strong><span style=""line-height: 115%;""> Panels:</span></strong></p>
<p><span style=""line-height: 115%;""> </span></p>
<p><span style=""line-height: 115%;"">This code is covered under limited circumstances. </span></p>",2026-07-02 16:11:41.997000
58747,65,3,"<p><strong><span style=""line-height: 115%;"">Meningoencephalitis</span></strong><strong><span style=""line-height: 115%;""> Panels:</span></strong></p>
<p><span style=""line-height: 115%;""> </span></p>
<p><span style=""line-height: 115%;"">This code is covered under limited circumstances. </span></p>",2026-07-02 16:11:42.007000
58747,65,4,"<p><strong><span style=""line-height: 115%;"">Bloodstream Infection</span></strong><strong><span style=""line-height: 115%;""> Panels:</span></strong></p>
<p><span style=""line-height: 115%;""> </span></p>
<p><span style=""line-height: 115%;"">This code is covered under limited circumstances. </span></p>",2026-07-02 16:11:42.013000
58747,65,5,"<p><strong><span style=""line-height: 115%;"">Urogenital/Anogenital</span></strong><strong><span style=""line-height: 115%;""> Panels:</span></strong></p>
<p><span style=""line-height: 115%;""> </span></p>
<p><span style=""line-height: 115%;"">These codes are covered under limited circumstances. </span></p>",2026-07-02 16:11:42.030000
58747,65,6,"<p><strong><span style=""line-height: 115%;"">Expanded Respiratory and Pneumonia Panels: </span></strong></p>
<p><strong><span style=""line-height: 115%;""> </span></strong></p>
<p><span style=""line-height: 115%;"">Covered under limited circumstances. Per policy, these codes are covered in beneficiaries with serious or critical illness or at imminent risk of becoming seriously or critically ill, immunodeficiency, and/or severe underlying condition contributory to testing using an expanded syndromic panel.&nbsp;</span></p>
<p style=""line-height: 121%; padding-left: 40px;"">Testing is billed according to 1 of the following:</p>
<p style=""line-height: 121%; padding-left: 80px;"">(a) Places of service (POS) 19, 21, 22, 23, OR</p>
<p style=""line-height: 121%; padding-left: 80px;"">(b) The test is ordered as follows (<strong>for healthcare POS other than those listed in (a)</strong>):</p>
<p style=""line-height: 121%; padding-left: 120px;"">(1) <strong>For immune-competent beneficiaries</strong>, the test must be ordered by an Infectious Disease Specialist or&nbsp;Pulmonologist who is diagnosing and treating the beneficiary.</p>
<p style=""line-height: 121%; padding-left: 120px;"">(2)<strong> For immune-compromised beneficiaries</strong>, the test must be ordered by a clinician specialist in 1 of the following: Infectious Diseases, Oncology, Transplant (for any panel), or Pulmonologist who is diagnosing and treating the beneficiary.</p>
<p style=""line-height: 121%; padding-left: 120px;"">(3) Regarding (1) and (2), An exception may be made in geographic locations where the specialist(s) cannot be reasonably reached by the beneficiary, and the ordering provider is located closer to the beneficiary&rsquo;s place of residence than the nearest specialist. We would generally expect that beneficiaries for whom the test is ordered under this exception to be living in rural locations, islands, or some other location where access to care is limited.</p>
<p style=""line-height: 121%; padding-left: 120px;"">(4) For testing in POS other than POS 19, 21, 22, or 23, to bill one of the Group 6 CPT codes,&nbsp;<strong>TWO</strong> ICD-10 codes are required-one from Group 6 and another from Group 1.</p>",2026-07-02 16:11:42.063000
58747,65,7,"<p><strong><span style=""line-height: 115%;"">Expanded Gastrointestinal Panels:</span></strong><span style=""line-height: 115%;""> </span></p>
<p><span style=""line-height: 115%;"">Covered under limited circumstances. Per policy, these codes are covered in beneficiaries with serious or critical illness or at imminent risk of becoming seriously or critically ill, immunodeficiency, and/or severe underlying condition contributory to testing using an expanded syndromic panel. </span></p>
<p><span style=""line-height: 115%;""> </span></p>
<p style=""line-height: 121%; padding-left: 40px;"">(a) Places of service (POS) 19, 21, 22, 23, OR</p>
<p style=""line-height: 121%; padding-left: 40px;"">(b) The test is ordered as follows (<strong>for healthcare POS other than those listed in (a)</strong>):</p>
<p style=""line-height: 121%; padding-left: 80px;"">(1) <strong>For immune-competent beneficiaries</strong>, the test must be ordered by an Infectious Disease Specialist or Gastroenterologist who is diagnosing and treating the beneficiary.</p>
<p style=""line-height: 121%; padding-left: 80px;"">(2)<strong> For immune-compromised beneficiaries</strong>, the test must be ordered by a clinician specialist in 1 of the following: Infectious Diseases, Oncology, Transplant (for any panel), or Gastroenterologist who is diagnosing and treating the beneficiary.</p>
<p style=""padding-left: 80px;""><span style=""line-height: 115%;"">(3) Regarding (1) and (2), An exception may be made in geographic locations where the specialist(s) cannot be reasonably reached by the beneficiary, and the ordering provider is located closer to the beneficiary&rsquo;s place of residence than the nearest specialist. We would generally expect that beneficiaries for whom the test is ordered under this exception to be living in rural locations, islands, or some other location where access to care is limited.</span></p>
<p style=""padding-left: 80px;""><span style=""line-height: 115%;"">(4) For testing in POS other than POS 19, 21, 22, or 23, to bill one of the Group 7 CPT codes,&nbsp;<strong>TWO&nbsp;</strong>ICD-10 codes are required-one from Group 7 and another from Group 2.</span></p>",2026-07-02 16:11:42.097000
58747,65,8,"<p><strong>Conditionally Non-covered CPT codes:</strong></p>
<p>The following CPT codes are NOT covered for a given beneficiary on the same DOS when <strong>&gt;1</strong> is billed in combination with another CPT or PLA code from Groups 1-7 <em>for the same intended use.</em></p>
<p>Additionally, the following CPT codes are NOT covered for a given beneficiary on the same DOS when <strong>&gt;2</strong> are billed <em>for the same intended use.</em></p>",2026-07-02 16:11:42.110000
58747,65,9,"<p><strong>Zoonotic Infection Panels:</strong></p>
<p>This code is reimbursed under limited circumstances.</p>
<p><strong>Note also the additional diagnostic guidance provided by the Centers for Disease Control and Prevention (CDC): <a href=""https://www.cdc.gov/ticks/hcp/data-research/tickborne-disease-reference-guide/"" target=""_blank"" rel=""noopener"">https://www.cdc.gov/ticks/hcp/data-research/tickborne-disease-reference-guide/</a></strong></p>",2026-07-02 16:11:42.397000
58747,65,10,"<p><strong>Joint Infection Panels</strong>:</p>
<p>This code is reimbursed under limited circumstances.</p>",2026-07-02 16:11:42.407000
58747,65,11,"<p><p style=""text-align: justify; line-height: 98%;""><strong><span style=""line-height: 98%;"">Non-Urogenital/Anogenital Cutaneous/Mucocutaneous </span></strong><strong><span style=""line-height: 98%;"">Lesion Panels:</span></strong></p>
<p style=""text-align: justify; line-height: 98%;""><span style=""line-height: 98%;"">This code is reimbursed under limited circumstances.</span></p></p>",2026-07-02 16:11:42.417000
58747,65,12,"<p><p style=""line-height: 12.2pt;""><strong>Onychomycosis Panels:</strong></p>
<p style=""line-height: 90%;""><span style=""line-height: 90%;"">This code is only reimbursed for patients with a confirmed histopathologic diagnosis of an infiltrative/invasive fungal onychomycosis and whose culture (and antifungal susceptibility) of the nail is negative or cannot be performed.</span></p></p>",2026-07-02 16:11:42.430000
58756,26,1,<p>Single genes and solid tumor panels</p>,2026-07-31 11:47:33.090000
58756,26,2,<p>Hematologic neoplasm panels</p>,2026-07-31 11:47:33.177000
58756,26,3,<p>These code(s) are non-covered.</p>,2026-07-31 11:47:33.187000
58759,13,1,"<p>The following tests may be billed in the post-biopsy setting (after a negative or non-malignant biopsy, as defined in the policy) for individuals contemplating a repeat biopsy:</p>
<ul>
<li>Progensa PCA3 assay (CPT 81313), performed on post-digital rectal exam (DRE) urine specimens</li>
<li>ConfirmMDx assay (CPT 81551), performed on formalin-fixed, paraffin embedded (FFPE) tissue specimens</li>
<li>MyProstate Score 2.0 (MPS 2.0) (PLA 0403U), performed on first catch urine specimens</li>
<li>ExoDX Prostate assay (PLA 0005U), performed on non-DRE urine specimens</li>
</ul>",2026-06-17 16:58:55.287000
58759,13,2,"<p>The following test may be billed in the pre biopsy setting as defined in the policy:</p>
<ul>
<li>SelectMDx assay (PLA 0339U), performed on post-digital rectal exam (DRE) urine specimens</li>
<li>MyProstate Score 2.0 (MPS 2.0) (PLA 0403U), performed on first catch urine specimens</li>
<li>ExoDX Prostate assay (PLA 0005U), performed on non-DRE urine specimens</li>
</ul>",2026-06-17 16:58:55.313000
58761,70,1,<p><strong>Targeted Respiratory Panels:</strong><br />These codes are covered under limited circumstances.</p>,2026-07-31 11:33:26.700000
58761,70,2,<p><strong>Targeted Gastrointestinal Panels:</strong><br />This code is covered under limited circumstances.</p>,2026-07-31 11:33:26.750000
58761,70,3,<p><strong>Meningoencephalitis Panels:</strong><br />This code is covered under limited circumstances.</p>,2026-07-31 11:33:26.763000
58761,70,4,<p><strong>Bloodstream Infection Panels:</strong><br />These codes are covered under limited circumstances.</p>,2026-07-31 11:33:26.773000
58761,70,5,<p><strong>Urogenital/Anogenital Panels:</strong><br />These codes are covered under limited circumstances.</p>,2026-07-31 11:33:26.793000
58761,70,6,"<p><strong>Expanded Respiratory and Pneumonia Panels:</strong></p>
<p>Covered under limited circumstances. Per policy, these codes are covered in beneficiaries with serious or critical illness or at imminent risk of becoming seriously or critically ill, immunodeficiency, and/or severe underlying condition contributory to testing using an expanded syndromic panel.</p>
<p style=""padding-left: 40px;"">Testing is billed according to 1 of the following:</p>
<p style=""padding-left: 80px;"">(a) Places of service (POS) 19, 21, 22, 23 OR<br />(b) The test is ordered as follows <strong>(for healthcare POS other than those listed in (a))</strong>:</p>
<p style=""padding-left: 120px;"">(1) <strong>For immune-competent beneficiaries</strong>, the test must be ordered by an Infectious Disease Specialist or Pulmonologist who is diagnosing and treating the beneficiary. <br />(2) <strong>For immune-compromised beneficiaries</strong>, the test must be ordered by a clinician specialist in 1 of the following: Infectious Diseases,&#160; Oncology, Transplant (for any panel), or Pulmonologist who is diagnosing and treating the beneficiary. <br />(3) Regarding (1) and (2), An exception may be made in geographic locations where the specialist(s) cannot be reasonably reached by the beneficiary, and the ordering provider is located closer to the beneficiary&#8217;s place of residence than the nearest specialist. We would generally expect that beneficiaries for whom the test is ordered under this exception to be living in rural locations, islands, or some other&#160; location where access to care is limited.<br />(4) For testing in POS other than POS 19, 21, 22, or 23, to bill one of the Group 6 CPT codes, <strong>TWO</strong> ICD-10 codes are required-one from Group 6 and another from Group 1.</p>",2026-07-31 11:33:26.840000
58761,70,7,"<p><strong>Expanded Gastrointestinal Panels:</strong></p>
<p>Covered under limited circumstances. Per policy, these codes are covered in beneficiaries with serious or critical illness or at imminent risk of becoming seriously or critically ill, immunodeficiency, and/or severe underlying condition contributory to testing using an expanded syndromic panel.</p>
<p style=""padding-left: 40px;"">Testing is billed according to 1 of the following:</p>
<p style=""padding-left: 80px;"">(a) Places of service (POS) 19, 21, 22, 23 OR<br />(b) The test is ordered as follows <strong>(for healthcare POS other than those listed in (a))</strong>:</p>
<p style=""padding-left: 120px;"">(1)<strong> For immune-competent beneficiaries</strong>, the test must be ordered by an Infectious Disease Specialist or Gastroenterologist who is diagnosing and treating the beneficiary. <br />(2) <strong>For immune-compromised beneficiaries</strong>, the test must be ordered by a clinician specialist in 1 of the following: Infectious Diseases,&#160; Oncology, Transplant (for any panel), or Gastroenterologist who is diagnosing and treating the beneficiary. <br />(3) Regarding (1) and (2), An exception may be made in geographic locations where the specialist(s) cannot be reasonably reached by the beneficiary, and the ordering provider is located closer to the beneficiary&#8217;s place of residence than the nearest specialist. We would generally expect that beneficiaries for whom the test is ordered under this exception to be living in rural locations, islands, or some other&#160; location where access to care is limited.<br />(4) For testing in POS other than POS 19, 21, 22, or 23, to bill one of the Group 7 CPT codes, <strong>TWO</strong> ICD-10 codes are required-one from Group 7 and another from Group 2.</p>",2026-07-31 11:33:26.917000
58761,70,8,"<p><strong>Conditionally Non-covered CPT codes:</strong><br />The following CPT codes are NOT covered for a given beneficiary on the same DOS when &gt;<strong>1</strong> is billed in combination with another CPT or PLA code from Groups 1-7 <em>for the same intended use</em>.</p>
<p>Additionally, the following CPT codes are NOT covered for a given beneficiary on the same DOS when &gt;<strong>2</strong> are billed <em>for the same intended use</em>.</p>",2026-07-31 11:33:26.930000
58761,70,9,"<p><strong>Zoonotic Infection Panels:</strong><br />These codes are reimbursed under limited circumstances.</p>
<p><strong>Note also the additional diagnostic guidance provided by the Centers for Disease Control and Prevention (CDC): </strong><a href=""https://www.cdc.gov/ticks/hcp/data-research/tickborne-disease-reference-guide/"" target=""_blank"" rel=""noopener"">https://www.cdc.gov/ticks/hcp/data-research/tickborne-disease-reference-guide/</a></p>",2026-07-31 11:33:27.360000
58761,70,10,<p><strong>Joint Infection Panels:</strong><br />These codes are reimbursed under limited circumstances.</p>,2026-07-31 11:33:27.373000
58761,70,11,<p><strong>Non-Urogenital/Anogential Cutaneous/Mucocutaneous Lesions Panels:</strong><br />These codes are reimbursed under limited circumstances.</p>,2026-07-31 11:33:27.387000
58761,70,12,<p><strong>Onychomycosis Panels:</strong><br />This code is only reimbursed for patients with a confirmed histopathologic diagnosis of an infiltrative/invasive fungal onychomycosis and whose culture (and antifungal susceptibility) of the nail is negative or cannot be performed.</p>,2026-07-31 11:33:27.400000
58774,24,1,<p>Reconstructive Breast Surgery: Removal of Breast Implants</p>,2026-06-18 15:37:43.217000
58774,24,2,<p>Reduction Mammaplasty</p>,2026-06-18 15:37:43.833000
58774,24,3,<p>Mastectomy for Gynecomastia</p>,2026-06-18 15:37:44.130000
58774,24,4,<p>Tattooing</p>,2026-06-18 15:37:44.443000
58774,24,5,<p>Punch graft</p>,2026-06-18 15:37:44.947000
58774,24,6,<p>Rhinoplasty/Nasal Reconstructive Surgery</p>,2026-06-18 15:37:45.013000
58774,24,7,<p>Dermabrasion</p>,2026-06-18 15:37:46.760000
58774,24,8,<p>Chemical Peel</p>,2026-06-18 15:37:46.773000
58774,24,9,"<p>Abdominal Lipectomy/Panniculectomy</p>
<p>CPT code 15847 is an add-code and that can only be used in conjunction with CPT code 15830.</p>",2026-06-18 15:37:48.100000
58774,24,10,<p>Dermal Filler and Injection</p>,2026-06-18 15:37:48.507000
58774,24,11,<p><strong>The following CPT codes/procedures are generally considered cosmetic and may be medically reviewed or denied as non covered. </strong></p>,2026-06-18 15:37:49.137000
58774,24,12,<p><strong>The following CPT codes/procedures are considered cosmetic and will be denied as non-covered. </strong></p>,2026-06-18 15:37:49.477000
58777,11,1,,2023-11-20 16:38:02.890000
58777,11,2,<p>These codes are non-covered.</p>,2023-11-20 16:38:02.910000
58788,18,1,<p>The following CPT&#174;/HCPCS codes are noncovered when used to report PRP injections for non-wound indications:</p>,2026-07-23 11:37:16.317000
58795,15,1,"<p><strong>Note:</strong> Providers are reminded to refer to the long descriptors of the CPT codes in their CPT book.</p>
<p>Consistent with the LCD, the following CPT codes are non-covered.</p>",2025-01-24 17:57:05.330000
58797,15,1,"<p><strong>Note:</strong> Providers are reminded to refer to the long descriptors of the CPT codes in their CPT book.</p>
<p>Consistent with the LCD, the following CPT codes are non-covered.</p>",2025-01-24 17:58:11.487000
58801,85,1,"<p><br /><strong>CFTR Gene Analysis</strong></p>
<p><strong><span style=""line-height: 115%;"">Note: </span></strong><span style=""line-height: 115%;"">Providers are reminded to refer to the long descriptors of the CPT codes in their CPT book.<strong> </strong></span></p>",2026-07-10 13:49:04.410000
58801,85,2,"<p><br /><strong>CYP2C19 Gene Analysis </strong></p>
<p><strong>Note:</strong> Providers are reminded to refer to the long descriptors of the CPT codes in their CPT book.</p>",2026-07-10 13:49:04.417000
58801,85,3,"<p><br /><strong>CYP2D6 Gene Analysis and Additional Testing for Conclusive Genotyping</strong></p>
<p><strong>Note:</strong> Providers are reminded to refer to the long descriptors of the CPT codes in their CPT book.</p>",2026-07-10 13:49:04.430000
58801,85,4,"<p><br /><strong>CYP2D6 Gene Analysis including Pharmacogenomic Testing for Psychiatric Medication Management</strong></p>
<p><strong>Note: </strong>Providers are reminded to refer to the long descriptors of the CPT codes in their CPT book.</p>",2026-07-10 13:49:04.463000
58801,85,5,"<p><br /><strong>CYP2C9 Gene Analysis</strong></p>
<p><strong>Note:</strong> Providers are reminded to refer to the long descriptors of the CPT codes in their CPT book.</p>",2026-07-10 13:49:04.483000
58801,85,6,"<p><br /><strong>CYP3A5 Gene Analysis</strong></p>
<p><strong>Note:</strong> Providers are reminded to refer to the long descriptors of the CPT codes in their CPT book.</p>",2026-07-10 13:49:04.493000
58801,85,7,"<p><br /><strong>DPYD Gene Analysis</strong></p>
<p><strong>Note:</strong> Providers are reminded to refer to the long descriptors of the CPT codes in their CPT book.</p>",2026-07-10 13:49:04.507000
58801,85,8,"<p><br /><strong>G6PD Gene Analysis</strong></p>
<p><strong>Note:</strong> Providers are reminded to refer to the long descriptors of the CPT codes in their CPT book.</p>",2026-07-10 13:49:04.517000
58801,85,9,"<p><br /><strong>IFNL3 Gene Analysis</strong></p>
<p><strong>Note: </strong>Providers are reminded to refer to the long descriptors of the CPT codes in their CPT book.</p>",2026-07-10 13:49:04.527000
58801,85,10,"<p><br /><strong>NUDT15 and/or TPMT Gene Analysis</strong></p>
<p><strong>Note: </strong>Providers are reminded to refer to the long descriptors of the CPT codes in their CPT book.</p>",2026-07-10 13:49:04.533000
58801,85,11,"<p><br /><strong>SLCO1B1 Gene Analysis</strong></p>
<p><strong>Note:</strong> Providers are reminded to refer to the long descriptors of the CPT codes in their CPT book.</p>",2026-07-10 13:49:04.550000
58801,85,12,"<p><br /><strong>UGT1A1 Gene Analysis</strong></p>
<p><strong>Note: </strong>Providers are reminded to refer to the long descriptors of the CPT codes in their CPT book.</p>",2026-07-10 13:49:04.560000
58801,85,13,"<p><br /><strong>HLA Class I Typing</strong></p>
<p><strong>Note: </strong>Providers are reminded to refer to the long descriptors of the CPT codes in their CPT book.</p>",2026-07-10 13:49:04.570000
58801,85,14,"<p><br /><strong>HLA Class II Typing</strong></p>
<p><strong>Note: </strong>Providers are reminded to refer to the long descriptors of the CPT codes in their CPT book.</p>",2026-07-10 13:49:04.583000
58801,85,15,"<p><br /><strong>SNP Identification (2-10)</strong></p>
<p><strong>Note: </strong>Providers are reminded to refer to the long descriptors of the CPT codes in their CPT book.</p>",2026-07-10 13:49:04.597000
58801,85,16,"<p><br /><strong>Exon DNA Sequence Analysis, Exon Mutation Scanning or Duplication/Deletion Analysis, Cytogenomic Array Analysis, and/or Specific Full Gene Sequencing</strong></p>
<p><strong>Note:</strong> Providers are reminded to refer to the long descriptors of the CPT codes in their CPT book.</p>",2026-07-10 13:49:04.607000
58801,85,17,"<p><br /><strong>CYP2B6 Testing</strong></p>
<p>Report code 81479 and gene test CYP2B6 in the claim narrative/remarks.</p>
<p><strong>Note: </strong>Providers are reminded to refer to the long descriptors of the CPT codes in their CPT book.</p>",2026-07-10 13:49:04.613000
58801,85,18,"<p><br /><strong>CYP4F2 Testing</strong></p>
<p>Report code 81479 and gene test CYP4F2 in the claim narrative/remarks.</p>
<p><strong>Note: </strong>Providers are reminded to refer to the long descriptors of the CPT codes in their CPT book.</p>",2026-07-10 13:49:04.627000
58801,85,19,"<p><br /><strong>CACNA1S Testing</strong></p>
<p>Report code 81479 and gene test CACNA1S in the claim narrative/remarks.</p>
<p><strong>Note: </strong>Providers are reminded to refer to the long descriptors of the CPT codes in their CPT book.</p>",2026-07-10 13:49:04.637000
58801,85,20,"<p><br /><strong>BCHE Testing</strong></p>
<p>Report code 81479 and gene test BCHE in the claim narrative/remarks.</p>
<p><strong>Note: </strong>Providers are reminded to refer to the long descriptors of the CPT codes in their CPT book.</p>",2026-07-10 13:49:04.647000
58801,85,21,"<p><br /><strong>IFNL4 Testing</strong></p>
<p>Report code 81479 and gene test IFNL4 in the claim narrative/remarks.</p>
<p><strong>Note: </strong>Providers are reminded to refer to the long descriptors of the CPT codes in their CPT book.</p>",2026-07-10 13:49:04.653000
58801,85,22,"<p><br /><strong>NAT2 Testing</strong></p>
<p>Report code 81479 and gene test NAT2 in the claim narrative/remarks.</p>
<p><strong>Note: </strong>Providers are reminded to refer to the long descriptors of the CPT codes in their CPT book.</p>",2026-07-10 13:49:04.663000
58801,85,23,"<p><br /><strong>Nonspecific (NAT) Testing</strong></p>
<p>Report code 81479 and gene test Nonspecific (NAT) in the claim narrative/remarks.</p>
<p><strong>Note:</strong> Providers are reminded to refer to the long descriptors of the CPT codes in their CPT book.</p>",2026-07-10 13:49:04.673000
58801,85,24,"<p><br /><strong>Junior (JR) Blood Group Antigen Testing</strong></p>
<p><strong>Note: </strong>Providers are reminded to refer to the long descriptors of the CPT codes in their CPT book.</p>",2026-07-10 13:49:04.680000
58801,85,25,"<p><br /><strong>Non-Covered</strong></p>
<p>Consistent with the LCD, CPT codes in Group 25 are Non-Covered for Pharmacogenomic Testing.</p>
<p><strong>Note: </strong>Providers are reminded to refer to the long descriptors of the CPT codes in their CPT book.</p>",2026-07-10 13:49:04.690000
58808,12,1,"<p><strong>Note:</strong> Providers are reminded to refer to the long descriptors of the CPT codes in their CPT book.</p>
<p>The following CPT/HCPCS codes are noncovered:</p>",2023-07-14 11:34:24.367000
58810,11,1,"<p><strong>Note:</strong> Providers are reminded to refer to the long descriptors of the CPT codes in their CPT book.</p>
<p>The following CPT/HCPCS codes are noncovered:</p>",2023-07-14 11:34:57.560000
58812,81,1,"<p><br /><strong>CFTR Gene Analysis</strong></p>
<p><strong><span style=""line-height: 115%;"">Note: </span></strong><span style=""line-height: 115%;"">Providers are reminded to refer to the long descriptors of the CPT codes in their CPT book.<strong> </strong></span></p>",2026-07-10 13:49:41.163000
58812,81,2,"<p><br /><strong>CYP2C19 Gene Analysis </strong></p>
<p><strong>Note:</strong> Providers are reminded to refer to the long descriptors of the CPT codes in their CPT book.</p>",2026-07-10 13:49:41.170000
58812,81,3,"<p><br /><strong>CYP2D6 Gene Analysis and Additional Testing for Conclusive Genotyping</strong></p>
<p><strong>Note:</strong> Providers are reminded to refer to the long descriptors of the CPT codes in their CPT book.</p>",2026-07-10 13:49:41.187000
58812,81,4,"<p><br /><strong>CYP2D6 Gene Analysis including Pharmacogenomic Testing for Psychiatric Medication Management</strong></p>
<p><strong>Note: </strong>Providers are reminded to refer to the long descriptors of the CPT codes in their CPT book.</p>",2026-07-10 13:49:41.230000
58812,81,5,"<p><br /><strong>CYP2C9 Gene Analysis</strong></p>
<p><strong>Note:</strong> Providers are reminded to refer to the long descriptors of the CPT codes in their CPT book.</p>",2026-07-10 13:49:41.247000
58812,81,6,"<p><br /><strong>CYP3A5 Gene Analysis</strong></p>
<p><strong>Note:</strong> Providers are reminded to refer to the long descriptors of the CPT codes in their CPT book.</p>",2026-07-10 13:49:41.273000
58812,81,7,"<p><br /><strong>DPYD Gene Analysis</strong></p>
<p><strong>Note:</strong> Providers are reminded to refer to the long descriptors of the CPT codes in their CPT book.</p>",2026-07-10 13:49:41.283000
58812,81,8,"<p><br /><strong>G6PD Gene Analysis</strong></p>
<p><strong>Note:</strong> Providers are reminded to refer to the long descriptors of the CPT codes in their CPT book.</p>",2026-07-10 13:49:41.293000
58812,81,9,"<p><br /><strong>IFNL3 Gene Analysis</strong></p>
<p><strong>Note: </strong>Providers are reminded to refer to the long descriptors of the CPT codes in their CPT book.</p>",2026-07-10 13:49:41.303000
58812,81,10,"<p><br /><strong>NUDT15 and/or TPMT Gene Analysis</strong></p>
<p><strong>Note: </strong>Providers are reminded to refer to the long descriptors of the CPT codes in their CPT book.</p>",2026-07-10 13:49:41.310000
58812,81,11,"<p><br /><strong>SLCO1B1 Gene Analysis</strong></p>
<p><strong>Note:</strong> Providers are reminded to refer to the long descriptors of the CPT codes in their CPT book.</p>",2026-07-10 13:49:41.323000
58812,81,12,"<p><br /><strong>UGT1A1 Gene Analysis</strong></p>
<p><strong>Note: </strong>Providers are reminded to refer to the long descriptors of the CPT codes in their CPT book.</p>",2026-07-10 13:49:41.333000
58812,81,13,"<p><br /><strong>HLA Class I Typing</strong></p>
<p><strong>Note: </strong>Providers are reminded to refer to the long descriptors of the CPT codes in their CPT book.</p>",2026-07-10 13:49:41.343000
58812,81,14,"<p><br /><strong>HLA Class II Typing</strong></p>
<p><strong>Note: </strong>Providers are reminded to refer to the long descriptors of the CPT codes in their CPT book.</p>",2026-07-10 13:49:41.357000
58812,81,15,"<p><br /><strong>SNP Identification (2-10)</strong></p>
<p><strong>Note: </strong>Providers are reminded to refer to the long descriptors of the CPT codes in their CPT book.</p>",2026-07-10 13:49:41.367000
58812,81,16,"<p><br /><strong>Exon DNA Sequence Analysis, Exon Mutation Scanning or Duplication/Deletion Analysis, Cytogenomic Array Analysis, and/or Specific Full Gene Sequencing</strong></p>
<p><strong>Note:</strong> Providers are reminded to refer to the long descriptors of the CPT codes in their CPT book.</p>",2026-07-10 13:49:41.373000
58812,81,17,"<p><br /><strong>CYP2B6 Testing</strong></p>
<p>Report code 81479 and gene test CYP2B6 in the claim narrative/remarks.</p>
<p><strong>Note: </strong>Providers are reminded to refer to the long descriptors of the CPT codes in their CPT book.</p>",2026-07-10 13:49:41.380000
58812,81,18,"<p><br /><strong>CYP4F2 Testing</strong></p>
<p>Report code 81479 and gene test CYP4F2 in the claim narrative/remarks.</p>
<p><strong>Note: </strong>Providers are reminded to refer to the long descriptors of the CPT codes in their CPT book.</p>",2026-07-10 13:49:41.390000
58812,81,19,"<p><br /><strong>CACNA1S Testing</strong></p>
<p>Report code 81479 and gene test CACNA1S in the claim narrative/remarks.</p>
<p><strong>Note: </strong>Providers are reminded to refer to the long descriptors of the CPT codes in their CPT book.</p>",2026-07-10 13:49:41.400000
58812,81,20,"<p><br /><strong>BCHE Testing</strong></p>
<p>Report code 81479 and gene test BCHE in the claim narrative/remarks.</p>
<p><strong>Note: </strong>Providers are reminded to refer to the long descriptors of the CPT codes in their CPT book.</p>",2026-07-10 13:49:41.410000
58812,81,21,"<p><br /><strong>IFNL4 Testing</strong></p>
<p>Report code 81479 and gene test IFNL4 in the claim narrative/remarks.</p>
<p><strong>Note: </strong>Providers are reminded to refer to the long descriptors of the CPT codes in their CPT book.</p>",2026-07-10 13:49:41.417000
58812,81,22,"<p><br /><strong>NAT2 Testing</strong></p>
<p>Report code 81479 and gene test NAT2 in the claim narrative/remarks.</p>
<p><strong>Note: </strong>Providers are reminded to refer to the long descriptors of the CPT codes in their CPT book.</p>",2026-07-10 13:49:41.430000
58812,81,23,"<p><br /><strong>Nonspecific (NAT) Testing</strong></p>
<p>Report code 81479 and gene test Nonspecific (NAT) in the claim narrative/remarks.</p>
<p><strong>Note:</strong> Providers are reminded to refer to the long descriptors of the CPT codes in their CPT book.</p>",2026-07-10 13:49:41.440000
58812,81,24,"<p><br /><strong>Junior (JR) Blood Group Antigen Testing</strong></p>
<p><strong>Note: </strong>Providers are reminded to refer to the long descriptors of the CPT codes in their CPT book.</p>",2026-07-10 13:49:41.447000
58812,81,25,"<p><br /><strong>Non-Covered</strong></p>
<p>Consistent with the LCD, CPT codes in Group 25 are Non-Covered for Pharmacogenomic Testing.</p>
<p><strong>Note: </strong>Providers are reminded to refer to the long descriptors of the CPT codes in their CPT book.</p>",2026-07-10 13:49:41.453000
58814,12,1,<p>N/A</p>,2026-07-14 22:43:01.090000
58817,6,1,,2023-11-07 16:43:54.233000
58821,7,1,"<p><span style=""background: white;"">The following CPT<sup>&reg;</sup> codes associated with CRT services may have diagnosis code limitations based on the related LCD</span></p>",2022-03-09 15:36:34.310000
58828,15,1,,2026-03-13 13:22:31.900000
58833,17,1,,2023-11-01 18:00:24.830000
58836,20,1,<p>N/A</p>,2023-05-11 16:14:08.607000
58865,24,1,"<p>All amniotic and placental-derived products injected and/or applied for musculoskeletal indications, non-wound are considered NON-Covered, including but not limited to the codes listed below.</p>
<p>&nbsp;</p>",2025-10-14 13:00:34.230000
58872,6,1,<p><strong>Note:</strong> Providers are reminded to refer to the long descriptors of the CPT codes in their CPT book.</p>,2025-09-26 14:02:42.320000
58873,7,1,<p><strong>Note:</strong> Providers are reminded to refer to the long descriptors of the CPT codes in their CPT book.</p>,2025-09-26 14:13:24.843000
58876,12,1,"<p><span style=""line-height: 115%;"">The Axial/Truncal Veins refer to the superficial venous system which includes the GSV, AASV, SSV, and tributaries draining into those superficial veins.</span></p>
<p><strong><span style=""line-height: 115%;"">Note: </span></strong><span style=""line-height: 115%;"">Providers are reminded to refer to the long descriptors of the CPT<sup>&#174;</sup> codes in their CPT<sup>&#174;</sup> book.</span></p>",2026-01-27 16:23:15.727000
58876,12,2,"<p><strong><span style=""line-height: 115%;"">Note:</span></strong><span style=""line-height: 115%;""> Providers are reminded to refer to the long descriptors of the CPT<sup>&reg;</sup> codes in their CPT<sup>&reg;</sup> book.</span></p>",2026-01-27 16:23:15.780000
58883,6,1,"<p><strong><span style=""line-height: 115%;"">Note: </span></strong><span style=""line-height: 115%;"">Unless otherwise listed below, all other amniotic and placental-derived products injected and/or applied for musculoskeletal indications, non-wound are considered NON-Covered.</span></p>",2023-03-08 14:23:30.530000
58893,19,1,"<p>All amniotic and placental-derived products injected and/or applied for musculoskeletal indications, non-wound are considered NON-Covered, including but not limited to the codes listed below.</p>
<p>&nbsp;</p>",2026-07-14 22:42:58.320000
58917,101,1,"<p><br /><strong>Multiple Gene Testing, NGS Testing, GSPs, MAAAs, and PLAs</strong></p>
<p><strong>Note: </strong>Providers are reminded to refer to the long descriptors of the CPT codes in their CPT book.</p>
<p>&#160;</p>",2026-07-10 13:50:32.473000
58918,90,1,"<p><br /><strong>Multiple Gene Testing, NGS Testing, GSPs, MAAAs, and PLAs</strong></p>
<p><strong>Note: </strong>Providers are reminded to refer to the long descriptors of the CPT codes in their CPT book.</p>",2026-07-10 13:51:16.183000
58921,11,1,,2026-07-14 22:43:00.760000
58963,11,1,,2026-07-14 22:43:00.897000
58963,11,2,"<p style=""line-height: normal;""><span style=""text-decoration: underline;""><strong>Highly Multiplexed GPPs- Group 2 Codes</strong></span></p>
<p style=""line-height: normal;"">Must be billed in POS 20, 21, 22, 23, or 81 (Urgent Care, Inpatient Hospital, Outpatient Hospital (observation), or Emergency Room), or in POS 81 (Independent Laboratory) in the case of a pre-transplant evaluation for an immune-compromised beneficiary.</p>
<p style=""line-height: normal;"">Outside of one of these POS, a clinician specialist in one of the following: Infectious Diseases (44), Gastroenterology (10), Oncology (83,90,91), or Transplant&nbsp;must either order the test or communicate with the treating and ordering physician as to appropriate test and interpretation.</p>
<p>The specialist communication must be documented in the medical record.</p>
<p><span style=""line-height: 107%;"">CPT code 0097U was deleted. effective for services rendered on or after 4/1/2022.</span></p>",2026-07-14 22:43:00.897000
58973,27,1,<p>N/A</p>,2026-01-26 13:24:19.857000
58973,27,2,<p>These code(s) are non-covered.</p>,2026-01-26 13:24:19.857000
58982,19,1,"<p><strong><span style=""line-height: 115%;"">For anemia in patients with ESRD (dialysis requiring)</span></strong></p>",2025-04-10 12:56:51.250000
58982,19,2,"<p><strong><span style=""line-height: 115%;"">For anemia in patients with CKD (non-dialysis requiring)</span></strong></p>",2025-04-10 12:56:51.270000
58982,19,3,"<p><strong><span style=""line-height: 115%;"">For anemia in patients with antineoplastic chemotherapy-induced anemia </span></strong></p>",2025-04-10 12:56:51.290000
58982,19,4,"<p><strong><span style=""line-height: 115%;"">For anemia in patients on Zidovudine for HIV disease</span></strong></p>",2025-04-10 12:56:51.303000
58982,19,5,"<p><strong><span style=""line-height: 115%;"">For symptomatic anemia associated with MDS</span></strong></p>",2025-04-10 12:56:51.317000
58982,19,6,"<p><strong><span style=""line-height: 115%;"">For prophylactic allogeneic transfusion reduction intent in presurgical anemia</span></strong></p>",2025-04-10 12:56:51.350000
58982,19,7,"<p><strong><span style=""line-height: 115%;"">Non-Covered CPT/HCPCS Codes</span></strong></p>",2025-04-10 12:56:51.370000
58988,24,1,"<p><span style=""line-height: 115%;"">This group covers NGS-based MRD tests not otherwise allocated into a separate Group below. Note: if a test is allocated into a separate Group, refer to the billing and coding instructions for the relevant Group. </span><span style=""background: white; line-height: 115%;"">If no relevant CPT<sup>&reg;</sup> code exist for the test submitted, you may bill with the NOC code 81479.</span></p>",2025-04-15 11:39:43.203000
58988,24,2,"<p><strong><span style=""line-height: 115%;"">CLONOSEQ<sup>&reg; </sup></span></strong></p>
<p><span style=""line-height: 115%;"">Use CPT<sup>&reg; </sup>81479 for claims on or after 3/16/2018</span></p>
<p><span style=""line-height: 115%;"">Use PLA 0364U to describe the service for patients with a personal history of cancer. This code has been approved for patients with a history of Mantle Cell Lymphoma.</span></p>",2025-04-15 11:39:43.337000
58988,24,3,"<p><strong>Single-gene and panel testing by PCR</strong></p>
<ul>
<li><span style=""line-height: 115%;"">Regarding single-gene and panel testing of genes &ndash; </span><span style=""line-height: 115%;"">Refer to Billing and Coding: MolDX: Molecular Diagnostic Tests (MDT) A56853 and Billing and Coding: MolDX: Testing of Multiple Genes A57503</span></li>
<li><span style=""line-height: 115%;"">Regarding BCR-ABL1 testing &ndash; </span><span style=""line-height: 115%;"">Refer to Billing and Coding: MolDX: BCR-ABL A53531 for BCR-ABL1 testing</span></li>
</ul>",2025-04-15 11:39:43.347000
58988,24,4,"<p><strong><span style=""line-height: 115%;"">Immunoglobulin and T cell receptor gene rearrangement analysis</span></strong></p>",2025-04-15 11:39:43.383000
58993,16,1,,2025-09-04 18:56:44.260000
58993,16,2,<p>These codes are non-covered.</p>,2025-09-04 18:56:44.277000
58996,31,1,"<p><span style=""line-height: 115%;"">This group covers NGS-based MRD tests not otherwise allocated into a separate Group below. Note: if a test is allocated into a separate Group, refer to the billing and coding instructions for the relevant Group. </span><span style=""background: white; line-height: 115%;"">If no relevant CPT<sup>&reg;</sup> code exist for the test submitted, you may bill with the NOC code 81479.</span></p>",2026-01-26 13:24:18.370000
58996,31,2,"<p><strong><span style=""line-height: 115%;"">CLONOSEQ<sup>&reg; </sup></span></strong></p>
<p><span style=""line-height: 115%;"">Use CPT<sup>&reg; </sup>81479 for claims on or after 3/16/2018</span></p>
<p>Use PLA 0364U to describe the service for patients with a personal history of cancer. This code has been approved for patients with a history of Mantle Cell Lymphoma.</p>",2026-01-26 13:24:18.370000
58996,31,3,"<p><strong>Single-gene and panel testing by PCR</strong></p>
<ul>
<li><span style=""line-height: 115%;"">Regarding single-gene and panel testing of genes &ndash; </span><span style=""line-height: 115%;"">Refer to Billing and Coding: MolDX: Molecular Diagnostic Tests (MDT) A57526 and Billing and Coding: MolDX: Testing of Multiple Genes A58120&nbsp;</span></li>
<li><span style=""line-height: 115%;"">Regarding BCR-ABL1 testing &ndash; </span><span style=""line-height: 115%;"">Refer to Billing and Coding: MolDX: BCR-ABL A55595 for BCR-ABL1 testing</span></li>
</ul>",2026-01-26 13:24:18.370000
58996,31,4,"<p><strong><span style=""line-height: 115%;"">Immunoglobulin and T cell receptor gene rearrangement analysis</span></strong></p>",2026-01-26 13:24:18.370000
58998,19,1,"<p><span style=""line-height: 115%;"">This group covers NGS-based MRD tests not otherwise allocated into a separate Group below. Note: if a test is allocated into a separate Group, refer to the billing and coding instructions for the relevant Group. </span><span style=""background: white; line-height: 115%;"">If no relevant CPT<sup>&reg;</sup> code exist for the test submitted, you may bill with the NOC code 81479.</span></p>",2025-04-14 12:10:35.877000
58998,19,2,"<p><strong><span style=""line-height: 115%;"">CLONOSEQ<sup>&reg; </sup></span></strong></p>
<p><span style=""line-height: 115%;"">Use CPT<sup>&reg; </sup>81479 for claims on or after 3/16/2018.</span></p>
<p><span style=""line-height: 115%;"">Use PLA 0364U to describe the service for patients with a personal history of cancer. This code has been approved for patients with a history of Mantle Cell Lymphoma.</span></p>",2025-04-14 12:10:35.900000
58998,19,3,"<p><strong>Single-gene and panel testing by PCR</strong></p>
<ul>
<li><span style=""line-height: 115%;"">Regarding single-gene and panel testing of genes &ndash; </span><span style=""line-height: 115%;"">Refer to Billing and Coding: MolDX: Molecular Diagnostic Tests (MDT) A56853 and Billing and Coding: MolDX: Testing of Multiple Genes A57503</span></li>
<li><span style=""line-height: 115%;"">Regarding BCR-ABL1 testing &ndash; </span><span style=""line-height: 115%;"">Refer to Billing and Coding: MolDX: BCR-ABL A53531 for BCR-ABL1 testing</span></li>
</ul>",2025-04-14 12:10:35.913000
58998,19,4,"<p><strong><span style=""line-height: 115%;"">Immunoglobulin and T cell receptor gene rearrangement analysis</span></strong></p>",2025-04-14 12:10:35.950000
59004,20,1,"<p>This group covers NGS-based MRD tests not otherwise allocated into a separate Group below. Note: if a test is allocated into a separate Group, refer to the billing and coding instructions for the relevant Group. If no relevant CPT<sup>&reg;</sup> code exist for the test submitted, you may bill with the NOC code 81479.</p>",2025-04-25 17:04:30.763000
59004,20,2,"<p><strong>CLONOSEQ<sup>&reg;</sup></strong><br />Use CPT<sup>&reg;</sup> 81479 for claims on or after 3/16/2018</p>
<p>Use PLA 0364U to describe the service for patients with a personal history of cancer. This code has been approved for patients with a history of Mantle Cell Lymphoma.</p>",2025-04-25 17:04:30.807000
59004,20,3,"<p><strong>Single-gene and panel testing by PCR</strong></p>
<ul>
<li>Regarding single-gene and panel testing of genes &ndash; Refer to Billing and Coding: MolDX: Molecular Diagnostic Tests (MDT) A57772 and Billing and Coding: MolDX: Testing of Multiple Genes A57880</li>
<li>Regarding BCR-ABL1 testing &ndash; Refer to Billing and Coding: MolDX: BCR-ABL A55233 for BCR-ABL1 testing</li>
</ul>",2025-04-25 17:04:30.840000
59004,20,4,<p><strong>Immunoglobulin and T cell receptor gene rearrangement analysis</strong></p>,2025-04-25 17:04:30.927000
59006,4,1,,2023-11-07 12:36:50.970000
59015,3,1,<p>N/A</p>,2023-03-24 13:40:24.733000
59028,12,1,"<p><strong><span style=""line-height: 115%;"">Note: </span></strong><span style=""line-height: 115%;"">Providers are reminded to refer to the long descriptors of the CPT<sup>&reg;</sup> codes in their CPT<sup>&reg;</sup> book.</span></p>",2026-01-27 16:14:31.500000
59030,13,1,"<p><strong><span style=""line-height: 115%;"">Note: </span></strong><span style=""line-height: 115%;"">Providers are reminded to refer to the long descriptors of the codes in their CPT</span><sup><span style=""line-height: 115%;"">&#174;</span></sup><span style=""line-height: 115%;""> </span><span style=""line-height: 115%;"">book.</span></p>",2026-01-27 16:46:36.430000
59030,13,2,"<p><strong><span style=""line-height: 115%;"">Note:</span></strong><span style=""line-height: 115%;""> Providers are reminded to refer to the long descriptors of the codes in their CPT</span><sup><span style=""line-height: 115%;"">&#174;</span></sup><span style=""line-height: 115%;""> book.</span></p>",2026-01-27 16:46:36.463000
59032,7,1,<p>N/A</p>,2026-01-12 13:44:34.410000
59036,23,1,,2026-02-04 14:04:18.093000
59036,23,2,<p>The following CPT codes cannot be reported together with 99483 on the same date of service.</p>,2026-02-04 14:04:18.110000
59040,12,1,,2024-12-23 16:53:11.180000
59040,12,2,"<p><span style=""line-height: 115%;"">CPT codes 78350 and 78351 are non-covered procedures under Medicare.</span></p>",2024-12-23 16:53:11.327000
59042,13,1,"<p><span style=""line-height: 115%;"">Procedure codes may be subject to National Correct Coding Initiative (NCCI) edits or Outpatient Prospective Payment System (OPPS) packaging edits. Refer to NCCI and OPPS requirements prior to billing Medicare.</span></p>
<p><span style=""line-height: 115%;""> </span></p>
<p><span style=""line-height: 115%;"">For services requiring a referring/ordering physician, the name and National Provider Indicator (NPI) of the referring/ordering physician must be reported on the claim.</span></p>
<p><span style=""line-height: 115%;""> </span></p>
<p><span style=""line-height: 115%;"">A claim submitted without a valid ICD-10-CM diagnosis code will be returned to the provider as an incomplete claim under &sect;1833(e) of the Social Security Act.</span></p>
<p><span style=""line-height: 115%;"">All services/procedures performed on the same day for the same beneficiary by the physician/provider should be billed on the same claim.</span></p>
<p><span style=""line-height: 115%;""> </span></p>
<p><span style=""line-height: 115%;"">Billing for preparatory services/acquisition costs is covered in CMS Internet-Only Manual, Pub. 100-04, Medicare Claims Processing Manual, Chapter 3, &sect;90.3.1 Allogeneic for Stem Cell Transplantation.</span></p>",2024-08-08 18:09:07.963000
59049,16,1,<p>Note: Providers are reminded to refer to the long descriptors of the CPT codes in their CPT book.</p>,2023-11-22 12:43:44.140000
59049,16,2,"<p><strong><span style=""line-height: 107%;"">The following CPT/HCPCS codes are Non-Covered.</span></strong></p>",2023-11-22 12:43:44.153000
59051,6,1,<p>N/A</p>,2025-02-06 19:17:00.317000
59060,4,1,"<b> The following procedures, when used for sterilization to prevent reproduction, will be auto-denied due to the absence of a Medicare benefit category.</b><br><br><br>",2026-07-14 22:43:05.277000
59066,10,1,"<p>&nbsp;</p>
<p>&nbsp;</p>",2025-10-31 21:06:19.177000
59101,28,1,<p>N/A</p>,2026-07-14 22:43:01.500000
59105,36,1,"<p>Effective for dates of service 7/1/2023 HCPCS code J1576 should be used to report Injection, Immune Globulin (PANZYGA) 500 MG<span style=""line-height: 107%;""><br /><br /></span></p>",2026-07-24 15:31:36.340000
59105,36,2,<p><u>Administration Codes:</u></p>,2026-07-24 15:31:36.370000
59109,7,1,<p>N/A</p>,2023-10-03 12:37:44.650000
59121,3,1,,2023-03-22 12:01:22.837000
59123,28,1,"<p><strong>Limited coverage</strong></p>
<p><strong>Note: </strong>Providers are reminded to refer to the long descriptors of the CPT codes in their CPT book.</p>",2025-01-03 19:42:36.223000
59123,28,2,<p><strong>Non-covered</strong></p>,2025-01-03 19:42:36.253000
59125,38,1,"<p><strong>Limited coverage</strong></p>
<p><strong>Note: </strong>Providers are reminded to refer to the long descriptors of the CPT codes in their CPT book.</p>",2025-01-03 19:41:28.730000
59125,38,2,<p><strong>Non-covered</strong></p>,2025-01-03 19:41:28.797000
59126,5,1,,2024-03-05 16:37:45.677000
59126,5,2,<p>Outpatient Hospital Providers</p>,2024-03-05 16:37:45.700000
59154,13,1,,2026-03-16 18:20:07.920000
59154,13,2,"<p><span style=""line-height: 107%;"">The following CPT/HCPCS codes are non-covered.&nbsp; T</span><span style=""line-height: 107%;"">his is not an inclusive list of non-covered codes.</span></p>
<p><span style=""line-height: 107%;"">&nbsp;</span></p>",2026-03-16 18:20:07.933000
59154,13,3,<p><strong>For ASC facility and OPPS hospital outpatient department claims only:&nbsp;</strong></p>,2026-03-16 18:20:07.940000
59158,9,1,"<p><span style=""line-height: 115%;"">The following CPT/HCPCS codes are noncovered</span></p>",2024-01-02 22:06:16.540000
59160,13,1,"<p><strong><span style=""line-height: 115%;"">Note: </span></strong><span style=""line-height: 115%;"">Providers are reminded to refer to the long descriptors of the CPT<sup>&reg;</sup> codes in their CPT<sup>&reg;</sup> book.</span></p>
<p><span style=""line-height: 115%;"">Administration code 96402 should be billed with HCPCS code J1950.</span></p>",2025-08-14 18:05:46.557000
59160,13,2,"<p><strong><span style=""line-height: 115%;"">Note: </span></strong><span style=""line-height: 115%;"">Providers are reminded to refer to the long descriptors of the CPT<sup>&reg;</sup> codes in their CPT<sup>&reg;</sup> book.</span></p>
<p><span style=""line-height: 115%;"">Administration code 96402 should be billed with HCPCS codes J9217 and J1954.</span></p>",2025-08-14 18:05:46.627000
59160,13,3,"<p><strong><span style=""line-height: 115%;"">Note: </span></strong><span style=""line-height: 115%;"">Providers are reminded to refer to the long descriptors of the CPT<sup>&reg;</sup> codes in their CPT<sup>&reg;</sup> book.</span></p>
<p><span style=""line-height: 115%;"">Administration codes 11981, 11982, and 11983 may be billed with HCPCS code J9219.</span></p>",2025-08-14 18:05:46.660000
59160,13,4,"<p><strong><span style=""line-height: 115%;"">Note: </span></strong><span style=""line-height: 115%;"">Providers are reminded to refer to the long descriptors of the CPT<sup>&reg;</sup> codes in their CPT<sup>&reg;</sup> book.</span></p>
<p><span style=""line-height: 115%;"">Administration code 96402 should be billed with HCPCS code J9202.</span></p>",2025-08-14 18:05:46.680000
59160,13,5,"<p><strong><span style=""line-height: 115%;"">Note: </span></strong><span style=""line-height: 115%;"">Providers are reminded to refer to the long descriptors of the CPT<sup>&reg;</sup> codes in their CPT<sup>&reg;</sup> book.</span></p>
<p><span style=""line-height: 115%;"">Administration code 96402 should be billed with HCPCS code J3315.</span></p>",2025-08-14 18:05:46.693000
59160,13,6,"<p><strong><span style=""line-height: 115%;"">Note: </span></strong><span style=""line-height: 115%;"">Providers are reminded to refer to the long descriptors of the CPT<sup>&reg;</sup> codes in their CPT<sup>&reg;</sup> book.</span></p>
<p><span style=""line-height: 115%;"">Administration codes 11981, 11982, and 11983 may be billed with HCPCS code J9225.</span></p>",2025-08-14 18:05:46.707000
59160,13,7,"<p><strong><span style=""line-height: 115%;"">Note: </span></strong><span style=""line-height: 115%;"">Providers are reminded to refer to the long descriptors of the CPT<sup>&reg;</sup> codes in their CPT<sup>&reg;</sup> book.</span></p>
<p><span style=""line-height: 115%;"">Administration code 96402 should be billed with HCPCS code J1952.</span></p>",2025-08-14 18:05:46.723000
59163,7,1,<p>N/A</p>,2026-02-19 15:23:04.343000
59170,5,1,,2023-08-22 19:03:44.733000
59175,11,1,"<p><span style=""line-height: 115%;"">Procedure codes may be subject to National Correct Coding Initiative (NCCI) edits or OPPS packaging edits. Refer to NCCI and OPPS requirements prior to billing Medicare.</span></p>
<p><span style=""line-height: 115%;""> </span></p>
<p><span style=""line-height: 115%;"">For services requiring a referring/ordering physician, the name and NPI of the referring/ordering physician must be reported on the claim.</span></p>
<p><span style=""line-height: 115%;""> </span></p>
<p><span style=""line-height: 115%;"">A claim submitted without a valid ICD-10-CM diagnosis code will be returned to the provider as an incomplete claim under &sect;1833(e) of the Social Security Act.</span></p>
<p><span style=""line-height: 115%;"">All services/procedures performed on the same day for the same beneficiary by the physician/provider should be billed on the same claim.</span></p>
<p><span style=""line-height: 115%;""> </span></p>
<p><span style=""line-height: 115%;"">Billing for preparatory services/acquisition costs is covered in CMS Internet-Only Manual, Pub. 100-04, Medicare Claims Processing Manual, Chapter 3, &sect;90.3.1 Allogeneic for Stem Cell Transplantation.</span></p>",2026-02-23 13:14:48.300000
59179,10,1,<p>N/A</p>,2026-01-12 13:44:34.083000
59186,22,1,"<p><strong><span style=""line-height: 115%;"">Note: </span></strong><span style=""line-height: 115%;"">Providers are reminded to refer to the long descriptors of the CPT<sup>&reg;</sup> codes in their CPT<sup>&reg;</sup> book.</span></p>",2025-08-25 19:38:59.287000
59192,15,1,,2024-11-08 16:43:49.977000
59192,15,2,"<p><span style=""line-height: 115%;"">The following CPT<sup>&reg;</sup>/HCPCS codes are non-covered. This is not an inclusive list of non-covered codes.</span></p>",2024-11-08 16:43:49.997000
59192,15,3,"<p><strong><span style=""line-height: 115%; background: white;"">For ASC facility </span></strong><strong><span style=""line-height: 115%; background: white;"">and OPPS hospital outpatient department claims only:</span></strong></p>",2024-11-08 16:43:50.003000
59205,3,1,"<p><strong><span style=""line-height: 115%;"">Note: </span></strong><span style=""line-height: 115%;"">Providers are reminded to refer to the long descriptors of the CPT codes in their CPT book.</span></p>",2023-01-13 14:25:21.637000
59215,9,1,"<p><p style=""line-height: 13.95pt;"">Procedure codes may be subject to National Correct Coding Initiative (NCCI) edits or OPPS packaging edits. Refer to NCCI and OPPS requirements prior to billing Medicare.</p>
<p style=""line-height: 13.9pt;"">For services requiring a referring/ordering physician, the name and NPI of the referring/ordering physician must be reported on the claim.</p>
<p style=""line-height: 13.9pt;"">A claim submitted without a valid ICD-10-CM diagnosis code will be returned to the provider as an incomplete claim under &sect;1833(e) of the Social Security Act.</p>
<p style=""line-height: 13.9pt;"">All services/procedures performed on the same day for the same beneficiary by the physician/provider should be billed on the same claim.</p>
<p style=""line-height: 13.95pt;"">Billing for preparatory services is covered in CMS Internet-Only Manual, Pub. 100-04, Medicare Claims Processing Manual, Chapter 3, &sect;90.3.1 Allogeneic for Stem Cell Transplantation.</p></p>",2026-02-27 16:20:48.327000
59217,5,1,,2026-07-14 22:43:05.060000
59218,5,1,,2026-07-14 22:43:05.090000
59233,19,1,,2026-07-14 22:43:03.273000
59233,19,2,"<p><span style=""line-height: 107%;"">The following CPT/HCPCS codes are non-covered.&nbsp; T</span><span style=""line-height: 107%;"">his is not an inclusive list of non-covered codes</span></p>
<p><span style=""line-height: 107%;"">&nbsp;</span></p>",2026-07-14 22:43:03.273000
59233,19,3,<p><strong>For ASC facility and OPPS hospital outpatient department claims only: </strong></p>,2026-07-14 22:43:03.273000
59244,18,1,<p>N/A</p>,2026-02-23 13:14:49.750000
59244,18,2,"<p>The following CPT/HCPCS codes are non-covered. This is not an inclusive list of non-covered codes.</p>
<p><span style=""line-height: 107%;"">&nbsp;</span></p>",2026-02-23 13:14:49.750000
59244,18,3,<p><strong>For ASC facility and OPPS hospital outpatient department claims only.</strong></p>,2026-02-23 13:14:49.750000
59254,3,1,"<p>If a test for FGFR2 and/or FGFR3 is performed as part of a panel, it must be billed as part of the panel.</p>
<p>Many of these codes refer to more than 1 possible gene. As such, these codes may be mentioned in unrelated coverage articles as well.</p>",2022-09-20 12:24:34.190000
59257,11,1,,2024-12-18 15:04:20.227000
59257,11,2,<p>The following CPT/HCPCS codes are non-covered: This is not an inclusive list of non-covered codes.</p>,2024-12-18 15:04:20.263000
59257,11,3,<p><strong>For ASC facility and OPPS hospital outpatient department claims only:</strong></p>,2024-12-18 15:04:20.290000
59259,8,1,"<p>Procedure codes may be subject to National Correct Coding Initiative (NCCI) edits or OPPS packaging edits. Refer to NCCI and OPPS requirements prior to billing Medicare.</p>
<p>For services requiring a referring/ordering physician, the name and NPI of the referring/ordering physician must be reported on the claim.</p>
<p>A claim submitted without a valid ICD-10-CM diagnosis code will be returned to the provider as an incomplete claim under &sect;1833(e) of the Social Security Act.</p>
<p>All services/procedures performed on the same day for the same beneficiary by the physician/provider should be billed on the same claim.</p>
<p>Billing for preparatory services/acquisition costs is covered in CMS Internet-Only Manual, Pub. 100-04, Medicare Claims Processing Manual, Chapter 3, &sect;90.3.1 Allogeneic for Stem Cell Transplantation.</p>",2024-11-20 13:59:46.537000
59261,7,1,<p>N/A</p>,2025-09-17 17:20:52.847000
59268,27,1,<p><strong>Note:</strong> Providers are reminded to refer to the long descriptors of the CPT codes in their CPT book.</p>,2025-01-24 14:03:22.760000
59270,26,1,<p><strong>Note:</strong> Providers are reminded to refer to the long descriptors of the CPT codes in their CPT book.</p>,2025-01-24 14:03:58.993000
59295,6,1,,2025-04-16 19:11:30.807000
59299,12,1,<p>Reconstructive Breast Surgery: Removal of Breast Implants</p>,2025-12-01 15:23:20.677000
59299,12,2,<p>Reduction Mammaplasty</p>,2025-12-01 15:23:20.733000
59299,12,3,<p>Mastectomy for Gynecomastia</p>,2025-12-01 15:23:20.740000
59299,12,4,<p>Tattooing</p>,2025-12-01 15:23:20.750000
59299,12,5,<p>Punch graft</p>,2025-12-01 15:23:20.763000
59299,12,6,<p>Rhinoplasty/Nasal Reconstructive Surgery</p>,2025-12-01 15:23:20.777000
59299,12,7,<p>Chemical Peel</p>,2025-12-01 15:23:21.443000
59299,12,8,<p>Abdominal Lipectomy/Panniculectomy</p>,2025-12-01 15:23:21.977000
59299,12,9,<p>Dermal Filler and Injection</p>,2025-12-01 15:23:21.990000
59299,12,10,<p><strong>The following CPT codes/procedures are generally considered cosmetic and may be medically reviewed or denied as non covered. </strong></p>,2025-12-01 15:23:22.003000
59299,12,11,<p><strong>The following CPT codes/procedures are considered cosmetic and will be denied as non covered. </strong></p>,2025-12-01 15:23:22.013000
59311,10,1,"<p><span style=""line-height: 115%;"">Procedure codes may be subject to National Correct Coding Initiative (NCCI) edits or OPPS packaging edits. Refer to NCCI and OPPS requirements prior to billing Medicare.</span></p>
<p><span style=""line-height: 115%;""> </span></p>
<p><span style=""line-height: 115%;"">For services requiring a referring/ordering physician, the name and NPI of the referring/ordering physician must be reported on the claim.</span></p>
<p><span style=""line-height: 115%;""> </span></p>
<p><span style=""line-height: 115%;"">A claim submitted without a valid ICD-10-CM diagnosis code will be returned to the provider as an incomplete claim under &sect;1833(e) of the Social Security Act.</span></p>
<p><span style=""line-height: 115%;"">All services/procedures performed on the same day for the same beneficiary by the physician/provider should be billed on the same claim.</span></p>
<p><span style=""line-height: 115%;""> </span></p>
<p><span style=""line-height: 115%;"">Billing for preparatory services/acquisition costs is covered in CMS Internet-Only Manual, Pub. 100-04, Medicare Claims Processing Manual, Chapter 3, &sect;90.3.1 Allogeneic for Stem Cell Transplantation.</span></p>",2026-07-14 22:42:55.430000
59318,13,1,<p>N/A</p>,2026-02-19 15:11:00.350000
59318,13,2,<p>N/A</p>,2026-02-19 15:11:00.523000
59318,13,3,"<p><span style=""line-height: 107%;"">The following apply to A9552 </span><span style=""line-height: 107%; background: white;"">(FLUORODEOXYGLUCOSE F-18 FDG)</span></p>",2026-02-19 15:11:00.593000
59318,13,4,"<p><span style=""background: white;"">The following CPT/HCPCS are Non-Covered.</span></p>",2026-02-19 15:11:00.677000
59323,4,1,,2024-12-03 17:14:53.723000
59332,15,1,"<p><span style=""line-height: 115%;"">For CPT<sup>&#174;</sup> 64561, no separate code may be added for fluoroscopic imaging, as this is included in the code.</span></p>
<p><span style=""line-height: 115%;""> </span></p>
<p><span style=""line-height: 115%;"">For CPT<sup>&#174;</sup> 64581, imaging guidance is not included, so it can be separately coded.</span></p>",2026-04-17 13:36:17.577000
59332,15,2,"<p><strong>Ancillary Coding</strong></p>
<p><strong><span style=""line-height: 115%;""> </span></strong></p>
<p><strong><span style=""line-height: 115%; background: white;"">Note:</span></strong><span style=""line-height: 115%; background: white;""> The &#8220;C&#8221; codes listed below are only applicable when billed under the hospital outpatient prospective payment system (OPPS) and they should be submitted in place of code A4290.</span></p>",2026-04-17 13:36:17.597000
59350,27,1,"<p><span style=""line-height: 115%;"">Below are CPT<sup>&reg;</sup>/HCPCS codes related to Intensity Modulated Radiation Therapy (IMRT).<strong> </strong>Providers are reminded to refer to the long descriptors of the CPT<sup>&reg;</sup> codes in their CPT<sup>&reg;</sup> books<strong>.</strong></span></p>",2026-04-28 18:58:12.833000
59350,27,2,"<p><span style=""line-height: 115%;"">Below are CPT<sup>&reg;</sup>/HCPCS codes for Stereotactic Radiosurgery (SRS). Providers are reminded to refer to the long descriptors of the CPT<sup>&reg;</sup> codes in their CPT<sup>&reg;</sup> books.</span></p>",2026-04-28 18:58:12.880000
59350,27,3,"<p><span style=""line-height: 115%;"">Below are CPT<sup>&reg;</sup>/HCPCS codes for Stereotactic Body Radiation Therapy (SBRT). Providers are reminded to refer to the long descriptors of the CPT<sup>&reg;</sup> codes in their CPT<sup>&reg;</sup> books.</span></p>",2026-04-28 18:58:12.947000
59371,7,1,,2026-02-04 14:05:57.980000
59374,14,1,"<p><span style=""line-height: 107%;"">All amniotic and placental-derived products injected and/or applied for musculoskeletal indications, non-wound are considered NON-Covered, including but not limited to the codes listed below.</span></p>",2025-09-18 20:03:02.327000
59380,3,1,<p>N/A</p>,2024-06-28 13:40:37.250000
59382,4,1,"<p>81479</p>
<p>0315u</p>",2024-06-28 11:41:21.340000
59386,4,1,<p>N/A</p>,2026-01-12 13:44:34.157000
59416,14,1,<p><br /><br /><br /></p>,2026-07-30 19:17:11.080000
59423,4,1,<p>The following codes represent currently available biomarkers for chronic pain.</p>,2026-02-19 16:30:13.183000
59429,4,1,,2026-04-20 12:35:40.370000
59434,19,1,"<p>NOTE: All amniotic and placental-derived products injected and/or applied for musculoskeletal indications, non-wound are considered NON-Covered, including but not limited to the codes listed below.</p>",2025-09-16 17:56:25.690000
59449,2,1,,2023-06-01 15:03:46.590000
59462,4,1,,2024-08-01 12:59:19.253000
59466,7,1,"<p>2 Codes covered by the provisions of this Local Coverage Determination</p>
<p>(Providers are reminded to refer to the long descriptors of the CPT codes in their CPT Code Book)</p>
<p>The addition of the level of treatment should be recorded with any other modifier required on the claim line with the procedure code.</p>",2026-02-23 13:14:48.863000
59470,4,1,<p>N/A</p>,2024-06-07 12:15:47.483000
59472,4,1,,2024-08-01 13:59:00.227000
59474,4,1,<p>N/A</p>,2025-05-13 19:14:46.250000
59476,4,1,,2024-08-02 14:22:52.287000
59480,10,1,,2025-09-18 19:56:26.287000
59482,4,1,,2025-06-11 12:11:53.060000
59484,8,1,<p>This billing instruction pertains to the PrismRA test.</p>,2025-01-02 16:02:05.187000
59487,15,1,,2026-07-14 22:43:04.250000
59491,7,1,<p><strong>Note: </strong>Providers are reminded to refer to the long descriptors of the CPT codes in their CPT book.</p>,2023-07-21 14:46:30.077000
59491,7,2,,2023-07-21 14:46:30.097000
59491,7,3,,2023-07-21 14:46:30.107000
59491,7,4,,2023-07-21 14:46:30.120000
59491,7,5,,2023-07-21 14:46:30.123000
59491,7,6,,2023-07-21 14:46:30.143000
59491,7,7,,2023-07-21 14:46:30.150000
59491,7,8,,2023-07-21 14:46:30.173000
59491,7,9,"<p>For ICD-10-CM diagnosis codes, see ICD-10-CM Codes that Support Medical Necessity Group 7 and Group 8 below.</p>",2023-07-21 14:46:30.183000
59491,7,10,,2023-07-21 14:46:30.190000
59491,7,11,,2023-07-21 14:46:30.197000
59491,7,12,,2023-07-21 14:46:30.207000
59491,7,13,,2023-07-21 14:46:30.210000
59491,7,14,,2023-07-21 14:46:30.220000
59491,7,15,,2023-07-21 14:46:30.247000
59491,7,16,,2023-07-21 14:46:30.270000
59491,7,17,,2023-07-21 14:46:30.283000
59491,7,18,,2023-07-21 14:46:30.290000
59491,7,19,,2023-07-21 14:46:30.300000
59491,7,20,,2023-07-21 14:46:30.307000
59491,7,21,,2023-07-21 14:46:30.310000
59491,7,22,,2023-07-21 14:46:30.320000
59491,7,23,,2023-07-21 14:46:30.327000
59491,7,24,,2023-07-21 14:46:30.333000
59491,7,25,,2023-07-21 14:46:30.343000
59491,7,26,,2023-07-21 14:46:30.350000
59491,7,27,,2023-07-21 14:46:30.357000
59491,7,28,,2023-07-21 14:46:30.367000
59491,7,29,,2023-07-21 14:46:30.370000
59491,7,30,,2023-07-21 14:46:30.380000
59491,7,31,,2023-07-21 14:46:30.390000
59491,7,32,,2023-07-21 14:46:30.400000
59491,7,33,,2023-07-21 14:46:30.407000
59491,7,34,,2023-07-21 14:46:30.420000
59491,7,35,,2023-07-21 14:46:30.423000
59491,7,36,,2023-07-21 14:46:30.430000
59491,7,37,,2023-07-21 14:46:30.440000
59491,7,38,,2023-07-21 14:46:30.443000
59491,7,39,,2023-07-21 14:46:30.470000
59491,7,40,,2023-07-21 14:46:30.483000
59491,7,41,,2023-07-21 14:46:30.490000
59491,7,42,,2023-07-21 14:46:30.497000
59491,7,43,,2023-07-21 14:46:30.503000
59491,7,44,,2023-07-21 14:46:30.510000
59491,7,45,,2023-07-21 14:46:30.517000
59491,7,46,,2023-07-21 14:46:30.520000
59491,7,47,,2023-07-21 14:46:30.533000
59491,7,48,,2023-07-21 14:46:30.540000
59491,7,49,,2023-07-21 14:46:30.543000
59491,7,50,,2023-07-21 14:46:30.550000
59491,7,51,,2023-07-21 14:46:30.553000
59491,7,52,,2023-07-21 14:46:30.563000
59491,7,53,,2023-07-21 14:46:30.567000
59491,7,54,,2023-07-21 14:46:30.573000
59491,7,55,,2023-07-21 14:46:30.580000
59491,7,56,,2023-07-21 14:46:30.587000
59491,7,57,,2023-07-21 14:46:30.590000
59491,7,58,,2023-07-21 14:46:30.600000
59491,7,59,,2023-07-21 14:46:30.603000
59491,7,60,,2023-07-21 14:46:30.607000
59491,7,61,,2023-07-21 14:46:30.620000
59491,7,62,,2023-07-21 14:46:30.627000
59491,7,63,,2023-07-21 14:46:30.633000
59491,7,64,,2023-07-21 14:46:30.643000
59491,7,65,,2023-07-21 14:46:30.650000
59491,7,66,,2023-07-21 14:46:30.657000
59491,7,67,,2023-07-21 14:46:30.663000
59491,7,68,,2023-07-21 14:46:30.670000
59491,7,69,,2023-07-21 14:46:30.673000
59491,7,70,,2023-07-21 14:46:30.680000
59491,7,71,,2023-07-21 14:46:30.683000
59491,7,72,,2023-07-21 14:46:30.690000
59491,7,73,,2023-07-21 14:46:30.693000
59491,7,74,,2023-07-21 14:46:30.700000
59491,7,75,,2023-07-21 14:46:30.707000
59491,7,76,,2023-07-21 14:46:30.720000
59491,7,77,,2023-07-21 14:46:30.723000
59491,7,78,,2023-07-21 14:46:30.730000
59491,7,79,,2023-07-21 14:46:30.737000
59491,7,80,,2023-07-21 14:46:30.743000
59491,7,81,<p><strong>Non-Covered CPT Codes</strong></p>,2023-07-21 14:46:30.767000
59498,10,1,,2026-01-27 16:44:14.440000
59505,5,1,<p>N/A</p>,2026-01-12 13:44:34.293000
59509,5,1,<p>N/A</p>,2026-01-26 13:24:19.180000
59513,4,1,<p>N/A</p>,2026-01-12 13:44:33.630000
59521,11,1,<p>This billing instruction pertains to the PrismRA test.</p>,2026-01-12 13:44:34.243000
59529,10,1,<p>This billing instruction pertains to the PrismRA test.</p>,2025-08-01 00:24:30.923000
59536,7,1,<p>This billing instruction pertains to the PrismRA test.</p>,2025-01-23 20:22:48.870000
59549,5,1,,2026-06-18 12:54:10.293000
59551,5,1,,2026-06-18 12:47:39.077000
59553,11,1,,2026-01-22 20:10:15.827000
59560,4,1,,2026-04-16 17:52:59.977000
59561,3,1,"<p>Intravenous administration by infusion should be billed with procedure code 96365 for first hour and procedure code 96366 for each additional hour. If the administration is by IV push, use procedure code 96374.</p>",2023-09-19 20:27:06.113000
59595,4,1,,2026-07-14 22:43:00.430000
59608,32,1,,2026-04-04 15:22:20.190000
59624,19,1,,2026-03-30 15:54:26.717000
59632,23,1,,2026-07-16 15:39:29.763000
59634,10,1,,2026-04-02 13:25:16.783000
59636,34,1,"<p><span style=""line-height: 115%;"">The codes listed below fall within scope of the associated policy but do not automatically imply coverage.</span></p>",2026-07-21 12:44:17.117000
59641,35,1,"<p><span style=""line-height: 115%;"">The codes listed below fall within scope of the associated policy but do not automatically imply coverage.</span></p>",2026-07-21 12:13:50.650000
59646,19,1,"<p><span style=""line-height: 115%;"">The codes listed below fall within scope of the associated policy but do not automatically imply coverage.</span></p>",2026-07-24 12:24:46.150000
59649,30,1,<p>The codes listed below fall within scope of the associated policy but do not automatically imply coverage.</p>,2026-07-24 11:56:06.487000
59654,4,1,<p>N/A</p>,2024-05-21 14:17:38.873000
59657,9,1,"<p>Part B Providers &ndash; Use the following CPT codes to report percutaneous endovascular ventricular assist devices.</p>
<p>&nbsp;</p>",2025-09-16 14:35:04.133000
59657,9,2,<p>Part B Providers - Use the following CPT<sup>&reg;</sup> codes to report artificial heart procedures.&nbsp;</p>,2025-09-16 14:35:04.133000
59661,3,1,,2026-07-14 22:43:05.127000
59664,17,1,,2026-05-21 13:59:57.987000
59668,29,1,"<p><strong>Anterior and/or Posterior Cervical Fusions</strong></p>
<p><strong>Note: </strong>Providers are reminded to refer to the long descriptors of the CPT codes in their CPT book.<strong> </strong></p>
<p>The following <strong>Anterior and/or Posterior Spinal Deformity Fusion</strong> CPT codes will not be subject to the ICD-10-CM diagnosis code restrictions in the article: <strong>22800, 22802, 22808, 22810, and 22812.</strong></p>",2026-04-24 14:05:55.177000
59672,8,1,"<p><span style=""line-height: 115%;"">The CPT<sup>&reg;</sup> code in Group 1 is considered medically necessary when the indications for coverage are met.</span></p>",2026-01-27 16:33:59.680000
59672,8,2,"<p><span style=""line-height: 115%;"">The CPT<sup>&reg;</sup> code in Group 2 is considered not medically reasonable and necessary (non-covered).</span></p>",2026-01-27 16:33:59.703000
59674,18,1,"<p><strong>Anterior and/or Posterior Cervical Fusions</strong></p>
<p><strong>Note: </strong>Providers are reminded to refer to the long descriptors of the CPT codes in their CPT book.</p>
<p>The following <strong>Anterior and/or Posterior Cervical Fusions</strong> CPT codes will not be subject to the ICD-10-CM diagnosis code restrictions in the article: <strong>22800, 22802, 22808, 22810, and 22812.</strong></p>",2026-04-24 14:06:43.643000
59678,4,1,,2024-02-22 19:17:29.443000
59680,3,1,,2024-02-16 18:32:52.760000
59682,4,1,"<p><span style=""line-height: 115%;"">The CPT<sup>&reg;</sup> code in Group 1 is considered medically necessary when the indications for coverage are met.</span></p>",2024-12-27 21:50:19.230000
59682,4,2,"<p><span style=""line-height: 115%;"">The CPT<sup>&reg;</sup> code in Group 2 is considered not medically reasonable and necessary (non-covered).</span></p>",2024-12-27 21:50:19.260000
59685,5,1,<p>N/A</p>,2026-02-09 16:51:08.830000
59695,12,1,"<p><span style=""line-height: 115%;"">The CPT<sup>&reg;</sup> code in Group 1 is considered medically necessary when the indications for coverage are met.</span></p>",2025-12-23 11:46:35.377000
59695,12,2,"<p><span style=""line-height: 115%;"">The CPT<sup>&reg;</sup> code in Group 2 is considered not medically reasonable and necessary (non-covered).</span></p>",2025-12-23 11:46:35.387000
59698,3,1,,2024-02-22 21:28:43.397000
59700,5,1,,2026-02-20 13:36:59.800000
59707,25,1,,2026-07-15 22:27:39.033000
59707,25,2,,2026-07-15 22:27:39.033000
59713,5,1,,2024-05-20 14:00:20.543000
59713,5,2,,2024-05-20 14:00:20.593000
59714,16,1,,2026-04-02 13:24:43.430000
59714,16,2,,2026-04-02 13:24:43.820000
59716,8,1,,2026-01-05 14:14:54.800000
59718,10,1,"<p><strong><span style=""line-height: 115%;"">Primary codes: G2067-G2075</span></strong></p>
<p><span style=""line-height: 115%;""> </span></p>
<p><span style=""line-height: 115%;"">Do not report more than 1 primary code per 7-day period.</span> <span style=""line-height: 115%;"">If a patient switches from one medication to another, bill for one code describing a weekly bundled payment for that week and use the code for the medication given for most of the week.</span></p>
<p><span style=""line-height: 115%;""> </span></p>
<p><span style=""line-height: 115%;"">G2069 and G2073 may be reported only once in a 4-week period</span></p>
<p><span style=""line-height: 115%;""> </span></p>
<p><span style=""line-height: 115%;"">G2070 and G2072 may be reported only once in a 6-month period</span></p>
<p><span style=""line-height: 115%;""> </span></p>
<p><strong><span style=""line-height: 115%;"">Add on codes: G0137, G1028, G2076-G2080, G2215-2216</span></strong></p>
<p><span style=""line-height: 115%;""> </span></p>
<p><span style=""line-height: 115%;"">G2076 should be reported for intake activities of new patients and include and initial assessment as outline in the LCD. A new patient is one who has not been seen for OTP care within the last 12 months.</span></p>
<p><span style=""line-height: 115%;""> </span></p>
<p><span style=""line-height: 115%;"">G2078 and G2079 may be reported up to 3 times in a 1-month period. These are used in addition to the weekly bundled payment code. Do not bill for take-home supplies of medication for dates of service that overlap with the weekly bundled payment codes describing a medication bundle (G2067-G2073).</span></p>
<p><span style=""line-height: 115%;""> </span></p>
<p><span style=""line-height: 115%;"">G2080 may be reported only when medically reasonable and necessary counseling or therapy services largely exceed the amount listed in the patient&rsquo;s individualized treatment plan.</span></p>
<p><span style=""line-height: 115%;""> </span></p>
<p><span style=""line-height: 115%;"">G2215, G2216, and G1028 may be reported only once every 30 days unless an additional take-home supply of the medication is medically reasonable and necessary. This should be clearly documented.</span></p>
<p><span style=""line-height: 115%;""> </span></p>
<p><span style=""line-height: 115%;"">G0137 may be reported if the patient receives at least 9 intensive outpatient (IOP) services in a week</span></p>
<p><span style=""line-height: 115%;"">- Use only if the patient has a need for a minimum of 9 hours of IOP services a week</span></p>
<p><span style=""line-height: 115%;"">- Use only if the patient requires a higher level of care intensity compared to other non-intensive outpatient OTP services</span></p>",2026-01-20 13:10:48.120000
59721,6,1,,2026-01-16 14:27:39.493000
59723,10,1,"<p><span style=""line-height: 115%;"">Code 90863 is to be coded with 90832, 90834, 90837.</span></p>
<p><span style=""line-height: 115%;"">Codes 90833,90836, 90838 are to be coded with 99202-99255, 99304-99306, 99341-99350.</span></p>
<p><span style=""line-height: 115%;"">Code 90840, code first 90839.</span></p>
<p><span style=""line-height: 115%;"">90785, code first 90791-90792, 90832-90834, 90836-90838, 90853.</span></p>
<p><span style=""line-height: 115%;"">90785 excludes 97151, 97152, 97153, 97154, 97155, 97156, 97157, 97158, 0362T, 0373T, 90839,90840, 96136-96139, 96146, 96130-96133.</span></p>",2026-01-27 16:24:56.977000
59725,3,1,,2024-05-23 12:18:30.933000
59725,3,2,,2024-05-23 12:18:31.360000
59726,19,1,<p>N/A</p>,2026-04-04 15:22:57.340000
59726,19,2,,2026-04-04 15:22:57.443000
59727,4,1,<p>N/A</p>,2024-05-23 22:26:32.043000
59727,4,2,<p>N/A</p>,2024-05-23 22:26:32.100000
59728,4,1,<p>N/A</p>,2024-05-23 22:28:12.333000
59728,4,2,<p>N/A</p>,2024-05-23 22:28:12.377000
59733,10,1,,2026-07-14 22:42:58.457000
59741,4,1,,2024-05-17 17:00:44.780000
59743,5,1,,2026-02-09 16:51:08.670000
59752,4,1,,2025-09-16 14:35:04.497000
59764,16,1,"<p><strong>Note</strong>: Providers are reminded to refer to the long descriptors of the HCPCS codes in their HCPCS book.&#160;</p>
<p>Consistent with the LCD, all of the following HCPCS codes are <strong>non-covered</strong> when reported for musculoskeletal indications, non-wound.</p>",2026-01-23 14:18:48.917000
59766,29,1,"<p><strong>Note</strong>: Providers are reminded to refer to the long descriptors of the HCPCS codes in their HCPCS book.&#160;</p>
<p>Consistent with the LCD, all of the following HCPCS codes are<strong> non-covered</strong> when reported for musculoskeletal indications, non-wound.</p>",2026-01-23 14:11:37.830000
59769,9,1,,2025-12-23 12:01:46.857000
59792,3,1,,2024-05-17 17:53:38.750000
59798,2,1,,2024-05-21 12:23:03.107000
59805,20,1,"<p>The CPT<sup>&reg;</sup> codes are considered medically necessary when the indications of coverage in the Cataract Extraction L39716 Local Coverage Determination (LCD) are met for surgical cataract treatment. A reasonable and necessary standard must be met for the utilized anterior segment drainage device.</p>
<p>Note: CPT<sup>&reg;</sup> codes 66989 and 66991 cannot be billed in conjunction with 66982-66989 on the same date of service and the same eye. Claims billed with these mutually exclusive codes will be denied.</p>",2026-07-24 11:49:35.210000
59805,20,2,<p>CPT codes 66982 and 66987 must be reported with ICD-10-CM diagnosis codes from both the ICD-10-CM Diagnosis codes sections- Groups 1 and Group 2.</p>,2026-07-24 11:49:35.247000
59807,8,1,"<p><strong>Note:</strong> Providers are reminded to refer to the long descriptors of the CPT codes in their CPT book.</p>
<p>The CPT codes in Group 1 are considered medically necessary when the Indications of Coverage are met. The 90-day global periods apply.</p>
<p>Due to the laterality of eye procedures, modifiers RT, LT or 50 should be used to indicate the eye(s) being treated.</p>
<p>See L39905 Cataract Surgery LCD and related B&amp;C article for additional coverage indications and diagnoses.</p>",2026-07-27 12:14:38.967000
59807,8,2,"<p>The CPT codes in Group 2 are considered medically necessary when the Indications of Coverage are met. The 90-day global periods applies.</p>
<p>Do not report 0671T in conjunction with 66989 or 66991.</p>",2026-07-27 12:14:38.993000
59807,8,3,<p>The following CPT codes are considered not medically reasonable and necessary (non-covered).</p>,2026-07-27 12:14:39.003000
59808,2,1,,2024-05-21 16:54:12.517000
59808,2,2,,2024-05-21 16:54:12.830000
59809,10,1,,2026-04-29 15:08:31.440000
59809,10,2,,2026-04-29 15:08:31.853000
59811,5,1,<p>These procedure codes represent total knee arthroplasty and revision of total knee arthroplasty</p>,2026-01-20 20:47:46.363000
59811,5,2,<p>These procedure codes represent total hip arthroplasty and revision of total hip arthroplasty</p>,2026-01-20 20:47:46.380000
59813,6,1,,2026-01-22 18:57:23.443000
59819,18,1,<p>Single Chamber Leadless Pacemakers</p>,2025-09-16 14:35:05.117000
59819,18,2,<p>Dual Chamber Leadless Pacemakers</p>,2025-09-16 14:35:05.117000
59827,7,1,<p>N/A</p>,2025-11-10 14:25:37.883000
59835,8,1,<p>N/A</p>,2026-01-26 13:24:19.443000
59847,8,1,<p>N/A</p>,2025-09-16 12:46:06.220000
59849,8,1,<p>N/A</p>,2025-09-18 14:46:43.970000
59860,5,1,<p>N/A</p>,2025-08-22 15:36:03.817000
59862,7,1,<p>N/A</p>,2025-09-19 17:11:59.567000
59866,6,1,"<p><span style=""line-height: 115%;"">The following CPT/HCPCS codes are noncovered.</span></p>
<p><span style=""line-height: 115%;"">If using an unspecified CPT/HCPCS code, add the description of &#8220;intradiscal injection.&#8221; Both the procedure and associated drug(s) will be denied.</span></p>
<p><span style=""line-height: 115%;""> </span></p>
<p><span style=""line-height: 115%;"">Use of CPT/HCPCS 62290 for services defined in this policy will be considered incorrect coding.</span></p>",2026-05-28 13:18:08.280000
59868,8,1,<p>N/A</p>,2026-01-12 13:44:33.780000
59872,9,1,<p>N/A</p>,2026-01-26 13:24:19.120000
59878,4,1,,2025-01-24 20:11:21.263000
59880,3,1,"<p><span style=""line-height: 115%;"">The following CPT/HCPCS codes are noncovered</span></p>",2025-02-18 17:08:41.947000
59882,9,1,"<p><span style=""line-height: 115%;"">The following CPT/HCPCS codes are noncovered.</span></p>
<p>If using an unspecified CPT/HCPCS code, add the description of &#8220;intradiscal injection.&#8221; Both the procedure and associated drug(s) will be denied.</p>
<p><span style=""line-height: 115%;"">Use of CPT/HCPCS 62290 for services defined in this policy will be considered incorrect coding.</span></p>",2026-05-26 12:23:25.860000
59892,2,1,"<p><span style=""line-height: 115%;"">This billing instruction pertains to the Galleri Category B IDE test when performed and billed by GRAIL, LLC (North Carolina). Study information can be found here: <a href=""https://www.cms.gov/medicare/coverage/investigational-device-exemption-ide-studies/approved"">Approved IDE Studies | CMS</a> and <a href=""https://www.cms.gov/medicare/coverage/ide/approved-ide-studies/1923430381/g220255-nct05673018"">G220255-NCT05673018 | CMS</a>.</span></p>
<p><span style=""line-height: 115%;""> </span></p>
<p><span style=""line-height: 115%;"">Claims must contain the following information:</span></p>
<ul type=""disc"">
<li style=""line-height: normal;"">Category B IDE number</li>
<li style=""line-height: normal;"">Clinical Trial number</li>
<li style=""line-height: normal;"">CPT 81479</li>
<li style=""line-height: normal;"">The Z-Code descriptor specific to the <strong><u>Investigational Category B IDE</u></strong><u> </u>Galleri Test</li>
<li style=""line-height: normal;"">The appropriate HCPCS Modifier</li>
<li style=""line-height: normal;"">The appropriate ICD Diagnosis code</li>
</ul>
<p style=""line-height: normal;"">A beneficiary may receive up to three <u>Investigational Category B IDE</u> Galleri tests per lifetime.</p>",2024-08-16 18:25:16.300000
59898,2,1,"<p><p style=""line-height: normal;"">CPT code 81450, or 81451 Targeted Genomic Sequence Analysis Panel, hematolymphoid neoplasm or disorder, DNA analysis, and RNA analysis when performed, 5-50 genes, may be used as long as the panel contains, at a minimum, 5 or more gene tests for molecular biomarkers determined to meet Medicare coverage criteria as listed above.</p></p>",2024-09-23 12:27:59.260000
59906,6,1,<p>N/A</p>,2025-10-22 15:46:02.257000
59908,6,1,<p>N/A</p>,2025-09-17 18:40:35.987000
59915,27,1,"<p><strong><span style=""line-height: 115%;"">Note: </span></strong><span style=""line-height: 115%;"">Providers are reminded to refer to the long descriptors of the CPT codes in their CPT book.<strong> </strong></span></p>",2026-07-15 21:12:16.777000
59915,27,2,,2026-07-15 21:12:16.777000
59915,27,3,,2026-07-15 21:12:16.777000
59915,27,4,,2026-07-15 21:12:16.777000
59915,27,5,,2026-07-15 21:12:16.777000
59915,27,6,,2026-07-15 21:12:16.777000
59915,27,7,,2026-07-15 21:12:16.777000
59915,27,8,,2026-07-15 21:12:16.777000
59915,27,9,,2026-07-15 21:12:16.777000
59915,27,10,,2026-07-15 21:12:16.777000
59915,27,11,,2026-07-15 21:12:16.777000
59915,27,12,,2026-07-15 21:12:16.777000
59915,27,13,,2026-07-15 21:12:16.777000
59915,27,14,,2026-07-15 21:12:16.777000
59915,27,15,,2026-07-15 21:12:16.777000
59915,27,16,,2026-07-15 21:12:16.777000
59915,27,17,"<p><strong>Report code 81479, 0347U, 0348U, 0349U, 0350U, 0419U, or 0434U and gene test CYP2B6 in the claim narrative/remarks.</strong></p>",2026-07-15 21:12:16.777000
59915,27,18,"<p><strong>Report code 81479, 0347U, 0348U, 0349U, 0350U, or 0434U and gene test CYP4F2 in the claim narrative/remarks.</strong></p>",2026-07-15 21:12:16.777000
59915,27,19,<p><strong>Report code 81479 and gene test CACNA1S in the claim narrative/remarks.</strong></p>,2026-07-15 21:12:16.777000
59915,27,20,<p><strong>Report code 81479 and gene test BCHE in the claim narrative/remarks.</strong></p>,2026-07-15 21:12:16.777000
59915,27,21,"<p><strong>Report code 81479, 0347U, 0348U, 0349U, 0350U, or 0434U and gene test IFNL4 in the claim narrative/remarks.</strong></p>",2026-07-15 21:12:16.777000
59915,27,22,<p><strong>Report code 81479 and gene test NAT2 in the claim narrative/remarks.</strong></p>,2026-07-15 21:12:16.777000
59915,27,23,<p><strong>Report code 81479 and gene test Nonspecific (NAT) in the claim narrative/remarks.</strong></p>,2026-07-15 21:12:16.777000
59915,27,24,,2026-07-15 21:12:16.777000
59915,27,25,"<p><strong>Consistent with the LCD, the following CPT codes are Non-Covered for pharmacogenomic testing:</strong></p>",2026-07-15 21:12:16.777000
59919,5,1,<p>N/A</p>,2025-11-14 13:10:49.253000
59933,9,1,<p><strong>Note:</strong> Providers are reminded to refer to the long descriptors of the HCPCS codes in their HCPCS book.</p>,2024-10-04 15:29:35.887000
59933,9,2,<p>N/A</p>,2024-10-04 15:29:35.900000
59933,9,3,<p>N/A</p>,2024-10-04 15:29:35.907000
59933,9,4,<p>N/A</p>,2024-10-04 15:29:35.910000
59933,9,5,<p>N/A</p>,2024-10-04 15:29:35.920000
59939,5,1,,2025-11-18 17:41:35.387000
59940,5,1,<p><strong>Note:</strong> Providers are reminded to refer to the long descriptors of the HCPCS codes in their HCPCS book.</p>,2024-10-04 15:30:23.050000
59940,5,2,<p>N/A</p>,2024-10-04 15:30:23.057000
59940,5,3,<p>N/A</p>,2024-10-04 15:30:23.063000
59940,5,4,<p>N/A</p>,2024-10-04 15:30:23.070000
59940,5,5,<p>N/A</p>,2024-10-04 15:30:23.077000
59960,3,1,"<p><span style=""line-height: 115%;"">For CPT<sup>&reg;</sup> code 83880 there must be supportive documentation in the medical record to demonstrate the medical necessity of more frequent testing.</span></p>",2025-01-31 15:27:56.163000
59971,3,1,"<p><span style=""line-height: 115%;"">Below are CPT/HCPCS codes related to SCIT. Providers are reminded to refer to the long descriptors of the CPT<sup>&reg;</sup> codes in their CPT<sup>&reg;</sup> books.</span></p>",2025-09-05 14:00:09.303000
59973,7,1,"<p><span style=""line-height: 115%;"">Below are CPT/HCPCS codes related to SCIT. Providers are reminded to refer to the long descriptors of the CPT<sup>&reg;</sup> codes in their CPT<sup>&reg;</sup> books.</span></p>",2026-07-14 22:42:55.330000
59976,4,1,<p>Below are CPT/HCPCS codes related to SCIT. Providers are reminded to refer to the long descriptors of the CPT<sup>&reg;</sup> codes in their CPT<sup>&reg;</sup> books.</p>,2025-10-27 12:06:19.823000
59981,3,1,"<p><span style=""line-height: 115%;"">Below are CPT/HCPCS codes related to SCIT. Providers are reminded to refer to the long descriptors of the CPT<sup>&reg;</sup> codes in their CPT<sup>&reg;</sup> books.</span></p>",2025-09-03 10:53:52.207000
60145,6,1,,2025-07-09 12:21:59.620000
60146,6,1,,2026-07-08 13:05:46.987000
60151,6,1,<p>N/A</p>,2025-07-11 15:54:49.227000
60152,8,1,,2026-07-31 21:13:48.897000
60154,6,1,<p>N/A</p>,2025-07-11 15:55:34.817000
60155,6,1,,2026-07-31 21:16:01.980000
60160,6,1,,2025-07-10 11:35:33.713000
60161,4,1,,2026-07-08 12:55:18.040000
60176,18,1,"<p>Below are CPT<sup>&#174;</sup>/HCPCS codes related to SRT.<strong> </strong>Providers are reminded to refer to the long descriptors of the CPT<sup>&#174;</sup> codes in their CPT<sup>&#174;</sup> books.</p>
<p><strong>Per CPT 2026 guidance SRT should not be reported in conjunction with megavoltage (MeV) (77402, 77407, 77412).</strong></p>
<p><strong> To bill electronic brachytherapy treatment delivery use CPT code 77437 (e.g., electronic brachytherapy). When billing 77437 for SRT treatment delivery services covered by the LCD providers must append the KX modifier. </strong></p>
<p><strong>For SRT treatment planning and simulation aided field setting use CPT code 77436.</strong></p>
<p>CPT 77436 is not typically repeated with each treatment except when clinically indicated and documentation supports additional simulation requirements. Do not report clinical treatment planning (77261, 77262, 77263), simulation (77280, 77285, 77290, 77295), basic dosimetry calculation (77300), special dosimetry (77331), treatment devices (77332, 77333, 77334), isodose planning (77306, 77307, 77316, 77317, 77318), or radiation treatment management (77427, 77431, 77432, 77435, 77469, 77470, 77499) in conjunction with 77436 and 77437.</p>
<p>Code 77336 can only be billed when medically necessary for treatment adjustments in support of the radiation oncologist or other health care qualified professional.</p>
<p>Code 77370 is to be used when the complexity of the treatment plan is great. It is not expected that code 77370 will be reported for SRT services.</p>
<p>Use of 77370 with SRT code 77437 may lead to medical review.</p>",2026-07-14 22:43:03.663000
60176,18,2,"<p>The following CPT codes are considered not medically reasonable and necessary (non-covered).</p>
<p>Electronic brachytherapy is non-covered and must be billed without a KX modifier.</p>",2026-07-14 22:43:03.663000
60177,5,1,"<p><p style=""line-height: normal;"">Below are CPT<sup>&reg;</sup>/HCPCS codes related to SRT.<strong> </strong>Providers are reminded to refer to the long descriptors of the CPT<sup>&reg;</sup> codes in their CPT<sup>&reg;</sup> books<strong>. </strong></p>
<p style=""line-height: normal;"">CPT 77280 or 77285 are not typically repeated with each treatment except when clinically indicated and documentation supports additional simulation requirements.</p>
<p style=""line-height: normal;"">Per CCI rules CPT 77336 cannot be billed with CPT 77401. Code 77336 can only be billed when medically necessary for treatment adjustments in support of the radiation oncologist or other health care qualified professional.</p>
<p style=""line-height: normal;"">Code 77370 is to be used when the complexity of the treatment plan is great. It is not expected that code 77370 will be reported for SRT services. Use of 77370 with SRT code 77401 may lead to medical review.</p>
<p style=""line-height: normal;"">&nbsp;</p></p>",2025-05-09 11:26:41.963000
60177,5,2,"<p><p style=""line-height: normal;"">The following CPT codes are considered not medically reasonable and necessary (non-covered).</p>
<p style=""line-height: normal;"">&nbsp;</p></p>",2025-05-09 11:26:41.997000
60178,3,1,<p>N/A</p>,2025-05-06 21:48:44.980000
60179,4,1,"<p><span style=""line-height: 107%;""><span style=""line-height: 107%;"">N/A</span></span></p>",2025-05-06 21:54:09.663000
60180,4,1,"<p style=""line-height: normal;"">Below are CPT<sup>&reg;</sup>/HCPCS codes related to SRT.<strong> </strong>Providers are reminded to refer to the long descriptors of the CPT<sup>&reg;</sup> codes in their CPT<sup>&reg;</sup> books<strong>. </strong></p>
<p style=""line-height: normal;"">CPT 77280 or 77285 are not typically repeated with each treatment except when clinically indicated and documentation supports additional simulation requirements.</p>
<p style=""line-height: normal;"">Per CCI rules CPT 77336 cannot be billed with CPT 77401. Code 77336 can only be billed when medically necessary for treatment adjustments in support of the radiation oncologist or other health care qualified professional.</p>
<p style=""line-height: normal;"">Code 77370 is to be used when the complexity of the treatment plan is great. It is not expected that code 77370 will be reported for SRT services. Use of 77370 with SRT code 77401 may lead to medical review.</p>",2025-05-08 12:36:56.637000
60180,4,2,"<p style=""line-height: normal;"">The following CPT codes are considered not medically reasonable and necessary (non-covered).</p>",2025-05-08 12:36:56.667000
60181,12,1,"<p style=""line-height: normal;"">Below are CPT<sup>&#174;</sup>/HCPCS codes related to SRT.<strong> </strong>Providers are reminded to refer to the long descriptors of the CPT<sup>&#174;</sup> codes in their CPT<sup>&#174;</sup> books<strong>. </strong></p>
<p>Per CPT 2026 guidance SRT should not be reported in conjunction with megavoltage (MeV) (77402, 77407, 77412). To bill electronic brachytherapy treatment delivery use CPT code 77437 (e.g., electronic brachytherapy). When billing 77437 for SRT treatment delivery services covered by the LCD providers must append the KX modifier. For SRT treatment planning and simulation aided field setting use CPT code 77436. CPT 77436 is not typically repeated with each treatment except when clinically indicated and documentation supports additional simulation requirements. Do not report clinical treatment planning (77261, 77262, 77263), simulation (77280, 77285, 77290, 77295), basic dosimetry calculation (77300), special dosimetry (77331), treatment devices (77332, 77333, 77334), isodose planning (77306, 77307, 77316, 77317, 77318), or radiation treatment management (77427, 77431, 77432, 77435, 77469, 77470, 77499) in conjunction with 77436 and 77437.</p>
<p>Code 77336 can only be billed when medically necessary for treatment adjustments in support of the radiation oncologist or other health care qualified professional.</p>
<p>Code 77370 is to be used when the complexity of the treatment plan is great. It is not expected that code 77370 will be reported for SRT services. Use of 77370 with SRT code 77437 may lead to medical review.</p>",2026-04-06 19:39:37.667000
60181,12,2,"<p><p style=""line-height: normal;"">The following CPT codes are considered not medically reasonable and necessary (non-covered). <span style=""line-height: 115%;"">Electronic brachytherapy is non-covered and must be billed without a KX modifier. </span></p></p>",2026-04-06 19:39:37.690000
60184,3,1,"<p><p style=""line-height: normal;"">Below are CPT<sup>&reg;</sup>/HCPCS codes related to SRT.<strong> </strong>Providers are reminded to refer to the long descriptors of the CPT<sup>&reg;</sup> codes in their CPT<sup>&reg;</sup> books<strong>. </strong></p>
<p style=""line-height: normal;"">CPT 77280 or 77285 are not typically repeated with each treatment except when clinically indicated and documentation supports additional simulation requirements.</p>
<p style=""line-height: normal;"">Per CCI rules CPT 77336 cannot be billed with CPT 77401. Code 77336 can only be billed when medically necessary for treatment adjustments in support of the radiation oncologist or other health care qualified professional.</p>
<p style=""line-height: normal;"">Code 77370 is to be used when the complexity of the treatment plan is great. It is not expected that code 77370 will be reported for SRT services. Use of 77370 with SRT code 77401 may lead to medical review.</p>
<p style=""line-height: normal;"">&nbsp;</p></p>",2025-05-08 17:54:13.963000
60184,3,2,"<p><p style=""line-height: normal;"">The following CPT codes are considered not medically reasonable and necessary (non-covered).</p></p>",2025-05-08 17:54:13.987000
60185,11,1,"<p>Below are CPT<sup>&#174;</sup>/HCPCS codes related to SRT.<strong> </strong>Providers are reminded to refer to the long descriptors of the CPT<sup>&#174;</sup> codes in their CPT<sup>&#174;</sup> books<strong>.</strong></p>
<p><span style=""background: yellow;""> </span></p>
<p><strong>Per CPT 2026 guidance, SRT should not be reported in conjunction with megavoltage (MeV) (77402, 77407, 77412). </strong></p>
<p><strong> </strong></p>
<p><strong>To bill electronic brachytherapy treatment delivery use CPT code 77437 (e.g., electronic brachytherapy). When billing 77437 for SRT treatment delivery services covered by the LCD providers must append the KX modifier. </strong></p>
<p><strong> </strong></p>
<p><strong>For SRT treatment planning and simulation aided field setting use CPT code 77436. </strong></p>
<p>CPT 77436 is not typically repeated with each treatment except when clinically indicated and documentation supports additional simulation requirements. Do not report clinical treatment planning (77261, 77262, 77263), simulation (77280, 77285, 77290, 77295), basic dosimetry calculation (77300), special dosimetry (77331), treatment devices (77332, 77333, 77334), isodose planning (77306, 77307, 77316, 77317, 77318), or radiation treatment management (77427, 77431, 77432, 77435, 77469, 77470, 77499) in conjunction with 77436 and 77437.</p>
<p>Code 77336 can only be billed when medically necessary for treatment adjustments in support of the radiation oncologist or other health care qualified professional.</p>
<p>Code 77370 is to be used when the complexity of the treatment plan is great. It is not expected that code 77370 will be reported for SRT services.</p>
<p>Use of 77370 with SRT code 77437 may lead to medical review.</p>",2026-04-29 18:55:06.967000
60185,11,2,"<p>The following CPT codes are considered not medically reasonable and necessary (non-covered).</p>
<p>Electronic brachytherapy is non-covered and must be billed without a KX modifier.</p>
<p>&#160;</p>",2026-04-29 18:55:07.003000
60194,2,1,"<p><strong><span style=""line-height: 115%;"">Note: </span></strong><span style=""line-height: 115%;"">Providers are reminded to refer to the long descriptors of the CPT codes in their CPT book.<strong> </strong></span></p>",2025-05-06 15:04:53.293000
60195,4,1,"<p><strong><span style=""line-height: 115%;"">Note: </span></strong><span style=""line-height: 115%;"">Providers are reminded to refer to the long descriptors of the CPT codes in their CPT book.<strong> </strong></span></p>",2025-05-22 20:22:10.473000
60196,4,1,"<p><span style=""line-height: 16.1px; box-sizing: border-box;""><strong><span style=""color: #212529; font-family: Verdana;"">Note: </span></strong></span><span style=""text-align: left; color: #212529; text-transform: none; line-height: 16.1px; text-indent: 0px; letter-spacing: normal; font-family: Verdana, 'Helvetica Neue', Helvetica, Arial, sans-serif; font-size: 14px; font-style: normal; font-weight: 400; word-spacing: 0px; white-space: normal; box-sizing: border-box; orphans: 2; widows: 2; background-color: #ffffff; font-variant-ligatures: normal; -webkit-text-stroke-width: 0px; font-variant-caps: normal; text-decoration-style: initial; text-decoration-color: initial;"">Providers are reminded to refer to the long descriptors of the CPT codes in their CPT book.</span></p>",2025-05-22 20:22:41.950000
60204,7,1,<p>N/A</p>,2025-08-18 13:50:43.813000
60205,4,1,<p>N/A</p>,2026-06-19 12:57:31.997000
60210,3,1,"<p><p style=""line-height: normal;"">Below are CPT<sup>&reg;</sup>/HCPCS codes related to SRT.<strong> </strong>Providers are reminded to refer to the long descriptors of the CPT<sup>&reg;</sup> codes in their CPT<sup>&reg;</sup> books.</p>
<p style=""line-height: normal;""><span style=""line-height: 107%;"">CPT 77280 or 77285 are not typically repeated with each treatment except when clinically indicated and documentation supports additional simulation requirements.</span></p>
<p style=""line-height: normal;"">Per CCI rules, CPT 77336 cannot be billed with CPT 77401. Code 77336 can only be billed when medically necessary for treatment adjustments in support of the radiation oncologist or other health care qualified professional.</p>
<p style=""line-height: normal;"">Code 77370 is to be used when the complexity of the treatment plan is great. It is not expected that code 77370 will be reported for SRT services. Use of 77370 with SRT code 77401 may lead to medical review.</p></p>",2025-05-08 20:58:52.557000
60210,3,2,"<p><span style=""line-height: 107%;"">The following CPT codes are considered not medically reasonable and necessary (non-covered).</span></p>",2025-05-08 20:58:52.587000
60211,10,1,"<p><p style=""line-height: normal;"">Below are CPT<sup>&#174;</sup>/HCPCS codes related to SRT.<strong> </strong>Providers are reminded to refer to the long descriptors of the CPT<sup>&#174;</sup> codes in their CPT<sup>&#174;</sup> books.</p>
<p style=""line-height: normal;""><strong>Per CPT</strong><sup>&#174;</sup><strong> 2026 guidance, SRT should not be reported in conjunction with megavoltage (MeV) (77402, 77407, 77412).</strong></p>
<p style=""line-height: normal;""><strong>To bill electronic brachytherapy (EBT) treatment delivery use CPT</strong><sup>&#174;</sup><strong> code 77437 (e.g., electronic brachytherapy). When billing 77437 for SRT treatment delivery services covered by the LCD providers must append the KX modifier.</strong></p>
<p style=""line-height: normal;""><strong>For SRT treatment planning and simulation aided field setting use CPT</strong><sup>&#174;</sup><strong> code 77436.</strong></p>
<p style=""line-height: normal;"">CPT<sup>&#174;</sup> 77436 is not typically repeated with each treatment except when clinically indicated and documentation supports additional simulation requirements. Do not report clinical treatment planning (77261, 77262, 77263), simulation (77280, 77285, 77290, 77295), basic dosimetry calculation (77300), special dosimetry (77331), treatment devices (77332, 77333, 77334), isodose planning (77306, 77307, 77316, 77317, 77318), or radiation treatment management (77427, 77431, 77432, 77435, 77469, 77470, 77499) in conjunction with 77436 and 77437.</p>
<p style=""line-height: normal;"">CPT<sup>&#174; </sup>Code 77336 can only be billed when medically necessary for treatment adjustments in support of the radiation oncologist or other health care qualified professional.</p>
<p style=""line-height: normal;"">CPT<sup>&#174; </sup>Code 77370 is to be used when the complexity of the treatment plan is great. It is not expected that CPT<sup>&#174; </sup>code 77370 will be reported for SRT services.</p>
<p style=""line-height: normal;"">Use of 77370 with SRT code 77437 may lead to medical review.</p></p>",2026-04-06 16:14:57.413000
60211,10,2,"<p><span style=""line-height: 107%;"">The following CPT<sup>&#174;</sup> codes are considered not medically reasonable and necessary (non-covered).</span></p>
<p style=""line-height: normal;"">Electronic brachytherapy (EBT) is non-covered and must be billed without a KX modifier.</p>",2026-04-06 16:14:57.437000
60212,2,1,"<p>Below are CPT<sup>&reg;</sup>/HCPCS codes related to SRT. Providers are reminded to refer to the long descriptors of the CPT<sup>&reg;</sup> codes in their CPT<sup>&reg;</sup> books.</p>
<p>CPT 77280 or 77285 are not typically repeated with each treatment except when clinically indicated and documentation supports additional simulation requirements.</p>
<p>Per CCI rules CPT 77336 cannot be billed with CPT 77401. Code 77336 can only be billed when medically necessary for treatment adjustments in support of the radiation oncologist or other health care qualified professional.</p>
<p>Code 77370 is to be used when the complexity of the treatment plan is great. It is not expected that code 77370 will be reported for SRT services. Use of 77370 with SRT code 77401 may lead to medical review</p>",2025-05-07 16:57:58.640000
60212,2,2,<p>The following CPT codes are considered not medically reasonable and necessary (non-covered).</p>,2025-05-07 16:57:58.677000
60213,13,1,"<p>Below are CPT<sup>&#174;</sup>/HCPCS codes related to SRT.<strong> </strong>Providers are reminded to refer to the long descriptors of the CPT<sup>&#174;</sup> codes in their CPT<sup>&#174;</sup> books.</p>
<p><strong>Per CPT 2026 guidance SRT should not be reported in conjunction with megavoltage (MeV) (77402, 77407, 77412).</strong></p>
<p><strong> To bill electronic brachytherapy treatment delivery use CPT code 77437 (e.g., electronic brachytherapy). When billing 77437 for SRT treatment delivery services covered by the LCD providers must append the KX modifier. </strong></p>
<p><strong>For SRT treatment planning and simulation aided field setting use CPT code 77436.</strong></p>
<p>CPT 77436 is not typically repeated with each treatment except when clinically indicated and documentation supports additional simulation requirements. Do not report clinical treatment planning (77261, 77262, 77263), simulation (77280, 77285, 77290, 77295), basic dosimetry calculation (77300), special dosimetry (77331), treatment devices (77332, 77333, 77334), isodose planning (77306, 77307, 77316, 77317, 77318), or radiation treatment management (77427, 77431, 77432, 77435, 77469, 77470, 77499) in conjunction with 77436 and 77437.</p>
<p>Code 77336 can only be billed when medically necessary for treatment adjustments in support of the radiation oncologist or other health care qualified professional.</p>
<p>Code 77370 is to be used when the complexity of the treatment plan is great. It is not expected that code 77370 will be reported for SRT services.</p>
<p>Use of 77370 with SRT code 77437 may lead to medical review.</p>",2026-04-10 11:53:59.107000
60213,13,2,"<p>The following CPT codes are considered not medically reasonable and necessary (non-covered).</p>
<p>Electronic brachytherapy is non-covered and must be billed without a KX modifier.</p>",2026-04-10 11:53:59.123000
60214,4,1,<p>N/A</p>,2025-08-21 18:29:10.367000
60215,4,1,<p>N/A</p>,2026-06-19 12:14:49.303000
60216,4,1,<p>N/A</p>,2025-08-22 14:21:17.993000
60217,4,1,<p>N/A</p>,2026-06-19 13:17:56.970000
60221,3,1,"<p><span style=""line-height: 115%;"">The following CPT<sup>&reg;</sup>/HCPCS codes are noncovered:</span></p>",2025-09-19 13:10:02.340000
60222,4,1,"<p><span style=""line-height: 115%;"">47384 - </span><span style=""line-height: 115%;"">The use of this code will require the addition of a -KX modifier to demonstrate that the metastic colon cancer to the liver cannot be safely resected or ablated with margins due to proximity to central bile ducts or other structures that cannot be protected.</span></p>
<p><strong><span style=""line-height: 115%;""> </span></strong></p>
<p><span style=""line-height: 115%;"">55877 - The use of this code will require the addition of a -KX modifier to demonstrate that the prostate cancer is Grade Group 2, favorable intermediate risk prostate cancer.</span></p>",2026-05-14 12:45:24.257000
60222,4,2,"<p><span style=""line-height: 115%;"">The following CPT<sup>&#174;</sup>/HCPCS codes are noncovered:</span></p>",2026-05-14 12:45:24.307000
60234,3,1,,2025-07-17 14:52:46.043000
60235,3,1,<p>N/A</p>,2025-08-18 14:00:07.670000
60238,3,1,<p>N/A</p>,2025-08-22 13:39:42.137000
60240,3,1,<p>N/A</p>,2025-08-21 18:28:20.747000
60244,2,1,<p>The following CPT codes are not covered:</p>,2025-09-18 15:32:47.067000
60245,3,1,<p>The following CPT codes are not covered:</p>,2025-11-24 14:22:09.690000
60246,3,1,,2025-09-19 13:11:24.437000
60246,3,2,,2025-09-19 13:11:24.483000
60247,6,1,,2026-04-10 14:16:03.157000
60247,6,2,,2026-04-10 14:16:03.313000
60249,5,1,<p>These procedure codes represent total knee arthroplasty and revision of total knee arthroplasty</p>,2025-09-18 15:33:55.673000
60249,5,2,<p>These procedure codes represent total hip arthroplasty and revision of total hip arthroplasty</p>,2025-09-18 15:33:55.690000
60249,5,3,"<p><p style=""line-height: normal;"">Non-coverage</p></p>",2025-09-18 15:33:55.713000
60250,8,1,"<p><span style=""line-height: 115%;"">Total Knee Arthroplasty</span></p>",2026-03-26 12:01:44.270000
60250,8,2,"<p><span style=""line-height: 115%;"">Total Hip Arthroplasty</span></p>",2026-03-26 12:01:44.300000
60250,8,3,"<p><p style=""line-height: normal;"">Non-coverage</p></p>",2026-03-26 12:01:44.323000
60255,5,1,<p>N/A</p>,2025-08-18 13:55:44.840000
60271,2,1,<p>N/A</p>,2025-08-22 14:02:20.330000
60273,2,1,,2025-07-11 19:17:48.160000
60274,4,1,,2026-07-20 18:27:39.043000
60275,2,1,<p>Below are CPT/HCPCS codes related to subcutaneous immunotherapy (SCIT). Providers are reminded to refer to the long descriptors of the CPT<sup>&reg;</sup> codes in their CPT<sup>&reg;</sup> books.</p>,2025-07-18 11:41:50.417000
60276,3,1,<p>Below are CPT/HCPCS codes related to SCIT. Providers are reminded to refer to the long descriptors of the CPT<sup>&#174;</sup> codes in their CPT<sup>&#174;</sup> books.</p>,2025-09-03 17:34:46.740000
60278,6,1,,2025-09-19 13:32:09.690000
60279,4,1,,2026-04-29 14:04:44.180000
60285,4,1,"<p><span style=""line-height: 115%;"">N/A</span></p>",2025-09-19 13:10:55.657000
60286,6,1,,2026-05-08 13:56:30.850000
60291,2,1,,2025-09-17 13:34:10.867000
60292,4,1,,2026-05-08 13:05:57.273000
60293,3,1,<p>N/A</p>,2025-08-21 18:27:03.183000
60295,3,1,,2025-09-17 13:30:49.117000
60295,3,2,,2025-09-17 13:30:49.127000
60295,3,3,,2025-09-17 13:30:49.140000
60295,3,4,"<p><p style=""line-height: normal;"">CPT codes 62281, 65505, 64418, 64430, 64450, 64505, 64510, *64999, 64624, 64632, 64640, 0440T, 0441T and 0442T are <strong>non-covered</strong> for pain management.</p>
<p style=""line-height: normal;"">64999 is to be used to report injections of anesthetic and/or steroids for the facial and phrenic nerves and cervical plexus. This code replaces the deleted codes 64402, 64410 and 64413.</p></p>",2025-09-17 13:30:49.157000
60297,3,1,,2025-09-19 13:12:09.003000
60297,3,2,,2025-09-19 13:12:09.013000
60297,3,3,,2025-09-19 13:12:09.030000
60297,3,4,"<p><p style=""line-height: normal;"">CPT&reg; codes 62281, 65505, 64418, 64430, 64450, 64505, 64510, *64999, 64624, 64632, 64640, 0440T, 0441T and 0442T are <strong>non-covered</strong> for pain management.</p>
<p style=""line-height: normal;"">64999 is to be used to report injections of anesthetic and/or steroids for the facial and phrenic nerves and cervical plexus. This code replaces the deleted codes 64402, 64410 and 64413.</p></p>",2025-09-19 13:12:09.040000
60299,3,1,,2025-09-16 18:35:54.573000
60299,3,2,,2025-09-16 18:35:54.607000
60299,3,3,,2025-09-16 18:35:54.657000
60299,3,4,"<p style=""line-height: normal;"">CPT codes 62281, 65505, 64418, 64430, 64450, 64505, 64510, *64999, 64624, 64632, 64640, 0440T, 0441T and 0442T are <strong>non-covered</strong> for pain management.</p>
<p style=""line-height: normal;"">64999 is to be used to report injections of anesthetic and/or steroids for the facial and phrenic nerves and cervical plexus. This code replaces the deleted codes 64402, 64410 and 64413.</p>",2025-09-16 18:35:54.687000
60301,3,1,,2025-09-18 14:45:05.603000
60301,3,2,,2025-09-18 14:45:05.617000
60301,3,3,,2025-09-18 14:45:05.633000
60301,3,4,"<p><p style=""line-height: normal;"">CPT codes 62281, 65505, 64418, 64430, 64450, 64505, 64510, *64999, 64624, 64632, 64640, 0440T, 0441T and 0442T are <strong>non-covered</strong> for pain management.</p>
<p style=""line-height: normal;"">64999 is to be used to report injections of anesthetic and/or steroids for the facial and phrenic nerves and cervical plexus. This code replaces the deleted codes 64402, 64410 and 64413.</p></p>",2025-09-18 14:45:05.643000
60304,3,1,"<p><strong>INJECTION OF TENDON SHEATHS, LIGAMENTS, BURSA AND GANGLION CYSTS</strong></p>",2025-09-18 15:45:10.283000
60304,3,2,"<p><p style=""line-height: normal;""><strong>Dry Needling</strong></p>
<p style=""line-height: normal;"">For dates of service on or after 01/01/2020, dry needling should be reported using CPT codes 20560 or 20561. Effective January 21, 2020, Medicare will cover all types of acupuncture including dry needling for chronic low back pain within specific guidelines in accordance with NCD 30.3.3.</p></p>",2025-09-18 15:45:10.307000
60305,2,1,<p>N/A</p>,2025-08-19 14:40:00.070000
60306,3,1,<p>N/A</p>,2026-06-18 15:27:16.220000
60307,3,1,<p>N/A</p>,2025-09-15 16:48:05.363000
60309,3,1,<p>N/A</p>,2025-09-15 17:12:37.330000
60314,5,1,<p><strong>Note:</strong> Providers are reminded to refer to the long descriptors of the CPT codes in their CPT book.</p>,2025-09-05 17:38:49.070000
60315,4,1,"<p><br /><strong>Arterial Duplex Studies of the Upper and/or Lower Extremities, Limited or Complete</strong></p>
<p><strong>Note:</strong> Providers are reminded to refer to the long descriptors of the CPT codes in their CPT book.</p>",2026-03-27 16:53:30.670000
60317,4,1,<p><strong>Note:</strong> Providers are reminded to refer to the long descriptors of the CPT codes in their CPT book.</p>,2025-09-05 17:42:48.610000
60318,5,1,"<p><br /><strong>Arterial Duplex Studies of the Upper and/or Lower Extremities, Limited or Complete</strong></p>
<p><strong>Note:</strong> Providers are reminded to refer to the long descriptors of the CPT codes in their CPT book.</p>",2026-03-27 16:54:22.617000
60321,2,1,<p>N/A</p>,2025-09-16 17:46:47.893000
60321,2,2,<p>N/A</p>,2025-09-16 17:46:47.907000
60321,2,3,<p>N/A</p>,2025-09-16 17:46:47.920000
60321,2,4,"<p>CPT codes 62281, 65505, 64418, 64430, 64450, 64505, 64510, *64999, 64624, 64632, 64640, 0440T, 0441T and 0442T are <strong>non-covered</strong> for pain management.</p>
<p>64999 is to be used to report injections of anesthetic and/or steroids for the facial and phrenic nerves and cervical plexus. This code replaces the deleted codes 64402, 64410 and 64413.</p>",2025-09-16 17:46:47.930000
60323,3,1,"<p><strong><span style=""line-height: 115%;"">Note: </span></strong><span style=""line-height: 115%;"">Providers are reminded to refer to the long descriptors of the CPT codes in their CPT book.</span></p>",2026-01-08 13:42:51.013000
60324,3,1,"<p><strong><span style=""line-height: 115%;"">Note: </span></strong><span style=""line-height: 115%;"">Providers are reminded to refer to the long descriptors of the CPT codes in their CPT book.</span></p>",2026-07-16 16:40:38.417000
60325,2,1,,2025-09-18 18:47:23.933000
60333,12,1,<p><strong>Note</strong>: Providers are reminded to refer to the long descriptors of the CPT codes in their CPT book.</p>,2026-02-13 17:53:58.310000
60333,12,2,"<p><strong>Note: </strong>Providers are reminded to refer to the long descriptors of the CPT/HCPCS codes in their CPT/HCPCS book.</p>
<p>In accordance with the LCD, the following HCPCS codes will be <span style=""text-decoration: underline;""><strong>denied</strong></span> when billed with CPT codes <strong>20552</strong> and <strong>20553</strong>:</p>",2026-02-13 17:53:58.393000
60340,11,1,<p><strong>Note</strong>: Providers are reminded to refer to the long descriptors of the CPT codes in their CPT book.</p>,2026-02-13 17:54:53.917000
60340,11,2,"<p><strong>Note: </strong>Providers are reminded to refer to the long descriptors of the CPT/HCPCS codes in their CPT/HCPCS book.</p>
<p>In accordance with the LCD, the following HCPCS codes will be <span style=""text-decoration: underline;""><strong>denied</strong></span> when billed with CPT codes <strong>20552</strong> and <strong>20553</strong>:</p>",2026-02-13 17:54:53.930000
60360,4,1,,2026-01-09 13:29:32.123000
60360,4,2,<p>The following CPT code is considered non-covered.</p>,2026-01-09 13:29:32.177000
60361,7,1,<p>N/A</p>,2026-08-05 19:02:09.610000
60361,7,2,<p>The following CPT code is considered non-covered.</p>,2026-08-05 19:02:09.670000
60363,4,1,,2026-01-26 17:04:03.953000
60363,4,2,<p>The following CPT code is considered non-covered.</p>,2026-01-26 17:04:04.120000
60374,4,1,,2026-01-09 14:50:40.023000
60374,4,2,<p>The following CPT<sup>&#174;</sup> code is considered non-covered.</p>,2026-01-09 14:50:40.077000
60375,5,1,,2026-08-06 16:15:06.080000
60375,5,2,<p>The following CPT<sup>&#174;</sup> code is considered non-covered.</p>,2026-08-06 16:15:06.187000
60376,3,1,,2026-01-08 15:31:18.543000
60376,3,2,<p>The following CPT code is considered non-covered.</p>,2026-01-08 15:31:18.603000
60377,5,1,<p>N/A</p>,2026-08-06 19:12:06.410000
60377,5,2,<p>The following CPT code is considered non-covered.</p>,2026-08-06 19:12:06.487000
60380,5,1,"<p><strong><span style=""line-height: 115%;"">For anemia in patients with ESRD (dialysis requiring)</span></strong></p>",2026-01-08 19:38:15.027000
60380,5,2,"<p><strong><span style=""line-height: 115%;"">For anemia in patients with CKD (non-dialysis requiring)</span></strong></p>",2026-01-08 19:38:15.200000
60380,5,3,"<p><strong><span style=""line-height: 115%;"">For anemia in patients with antineoplastic chemotherapy-induced anemia </span></strong></p>",2026-01-08 19:38:15.420000
60380,5,4,"<p><strong><span style=""line-height: 115%;"">For anemia in patients on Zidovudine for HIV disease</span></strong></p>",2026-01-08 19:38:15.610000
60380,5,5,"<p><strong><span style=""line-height: 115%;"">For symptomatic anemia associated with MDS</span></strong></p>",2026-01-08 19:38:15.723000
60380,5,6,"<p><strong><span style=""line-height: 115%;"">For prophylactic allogeneic transfusion reduction intent in presurgical anemia</span></strong></p>",2026-01-08 19:38:15.870000
60380,5,7,"<p><strong><span style=""line-height: 115%;"">Non-Covered CPT/HCPCS Codes</span></strong></p>",2026-01-08 19:38:16
60381,3,1,"<p><strong><span style=""line-height: 115%;"">For anemia in patients with ESRD (dialysis requiring)</span></strong></p>",2026-07-16 16:40:37.757000
60381,3,2,"<p><strong><span style=""line-height: 115%;"">For anemia in patients with CKD (non-dialysis requiring)</span></strong></p>",2026-07-16 16:40:37.757000
60381,3,3,"<p><strong><span style=""line-height: 115%;"">For anemia in patients with antineoplastic chemotherapy-induced anemia </span></strong></p>",2026-07-16 16:40:37.757000
60381,3,4,"<p><strong><span style=""line-height: 115%;"">For anemia in patients on Zidovudine for HIV disease</span></strong></p>",2026-07-16 16:40:37.757000
60381,3,5,"<p><strong><span style=""line-height: 115%;"">For symptomatic anemia associated with MDS</span></strong></p>",2026-07-16 16:40:37.757000
60381,3,6,"<p><strong><span style=""line-height: 115%;"">For prophylactic allogeneic transfusion reduction intent in presurgical anemia</span></strong></p>",2026-07-16 16:40:37.757000
60381,3,7,"<p><strong><span style=""line-height: 115%;"">Non-Covered CPT/HCPCS Codes</span></strong></p>",2026-07-16 16:40:37.757000
60390,3,1,<p>N/A</p>,2026-01-22 17:54:23.210000
60390,3,2,<p>The following CPT code is considered non-covered.</p>,2026-01-22 17:54:23.263000
60391,4,1,<p>N/A</p>,2026-08-06 15:10:18.693000
60391,4,2,<p>The following CPT code is considered non-covered.</p>,2026-08-06 15:10:18.800000
60393,2,1,<p>N/A</p>,2026-01-22 19:04:57.237000
60397,5,1,<p>The following CPT codes are not covered:</p>,2026-01-16 23:44:17.237000
60407,4,1,"<p style=""line-height: 11.65pt;""><strong>Note: </strong>Providers are reminded to refer to the long descriptors of the CPT codes in their CPT book.</p>
<p>The CPT codes in Group 1 are considered medically necessary when the Indications of Coverage are met.</p>",2026-05-13 18:27:50.517000
60409,2,1,"<p style=""line-height: normal;""><strong><u>Tier 1 Covered Codes</u></strong></p>
<p style=""line-height: normal;"">Limited coverage may be provided for the genetic tests, submitted under the following CPT codes:</p>
<p style=""line-height: normal;"">Please refer to the Indications and Limitations of Coverage section (L35000)&#160;and the ICD-10-CM diagnosis to CPT procedure groupings below.</p>
<p>&#160;</p>",2026-03-27 12:42:31.287000
60409,2,2,"<p><p style=""line-height: normal;""><strong><u>Tier 1 Individual Review Codes</u></strong></p>
<p style=""line-height: normal;"">Coverage may be provided for the genetic tests submitted under the following Tier 1 CPT codes, if documentation supports medical necessity:</p>
<p style=""line-height: normal;"">Please refer to the Indications and Limitations of Coverage section (L35000)&nbsp;and the ICD-10-CM diagnosis to CPT procedure groupings below. Not all procedure codes have related diagnosis codes listed.</p>
<p style=""line-height: normal;"">&nbsp;</p></p>",2026-03-27 12:42:31.523000
60409,2,3,"<p style=""line-height: normal;""><strong><u>Tier 1 Non-covered Codes</u></strong></p>
<p><span style=""line-height: 107%;"">Genetic testing procedures submitted under the following CPT codes are unlikely to impact therapeutic decision-making in the clinical management of the patient and will be denied automatically as not medically necessary: </span></p>",2026-03-27 12:42:31.657000
60409,2,4,"<p style=""line-height: normal;""><strong><u>Tier 2 CPT and NOC Codes</u></strong></p>
<p style=""line-height: normal;"">Refer to indications and Limitations of Coverage section (L35000).</p>
<p style=""line-height: normal;""><strong><u>Tier 2/NOC Covered Code/Gene Combinations</u></strong></p>
<p style=""line-height: normal;"">Limited coverage may be provided for specific genes reported below:</p>
<p style=""line-height: normal;""><strong>81400</strong> ACE, F13B, F5, F7, FGB</p>
<p style=""line-height: normal;""><strong>81401</strong> CBFB-MYH11, E2A/PBX1, EML4-ALK, ETV6-RUNX1, EWSR1/ERG, EWSR1/FLI1, EWSR1/WT1, F11coagulation factor XI, FIP1L1-PDGFR, FOXO1/PAX3, FOXO1/PAX7, MUTYH (mutY homolog [E.coli]), NPM/ALK, PAX8/PPARG, RUNX1/RUNX1T1</p>
<p style=""line-height: normal;""><strong>81403</strong> F8 (coagulation factor VIII), VHL (von Hippel-Lindau tumor suppressor)</p>
<p style=""line-height: normal;""><strong>81404</strong> CDKN2A (cyclin-dependent kinase inhibitor 2A), PRSS1 (protease, serine, 1 [trypsin 1]), MEN1 (multiple endocrine neoplasia 1) (eg, multiple endocrine neoplasia type 1, Wermer syndrome), duplication/deletion, TP53 (tumor protein 53) (e.g. tumor samples), targeted sequence analysis of 2-5 exons, VHL (von Hippel-Lindau tumor suppressor)</p>
<p style=""line-height: normal;""><strong>81405</strong> TP53 (tumor protein 53) (e.g. Li-Fraumeni syndrome, tumor samples), full gene sequence or targeted sequence analysis of &gt;5 exons,</p>
<p style=""line-height: normal;""><strong>81406</strong> ATP7B (ATPase, Cu++ transporting, beta polypeptide)</p>
<p style=""line-height: normal;""><strong><u>Tier 2/NOC Individual Review Code/Gene Combinations</u></strong></p>
<p style=""line-height: normal;"">Any genetic test reported with a Tier 2 CPT code, not listed above or below, is subject to individual review.</p>
<p style=""line-height: normal;""><strong><u>Tier 2/NOC Non-covered Code/Gene Combinations</u></strong></p>
<p style=""line-height: normal;"">The following individual Tier 2 genetic tests are unlikely to impact therapeutic decision-making, directly impact treatment, outcome and/or clinical management in the care of the beneficiary and will be denied as not medically necessary (Please note that this list of non-covered genes is not exhaustive, and the fact that a specific gene is not mentioned does not mean it is covered. In addition, many genes have several names that are used. The most common names have been used in this article):</p>
<p style=""line-height: normal;""><strong>81400 </strong>ABCC8, ACADM, AGTR1, CCR5, CLRN1, DYT1 (TOR1A), FGFR3, IL28B, IVD, TOR1A</p>
<p style=""line-height: normal;""><strong>81401</strong> ADRB2, ATN1, CFH/ARMS2, DEK/NUP214, FGFR3, GALT (galactose-1-phosphate uridylyltransferase), H19, KCNQ10T1 (KCNQ1 overlapping transcript 1), MEG3/DLK1, MLL/AFF, MT-ATP6, MT-ND4, MT-ND6, MT-ND5 mitochondrially encoded tRNA leucine 1 [UUA/G] mitochondrially encoded NADH dehydrogenase 5), MT-RNR1 (mitochondrially encoded 12S RNA), MT-TK (mitochondrially encoded tRNA lysine), MT-TL1, MT-TS1, PRSS1 (protease, serine, 1 [trypsin 1])</p>
<p style=""line-height: normal;""><strong>81402</strong> CYP21A2, Chromosome 18q-, MEFV (Mediterranean fever) (eg, familial Mediterranean fever), TRD 81402 Uniparental disomy (UPD)</p>
<p style=""line-height: normal;""><strong>81403</strong> ANG (angiogenin, ribonuclease, RNase A family, 5), FGFR3 (fibroblast growth factor receptor 3) one exon, GJB1 (gap junction protein, beta 1) (eg, Charcot-Marie-Tooth X-linked), full gene sequence, HRAS (v-Ha-ras Harvey rat sarcoma viral oncogene homolog Costello syndrome), MT-RNR1 (mitochondrially encoded 12S RNA), MT-TS1 (mitochondrially encoded tRNA serine 1)</p>
<p style=""line-height: normal;""><strong>81404</strong> ACADS (acyl-CoA dehydrogenase), AQP2 (aquaporin 2 [collecting duct]), ARX (aristaless related homeobox), BTD (biotinidase), CAV3 (caveolin 3) (eg, CAV3-related distal myopathy, limb-girdle muscular dystrophy type 1C), full gene sequence, CLRN1 (clarin 1), CYP1B1 (cytochrome P450, family 1, subfamily B, polypeptide 1), EGR2 (early growth response 2) (eg, Charcot-Marie-Tooth), FGFR2 (fibroblast growth factor receptor 2) (2 EXONS), FGFR3 (fibroblast growth factor receptor 3) (4 EXONS), FKRP (Fukutin related protein), FOXG1 (forkhead box G1), FSHMD1A (facioscapulohumeral muscular dystrophy 1A), FSHMD1A (facioscapulohumeral muscular dystrophy 1A), HNF1B (HNF1 homeobox B), HRAS (v-Ha-ras Harvey rat sarcoma viral oncogene homolog), KCNJ10 (potassium inwardly-rectifying channel, subfamily J, member 10), SLC25A4 (solute carrier family 25 [mitochondrial carrier; adenine nucleotide translocation], VWF (von Willebrand factor)</p>
<p style=""line-height: normal;""><strong>81405</strong> CASR (CAR, EIG8, extracellular calcium-sensing receptor, FHH, FIH, GPRC2A, HHC, HHC1, NSHPT, PCAR1), CYP21A2 (cytochrome P450, family 21, subfamily A, polypeptide2), MPZ (myelin protein zero)</p>
<p style=""line-height: normal;""><strong>81406</strong> ACADVL (acyl-CoA dehydrogenase, very long chain), CBS (cystathionine-beta-synthase), CDKL5 (cyclin-dependent kinase-like 5) DLAT (dihydrolipoamide S-acetyltransferase), DLD (dihydrolipoamide dehydrogenase), F8 (coagulation factor VIII), GALT (galactose-1-phosphate uridylyltransferase), HADHA (hydroxyacyl-CoA dehydrogenase/3-ketoacyl-CoA thiolase/enoyl-CoA hydratase [trifunctional protein] alpha subunit), HEXA (hexosaminidase A, alpha polypeptide), LMNA (lamin A/C), MUTYH (mutY homolog [E. coli]), NF2 (neurofibromin 2 [merlin]), NSD1 (nuclear receptor binding SET domain protein 1), PAH (phenylalanine hydroxylase), PAX2 (paired box 2), PDHA1 (pyruvate dehydrogenase [lipoamide] alpha1), POLG (polymerase [DNA directed], gamma), PRKAG2 (protein kinase, AMP-activated, gamma 2 non-catalytic subunit), PTPN11 (protein tyrosine phosphatase, non-receptor type 11), RET (ret-proto-oncogene) (eg, Hirschsprung disease), full gene sequence, SLC9A6 (solute carrier family 9 [sodium/hydrogen exchanger] member 6), SOS1 (son of sevenless homolog 1), TAZ (tafazzin), TSC1 (tuberous sclerosis 1), TSC2 (tuberous sclerosis 2), UBE3A (ubiquitin protein ligase)</p>
<p style=""line-height: normal;""><strong>81407</strong> Level 8 Molecular Pathology Procedures, F8 (coagulation factor VIII)</p>
<p style=""line-height: normal;""><strong>81408</strong> Level 9 Molecular Pathology Procedures</p>
<p style=""line-height: normal;""><strong>81479</strong> PIK3C, PI3Ks, PI(3)Ks, PI-3Ks, AKT1, MEK1, VEGFR2 (CD309, FLK1, VEGFR), LPA intron 25 genotype, KIF6, SPG4, C9orf72, MLH1, AIRE (APSI), SDA2, HAX1 (HAX1_HUMAN, HCLS1- associated protein X-1, HCLSBP1, HS1-associating protein X-1, HS1 binding protein, HS1-binding protein 1, HS1BP1, HSP1BP-1)</p>
<p><strong>Note:</strong> When a panel with greater than one or less than five genes is ordered, use the corresponding existing panel CPT code or CPT code 81479 if none exists.</p>",2026-03-27 12:42:33.300000
60409,2,5,"<p><p style=""line-height: normal;"">The following PLA codes in Group 5 below are unlikely to impact therapeutic decision-making in the clinical management of the patient and will be denied automatically as not medically necessary:</p></p>",2026-03-27 12:42:33.333000
60410,6,1,"<p style=""line-height: 11.65pt;""><strong>Note: </strong>Providers are reminded to refer to the long descriptors of the CPT codes in their CPT book.</p>
<p>The CPT codes in Group 1 are considered medically necessary when the Indications of Coverage are met.</p>",2026-05-14 12:42:23.860000
60418,3,1,"<p><strong>Note: </strong>Providers are reminded to refer to the long descriptors of the CPT codes in their CPT book.</p>
<p>The CPT codes in Group 1 are considered medically necessary when the Indications of Coverage are met.</p>",2026-05-14 11:53:39.623000
60420,5,1,"<p style=""line-height: 11.65pt;""><strong>Note: </strong>Providers are reminded to refer to the long descriptors of the CPT codes in their CPT book.</p>
<p>The CPT codes in Group 1 are considered medically necessary when the Indications of Coverage are met.</p>",2026-05-14 12:48:21.713000
60422,3,1,<p>N/A</p>,2026-04-16 11:46:34.993000
60422,3,2,,2026-04-16 11:46:35.103000
60423,12,1,"<p>Covered Urine-based Biomarkers</p>
<p><strong>Note: </strong>Providers are reminded to refer to the long descriptors of the HCPCS codes in their HCPCS book.<strong> </strong></p>",2026-05-08 16:15:01.123000
60423,12,2,"<p>The following codes are <span style=""text-decoration: underline;"">non-covered</span>:</p>
<p><strong>Note: </strong>Providers are reminded to refer to the long descriptors of the CPT/HCPCS codes in their CPT/HCPCS book.<strong> </strong></p>",2026-05-08 16:15:01.133000
60425,4,1,"<p>Covered Urine-based Biomarkers</p>
<p><strong>Note: </strong>Providers are reminded to refer to the long descriptors of the HCPCS codes in their HCPCS book.<strong> </strong></p>",2026-05-08 16:16:01.383000
60425,4,2,"<p>The following codes are <span style=""text-decoration: underline;"">non-covered</span>:</p>
<p><strong>Note: </strong>Providers are reminded to refer to the long descriptors of the CPT/HCPCS codes in their CPT/HCPCS book.<strong> </strong></p>",2026-05-08 16:16:01.393000
60432,4,1,"<p style=""line-height: 11.65pt;""><strong>Note: </strong>Providers are reminded to refer to the long descriptors of the CPT codes in their CPT book.</p>
<p>The CPT codes in Group 1 are considered medically necessary when the Indications of Coverage are met.</p>",2026-05-14 20:00:12.137000
60435,3,1,"<p><span style=""display: inline !important; float: none; background-color: #ffffff; color: #000000; font-family: Verdana,Arial,Helvetica,sans-serif; font-size: 14px; font-style: normal; font-variant: normal; font-weight: 400; letter-spacing: normal; orphans: 2; text-align: left; text-decoration: none; text-indent: 0px; text-transform: none; -webkit-text-stroke-width: 0px; white-space: normal; word-spacing: 0px;"">Note: Effective February 23, 2013, Omontys &reg; (J0890) has been recalled by the FDA and will no longer be covered by CGS. More information regarding this recall is available on the FDA website.</span></p>",2026-05-12 00:12:23.547000
60462,3,1,,2026-06-26 12:56:59.623000
60507,2,1,,2026-07-24 20:50:48.063000
